#Text=Der Vergewaltiger habe zu diesem Zeitpunk't bedingt durch Verletzungen an den Hoden , entkräftet am Boden gelegen .
1-1	0-3	Der	_	_	
1-2	4-17	Vergewaltiger	_	_	
1-3	18-22	habe	_	_	
1-4	23-25	zu	_	_	
1-5	26-32	diesem	_	_	
1-6	33-43	Zeitpunk't	_	_	
1-7	44-51	bedingt	_	_	
1-8	52-57	durch	_	_	
1-9	58-70	Verletzungen	_	_	
1-10	71-73	an	_	_	
1-11	74-77	den	_	_	
1-12	78-83	Hoden	_	_	
1-13	84-85	,	_	_	
1-14	86-96	entkräftet	_	_	
1-15	97-99	am	*->1-1	literal[1]	
1-16	100-105	Boden	*->1-2	*[1]	
1-17	106-113	gelegen	*->1-3	*[1]	
1-18	114-115	.	_	_	

#Text=Der Italiener Paolo klammert sich , nackt am Boden liegend , an eine Amphore .
3-1	1116-1119	Der	_	_	
3-2	1120-1129	Italiener	_	_	
3-3	1130-1135	Paolo	_	_	
3-4	1136-1144	klammert	_	_	
3-5	1145-1149	sich	_	_	
3-6	1150-1151	,	_	_	
3-7	1152-1157	nackt	_	_	
3-8	1158-1160	am	*->2-1	literal[2]	
3-9	1161-1166	Boden	*->2-2	*[2]	
3-10	1167-1174	liegend	*->2-3	*[2]	
3-11	1175-1176	,	_	_	
3-12	1177-1179	an	_	_	
3-13	1180-1184	eine	_	_	
3-14	1185-1192	Amphore	_	_	
3-15	1193-1194	.	_	_	

#Text=Die Kartoffeln fallen ihm aus der Hand , rollen in den Raum , stoßen an am Boden liegende , ineinander verknäulte oder in einen Stuhl eingesperrte Gestalten an : Vincents Umgebung .
5-1	2608-2611	Die	_	_	
5-2	2612-2622	Kartoffeln	_	_	
5-3	2623-2629	fallen	_	_	
5-4	2630-2633	ihm	_	_	
5-5	2634-2637	aus	_	_	
5-6	2638-2641	der	_	_	
5-7	2642-2646	Hand	_	_	
5-8	2647-2648	,	_	_	
5-9	2649-2655	rollen	_	_	
5-10	2656-2658	in	_	_	
5-11	2659-2662	den	_	_	
5-12	2663-2667	Raum	_	_	
5-13	2668-2669	,	_	_	
5-14	2670-2676	stoßen	_	_	
5-15	2677-2679	an	_	_	
5-16	2680-2682	am	*->3-1	literal[3]	
5-17	2683-2688	Boden	*->3-2	*[3]	
5-18	2689-2697	liegende	*->3-3	*[3]	
5-19	2698-2699	,	_	_	
5-20	2700-2710	ineinander	_	_	
5-21	2711-2721	verknäulte	_	_	
5-22	2722-2726	oder	_	_	
5-23	2727-2729	in	_	_	
5-24	2730-2735	einen	_	_	
5-25	2736-2741	Stuhl	_	_	
5-26	2742-2754	eingesperrte	_	_	
5-27	2755-2764	Gestalten	_	_	
5-28	2765-2767	an	_	_	
5-29	2768-2769	:	_	_	
5-30	2770-2778	Vincents	_	_	
5-31	2779-2787	Umgebung	_	_	
5-32	2788-2789	.	_	_	

#Text=Wer wie ich gesehen hat , wie eine Frau , die schon minutenlang regungslos am Boden lag , von mehreren Zivilen abwechselnd in den Bauch getreten wurde , wer gesehen hat , wie Einige zwanzig , dreißig Meter an den Haaren übers Pflaster geschleift wurden , für den war Staatsfeindlichkeit von nun an keine Frage der politischen Gesinnung mehr , sondern schlicht eine Frage der Moral .
7-1	3865-3868	Wer	_	_	
7-2	3869-3872	wie	_	_	
7-3	3873-3876	ich	_	_	
7-4	3877-3884	gesehen	_	_	
7-5	3885-3888	hat	_	_	
7-6	3889-3890	,	_	_	
7-7	3891-3894	wie	_	_	
7-8	3895-3899	eine	_	_	
7-9	3900-3904	Frau	_	_	
7-10	3905-3906	,	_	_	
7-11	3907-3910	die	_	_	
7-12	3911-3916	schon	_	_	
7-13	3917-3928	minutenlang	_	_	
7-14	3929-3939	regungslos	_	_	
7-15	3940-3942	am	*->4-1	literal[4]	
7-16	3943-3948	Boden	*->4-2	*[4]	
7-17	3949-3952	lag	*->4-3	*[4]	
7-18	3953-3954	,	_	_	
7-19	3955-3958	von	_	_	
7-20	3959-3967	mehreren	_	_	
7-21	3968-3975	Zivilen	_	_	
7-22	3976-3987	abwechselnd	_	_	
7-23	3988-3990	in	_	_	
7-24	3991-3994	den	_	_	
7-25	3995-4000	Bauch	_	_	
7-26	4001-4009	getreten	_	_	
7-27	4010-4015	wurde	_	_	
7-28	4016-4017	,	_	_	
7-29	4018-4021	wer	_	_	
7-30	4022-4029	gesehen	_	_	
7-31	4030-4033	hat	_	_	
7-32	4034-4035	,	_	_	
7-33	4036-4039	wie	_	_	
7-34	4040-4046	Einige	_	_	
7-35	4047-4054	zwanzig	_	_	
7-36	4055-4056	,	_	_	
7-37	4057-4064	dreißig	_	_	
7-38	4065-4070	Meter	_	_	
7-39	4071-4073	an	_	_	
7-40	4074-4077	den	_	_	
7-41	4078-4084	Haaren	_	_	
7-42	4085-4090	übers	_	_	
7-43	4091-4099	Pflaster	_	_	
7-44	4100-4110	geschleift	_	_	
7-45	4111-4117	wurden	_	_	
7-46	4118-4119	,	_	_	
7-47	4120-4123	für	_	_	
7-48	4124-4127	den	_	_	
7-49	4128-4131	war	_	_	
7-50	4132-4151	Staatsfeindlichkeit	_	_	
7-51	4152-4155	von	_	_	
7-52	4156-4159	nun	_	_	
7-53	4160-4162	an	_	_	
7-54	4163-4168	keine	_	_	
7-55	4169-4174	Frage	_	_	
7-56	4175-4178	der	_	_	
7-57	4179-4190	politischen	_	_	
7-58	4191-4200	Gesinnung	_	_	
7-59	4201-4205	mehr	_	_	
7-60	4206-4207	,	_	_	
7-61	4208-4215	sondern	_	_	
7-62	4216-4224	schlicht	_	_	
7-63	4225-4229	eine	_	_	
7-64	4230-4235	Frage	_	_	
7-65	4236-4239	der	_	_	
7-66	4240-4245	Moral	_	_	
7-67	4246-4247	.	_	_	

#Text=Der Ball ging an Freund und Feind vorbei , prallte an den rechten Außenpfosten , sprang zurück an den Kopf des am Boden liegenden Butragueno und landete schließlich im Tor .
9-1	4901-4904	Der	_	_	
9-2	4905-4909	Ball	_	_	
9-3	4910-4914	ging	_	_	
9-4	4915-4917	an	_	_	
9-5	4918-4924	Freund	_	_	
9-6	4925-4928	und	_	_	
9-7	4929-4934	Feind	_	_	
9-8	4935-4941	vorbei	_	_	
9-9	4942-4943	,	_	_	
9-10	4944-4951	prallte	_	_	
9-11	4952-4954	an	_	_	
9-12	4955-4958	den	_	_	
9-13	4959-4966	rechten	_	_	
9-14	4967-4979	Außenpfosten	_	_	
9-15	4980-4981	,	_	_	
9-16	4982-4988	sprang	_	_	
9-17	4989-4995	zurück	_	_	
9-18	4996-4998	an	_	_	
9-19	4999-5002	den	_	_	
9-20	5003-5007	Kopf	_	_	
9-21	5008-5011	des	_	_	
9-22	5012-5014	am	*->5-1	literal[5]	
9-23	5015-5020	Boden	*->5-2	*[5]	
9-24	5021-5030	liegenden	*->5-3	*[5]	
9-25	5031-5041	Butragueno	_	_	
9-26	5042-5045	und	_	_	
9-27	5046-5053	landete	_	_	
9-28	5054-5065	schließlich	_	_	
9-29	5066-5068	im	_	_	
9-30	5069-5072	Tor	_	_	
9-31	5073-5074	.	_	_	

#Text=Aus unserer Sicht liegt der Tisch , an dem man dort droben Karten spielt , am Boden , sub specie aeternitatis aber steht er .
11-1	5527-5530	Aus	_	_	
11-2	5531-5538	unserer	_	_	
11-3	5539-5544	Sicht	_	_	
11-4	5545-5550	liegt	*->6-1	literal[6]	
11-5	5551-5554	der	_	_	
11-6	5555-5560	Tisch	_	_	
11-7	5561-5562	,	_	_	
11-8	5563-5565	an	_	_	
11-9	5566-5569	dem	_	_	
11-10	5570-5573	man	_	_	
11-11	5574-5578	dort	_	_	
11-12	5579-5585	droben	_	_	
11-13	5586-5592	Karten	_	_	
11-14	5593-5599	spielt	_	_	
11-15	5600-5601	,	_	_	
11-16	5602-5604	am	*->6-2	*[6]	
11-17	5605-5610	Boden	*->6-3	*[6]	
11-18	5611-5612	,	_	_	
11-19	5613-5616	sub	_	_	
11-20	5617-5623	specie	_	_	
11-21	5624-5636	aeternitatis	_	_	
11-22	5637-5641	aber	_	_	
11-23	5642-5647	steht	_	_	
11-24	5648-5650	er	_	_	
11-25	5651-5652	.	_	_	

#Text=Mit blutender Wunde lag er am Boden , das Publikum schloß messerscharf : Wenn der was aus der Kurve an den Kopf gekriegt hat , gibt 's einen Kölner Protest auf Spielannullierung .
13-1	6114-6117	Mit	_	_	
13-2	6118-6127	blutender	_	_	
13-3	6128-6133	Wunde	_	_	
13-4	6134-6137	lag	*->7-1	literal[7]	
13-5	6138-6140	er	_	_	
13-6	6141-6143	am	*->7-2	*[7]	
13-7	6144-6149	Boden	*->7-3	*[7]	
13-8	6150-6151	,	_	_	
13-9	6152-6155	das	_	_	
13-10	6156-6164	Publikum	_	_	
13-11	6165-6171	schloß	_	_	
13-12	6172-6184	messerscharf	_	_	
13-13	6185-6186	:	_	_	
13-14	6187-6191	Wenn	_	_	
13-15	6192-6195	der	_	_	
13-16	6196-6199	was	_	_	
13-17	6200-6203	aus	_	_	
13-18	6204-6207	der	_	_	
13-19	6208-6213	Kurve	_	_	
13-20	6214-6216	an	_	_	
13-21	6217-6220	den	_	_	
13-22	6221-6225	Kopf	_	_	
13-23	6226-6234	gekriegt	_	_	
13-24	6235-6238	hat	_	_	
13-25	6239-6240	,	_	_	
13-26	6241-6245	gibt	_	_	
13-27	6246-6248	's	_	_	
13-28	6249-6254	einen	_	_	
13-29	6255-6261	Kölner	_	_	
13-30	6262-6269	Protest	_	_	
13-31	6270-6273	auf	_	_	
13-32	6274-6291	Spielannullierung	_	_	
13-33	6292-6293	.	_	_	

#Text=Das Land liegt wirtschaftlich am Boden , an allen Arten von Medikamenten herrscht Mangel , darunter auch an Verhütungsmitteln , die ausschließlich auf dem Schwarzmarkt zu erstehen sind .
15-1	7062-7065	Das	_	_	
15-2	7066-7070	Land	_	_	
15-3	7071-7076	liegt	*->8-1	non-literal-mwe[8]	
15-4	7077-7091	wirtschaftlich	_	_	
15-5	7092-7094	am	*->8-2	*[8]	
15-6	7095-7100	Boden	*->8-3	*[8]	
15-7	7101-7102	,	_	_	
15-8	7103-7105	an	_	_	
15-9	7106-7111	allen	_	_	
15-10	7112-7117	Arten	_	_	
15-11	7118-7121	von	_	_	
15-12	7122-7134	Medikamenten	_	_	
15-13	7135-7143	herrscht	_	_	
15-14	7144-7150	Mangel	_	_	
15-15	7151-7152	,	_	_	
15-16	7153-7161	darunter	_	_	
15-17	7162-7166	auch	_	_	
15-18	7167-7169	an	_	_	
15-19	7170-7187	Verhütungsmitteln	_	_	
15-20	7188-7189	,	_	_	
15-21	7190-7193	die	_	_	
15-22	7194-7208	ausschließlich	_	_	
15-23	7209-7212	auf	_	_	
15-24	7213-7216	dem	_	_	
15-25	7217-7229	Schwarzmarkt	_	_	
15-26	7230-7232	zu	_	_	
15-27	7233-7241	erstehen	_	_	
15-28	7242-7246	sind	_	_	
15-29	7247-7248	.	_	_	

#Text=Die Brandflaschen zerschellten an der Außenwand und entzündeten am Boden liegendes Gerümpel .
17-1	8740-8743	Die	_	_	
17-2	8744-8757	Brandflaschen	_	_	
17-3	8758-8770	zerschellten	_	_	
17-4	8771-8773	an	_	_	
17-5	8774-8777	der	_	_	
17-6	8778-8787	Außenwand	_	_	
17-7	8788-8791	und	_	_	
17-8	8792-8803	entzündeten	_	_	
17-9	8804-8806	am	*->9-1	literal[9]	
17-10	8807-8812	Boden	*->9-2	*[9]	
17-11	8813-8822	liegendes	*->9-3	*[9]	
17-12	8823-8831	Gerümpel	_	_	
17-13	8832-8833	.	_	_	

#Text=Als er ausstieg - die Fahrerin mit aufgeschlagenen Knien und verdrehtem Lenker am Boden liegend - , sagte er zu ihr : » Tja , an Fahrradfahrer müssen wir uns eben erst gewöhnen .
19-1	9190-9193	Als	_	_	
19-2	9194-9196	er	_	_	
19-3	9197-9205	ausstieg	_	_	
19-4	9206-9207	-	_	_	
19-5	9208-9211	die	_	_	
19-6	9212-9220	Fahrerin	_	_	
19-7	9221-9224	mit	_	_	
19-8	9225-9240	aufgeschlagenen	_	_	
19-9	9241-9246	Knien	_	_	
19-10	9247-9250	und	_	_	
19-11	9251-9261	verdrehtem	_	_	
19-12	9262-9268	Lenker	_	_	
19-13	9269-9271	am	*->10-1	literal[10]	
19-14	9272-9277	Boden	*->10-2	*[10]	
19-15	9278-9285	liegend	*->10-3	*[10]	
19-16	9286-9287	-	_	_	
19-17	9288-9289	,	_	_	
19-18	9290-9295	sagte	_	_	
19-19	9296-9298	er	_	_	
19-20	9299-9301	zu	_	_	
19-21	9302-9305	ihr	_	_	
19-22	9306-9307	:	_	_	
19-23	9308-9309	»	_	_	
19-24	9310-9313	Tja	_	_	
19-25	9314-9315	,	_	_	
19-26	9316-9318	an	_	_	
19-27	9319-9332	Fahrradfahrer	_	_	
19-28	9333-9339	müssen	_	_	
19-29	9340-9343	wir	_	_	
19-30	9344-9347	uns	_	_	
19-31	9348-9352	eben	_	_	
19-32	9353-9357	erst	_	_	
19-33	9358-9366	gewöhnen	_	_	
19-34	9367-9368	.	_	_	

#Text=Die Soldaten trieben die verschreckten Anwohner aus ihren Häusern und ließen sie im Gänsemarsch an einem Jeep vorbeidefilieren , neben dem drei mit Handschellen gefesselte Männer am Boden lagen , die von ihren Bewachern mit Kolbenhieben und Fußtritten mißhandelt wurden .
21-1	10821-10824	Die	_	_	
21-2	10825-10833	Soldaten	_	_	
21-3	10834-10841	trieben	_	_	
21-4	10842-10845	die	_	_	
21-5	10846-10859	verschreckten	_	_	
21-6	10860-10868	Anwohner	_	_	
21-7	10869-10872	aus	_	_	
21-8	10873-10878	ihren	_	_	
21-9	10879-10886	Häusern	_	_	
21-10	10887-10890	und	_	_	
21-11	10891-10897	ließen	_	_	
21-12	10898-10901	sie	_	_	
21-13	10902-10904	im	_	_	
21-14	10905-10916	Gänsemarsch	_	_	
21-15	10917-10919	an	_	_	
21-16	10920-10925	einem	_	_	
21-17	10926-10930	Jeep	_	_	
21-18	10931-10947	vorbeidefilieren	_	_	
21-19	10948-10949	,	_	_	
21-20	10950-10955	neben	_	_	
21-21	10956-10959	dem	_	_	
21-22	10960-10964	drei	_	_	
21-23	10965-10968	mit	_	_	
21-24	10969-10981	Handschellen	_	_	
21-25	10982-10992	gefesselte	_	_	
21-26	10993-10999	Männer	_	_	
21-27	11000-11002	am	*->11-1	literal[11]	
21-28	11003-11008	Boden	*->11-2	*[11]	
21-29	11009-11014	lagen	*->11-3	*[11]	
21-30	11015-11016	,	_	_	
21-31	11017-11020	die	_	_	
21-32	11021-11024	von	_	_	
21-33	11025-11030	ihren	_	_	
21-34	11031-11040	Bewachern	_	_	
21-35	11041-11044	mit	_	_	
21-36	11045-11057	Kolbenhieben	_	_	
21-37	11058-11061	und	_	_	
21-38	11062-11072	Fußtritten	_	_	
21-39	11073-11083	mißhandelt	_	_	
21-40	11084-11090	wurden	_	_	
21-41	11091-11092	.	_	_	

#Text=In der immer heftiger werdenden Kritik an der SED-PDS schwingt auch ein ganzes Stück Überraschung darüber mit , daß die für die desolate Lage der DDR verantwortliche Partei nicht moralisch und organisatorisch zerstört am Boden liegt .
23-1	14192-14194	In	_	_	
23-2	14195-14198	der	_	_	
23-3	14199-14204	immer	_	_	
23-4	14205-14213	heftiger	_	_	
23-5	14214-14223	werdenden	_	_	
23-6	14224-14230	Kritik	_	_	
23-7	14231-14233	an	_	_	
23-8	14234-14237	der	_	_	
23-9	14238-14245	SED-PDS	_	_	
23-10	14246-14254	schwingt	_	_	
23-11	14255-14259	auch	_	_	
23-12	14260-14263	ein	_	_	
23-13	14264-14270	ganzes	_	_	
23-14	14271-14276	Stück	_	_	
23-15	14277-14289	Überraschung	_	_	
23-16	14290-14297	darüber	_	_	
23-17	14298-14301	mit	_	_	
23-18	14302-14303	,	_	_	
23-19	14304-14307	daß	_	_	
23-20	14308-14311	die	_	_	
23-21	14312-14315	für	_	_	
23-22	14316-14319	die	_	_	
23-23	14320-14328	desolate	_	_	
23-24	14329-14333	Lage	_	_	
23-25	14334-14337	der	_	_	
23-26	14338-14341	DDR	_	_	
23-27	14342-14357	verantwortliche	_	_	
23-28	14358-14364	Partei	_	_	
23-29	14365-14370	nicht	_	_	
23-30	14371-14380	moralisch	_	_	
23-31	14381-14384	und	_	_	
23-32	14385-14400	organisatorisch	_	_	
23-33	14401-14409	zerstört	_	_	
23-34	14410-14412	am	*->12-1	non-literal-mwe[12]	
23-35	14413-14418	Boden	*->12-2	*[12]	
23-36	14419-14424	liegt	*->12-3	*[12]	
23-37	14425-14426	.	_	_	

#Text=Die seit den Ereignissen in der Mainzer Straße offensichtlich völlig enthemmten Beamten traten dabei noch am Boden liegende Personen - darunter mehrere Frauen - in den Unterleib und schleiften sie an den Haaren aus dem Saal .
25-1	14943-14946	Die	_	_	
25-2	14947-14951	seit	_	_	
25-3	14952-14955	den	_	_	
25-4	14956-14967	Ereignissen	_	_	
25-5	14968-14970	in	_	_	
25-6	14971-14974	der	_	_	
25-7	14975-14982	Mainzer	_	_	
25-8	14983-14989	Straße	_	_	
25-9	14990-15004	offensichtlich	_	_	
25-10	15005-15011	völlig	_	_	
25-11	15012-15022	enthemmten	_	_	
25-12	15023-15030	Beamten	_	_	
25-13	15031-15037	traten	_	_	
25-14	15038-15043	dabei	_	_	
25-15	15044-15048	noch	_	_	
25-16	15049-15051	am	*->13-1	literal[13]	
25-17	15052-15057	Boden	*->13-2	*[13]	
25-18	15058-15066	liegende	*->13-3	*[13]	
25-19	15067-15075	Personen	_	_	
25-20	15076-15077	-	_	_	
25-21	15078-15086	darunter	_	_	
25-22	15087-15094	mehrere	_	_	
25-23	15095-15101	Frauen	_	_	
25-24	15102-15103	-	_	_	
25-25	15104-15106	in	_	_	
25-26	15107-15110	den	_	_	
25-27	15111-15120	Unterleib	_	_	
25-28	15121-15124	und	_	_	
25-29	15125-15135	schleiften	_	_	
25-30	15136-15139	sie	_	_	
25-31	15140-15142	an	_	_	
25-32	15143-15146	den	_	_	
25-33	15147-15153	Haaren	_	_	
25-34	15154-15157	aus	_	_	
25-35	15158-15161	dem	_	_	
25-36	15162-15166	Saal	_	_	
25-37	15167-15168	.	_	_	

#Text=Nach dem Schußwaffeneinsatz lagen blutende Menschen an Boden , der 18jährige Mike Polley wurde tödlich ins Herz getroffen .
27-1	15878-15882	Nach	_	_	
27-2	15883-15886	dem	_	_	
27-3	15887-15905	Schußwaffeneinsatz	_	_	
27-4	15906-15911	lagen	*->14-1	literal[14]	
27-5	15912-15920	blutende	_	_	
27-6	15921-15929	Menschen	_	_	
27-7	15930-15932	an	*->14-2	*[14]	
27-8	15933-15938	Boden	*->14-3	*[14]	
27-9	15939-15940	,	_	_	
27-10	15941-15944	der	_	_	
27-11	15945-15954	18jährige	_	_	
27-12	15955-15959	Mike	_	_	
27-13	15960-15966	Polley	_	_	
27-14	15967-15972	wurde	_	_	
27-15	15973-15980	tödlich	_	_	
27-16	15981-15984	ins	_	_	
27-17	15985-15989	Herz	_	_	
27-18	15990-15999	getroffen	_	_	
27-19	16000-16001	.	_	_	

#Text=Er liegt am Boden , sie hat nur das blaue Leibchen mit den Leopardensprenkeln an ... " ) und sind - trotz der suggestiven Beschwörung erotischer Intensitätskurven - sterbenslangweilig .
29-1	16830-16832	Er	_	_	
29-2	16833-16838	liegt	*->15-1	literal[15]	
29-3	16839-16841	am	*->15-2	*[15]	
29-4	16842-16847	Boden	*->15-3	*[15]	
29-5	16848-16849	,	_	_	
29-6	16850-16853	sie	_	_	
29-7	16854-16857	hat	_	_	
29-8	16858-16861	nur	_	_	
29-9	16862-16865	das	_	_	
29-10	16866-16871	blaue	_	_	
29-11	16872-16880	Leibchen	_	_	
29-12	16881-16884	mit	_	_	
29-13	16885-16888	den	_	_	
29-14	16889-16907	Leopardensprenkeln	_	_	
29-15	16908-16910	an	_	_	
29-16	16911-16914	...	_	_	
29-17	16915-16916	"	_	_	
29-18	16917-16918	)	_	_	
29-19	16919-16922	und	_	_	
29-20	16923-16927	sind	_	_	
29-21	16928-16929	-	_	_	
29-22	16930-16935	trotz	_	_	
29-23	16936-16939	der	_	_	
29-24	16940-16951	suggestiven	_	_	
29-25	16952-16963	Beschwörung	_	_	
29-26	16964-16974	erotischer	_	_	
29-27	16975-16992	Intensitätskurven	_	_	
29-28	16993-16994	-	_	_	
29-29	16995-17013	sterbenslangweilig	_	_	
29-30	17014-17015	.	_	_	

#Text=Minute fiel das kurioseste Tor : Als Torwart Kristinsson die Situation schon bereinigt hatte , schoß Sveinsson den am Boden liegenden Witeczek so unglücklich an , daß der Ball ins Tor prallte .
31-1	17522-17528	Minute	_	_	
31-2	17529-17533	fiel	_	_	
31-3	17534-17537	das	_	_	
31-4	17538-17548	kurioseste	_	_	
31-5	17549-17552	Tor	_	_	
31-6	17553-17554	:	_	_	
31-7	17555-17558	Als	_	_	
31-8	17559-17566	Torwart	_	_	
31-9	17567-17578	Kristinsson	_	_	
31-10	17579-17582	die	_	_	
31-11	17583-17592	Situation	_	_	
31-12	17593-17598	schon	_	_	
31-13	17599-17608	bereinigt	_	_	
31-14	17609-17614	hatte	_	_	
31-15	17615-17616	,	_	_	
31-16	17617-17622	schoß	_	_	
31-17	17623-17632	Sveinsson	_	_	
31-18	17633-17636	den	_	_	
31-19	17637-17639	am	*->16-1	literal[16]	
31-20	17640-17645	Boden	*->16-2	*[16]	
31-21	17646-17655	liegenden	*->16-3	*[16]	
31-22	17656-17664	Witeczek	_	_	
31-23	17665-17667	so	_	_	
31-24	17668-17679	unglücklich	_	_	
31-25	17680-17682	an	_	_	
31-26	17683-17684	,	_	_	
31-27	17685-17688	daß	_	_	
31-28	17689-17692	der	_	_	
31-29	17693-17697	Ball	_	_	
31-30	17698-17701	ins	_	_	
31-31	17702-17705	Tor	_	_	
31-32	17706-17713	prallte	_	_	
31-33	17714-17715	.	_	_	

#Text=An die » Produktionsfirmen im Westen « wandte sich der Puschkiner Bürgermeister mit der Bitte , der am Boden liegenden » sowjetischen Wirtschaft « unter die Arme zu greifen .
33-1	18624-18626	An	_	_	
33-2	18627-18630	die	_	_	
33-3	18631-18632	»	_	_	
33-4	18633-18650	Produktionsfirmen	_	_	
33-5	18651-18653	im	_	_	
33-6	18654-18660	Westen	_	_	
33-7	18661-18662	«	_	_	
33-8	18663-18669	wandte	_	_	
33-9	18670-18674	sich	_	_	
33-10	18675-18678	der	_	_	
33-11	18679-18689	Puschkiner	_	_	
33-12	18690-18703	Bürgermeister	_	_	
33-13	18704-18707	mit	_	_	
33-14	18708-18711	der	_	_	
33-15	18712-18717	Bitte	_	_	
33-16	18718-18719	,	_	_	
33-17	18720-18723	der	_	_	
33-18	18724-18726	am	*->17-1	non-literal-mwe[17]	
33-19	18727-18732	Boden	*->17-2	*[17]	
33-20	18733-18742	liegenden	*->17-3	*[17]	
33-21	18743-18744	»	_	_	
33-22	18745-18757	sowjetischen	_	_	
33-23	18758-18768	Wirtschaft	_	_	
33-24	18769-18770	«	_	_	
33-25	18771-18776	unter	_	_	
33-26	18777-18780	die	_	_	
33-27	18781-18785	Arme	_	_	
33-28	18786-18788	zu	_	_	
33-29	18789-18796	greifen	_	_	
33-30	18797-18798	.	_	_	

#Text=Kroatien , dessen Industrie im Krieg zu einem großen Teil zerstört wurde , liegt wirtschaftlich am Boden , nachdem die Haupteinnahmequelle - der Tourismus an den Stränden der adriatischen Küste - versiegt ist .
35-1	19118-19126	Kroatien	_	_	
35-2	19127-19128	,	_	_	
35-3	19129-19135	dessen	_	_	
35-4	19136-19145	Industrie	_	_	
35-5	19146-19148	im	_	_	
35-6	19149-19154	Krieg	_	_	
35-7	19155-19157	zu	_	_	
35-8	19158-19163	einem	_	_	
35-9	19164-19170	großen	_	_	
35-10	19171-19175	Teil	_	_	
35-11	19176-19184	zerstört	_	_	
35-12	19185-19190	wurde	_	_	
35-13	19191-19192	,	_	_	
35-14	19193-19198	liegt	*->18-1	non-literal-mwe[18]	
35-15	19199-19213	wirtschaftlich	_	_	
35-16	19214-19216	am	*->18-2	*[18]	
35-17	19217-19222	Boden	*->18-3	*[18]	
35-18	19223-19224	,	_	_	
35-19	19225-19232	nachdem	_	_	
35-20	19233-19236	die	_	_	
35-21	19237-19256	Haupteinnahmequelle	_	_	
35-22	19257-19258	-	_	_	
35-23	19259-19262	der	_	_	
35-24	19263-19272	Tourismus	_	_	
35-25	19273-19275	an	_	_	
35-26	19276-19279	den	_	_	
35-27	19280-19288	Stränden	_	_	
35-28	19289-19292	der	_	_	
35-29	19293-19305	adriatischen	_	_	
35-30	19306-19311	Küste	_	_	
35-31	19312-19313	-	_	_	
35-32	19314-19322	versiegt	_	_	
35-33	19323-19326	ist	_	_	
35-34	19327-19328	.	_	_	

#Text=Was sich in den letzten sechzehn Jahren in diesem Land abgespielte , ist an Brutalität und Perspektivlosigkeit kaum zu überbieten : Massenmorde , Massenfluchten , Tausende zerstörter Dörfer , eine am Boden liegende Wirtschaft .
37-1	20033-20036	Was	_	_	
37-2	20037-20041	sich	_	_	
37-3	20042-20044	in	_	_	
37-4	20045-20048	den	_	_	
37-5	20049-20056	letzten	_	_	
37-6	20057-20065	sechzehn	_	_	
37-7	20066-20072	Jahren	_	_	
37-8	20073-20075	in	_	_	
37-9	20076-20082	diesem	_	_	
37-10	20083-20087	Land	_	_	
37-11	20088-20099	abgespielte	_	_	
37-12	20100-20101	,	_	_	
37-13	20102-20105	ist	_	_	
37-14	20106-20108	an	_	_	
37-15	20109-20119	Brutalität	_	_	
37-16	20120-20123	und	_	_	
37-17	20124-20143	Perspektivlosigkeit	_	_	
37-18	20144-20148	kaum	_	_	
37-19	20149-20151	zu	_	_	
37-20	20152-20162	überbieten	_	_	
37-21	20163-20164	:	_	_	
37-22	20165-20176	Massenmorde	_	_	
37-23	20177-20178	,	_	_	
37-24	20179-20193	Massenfluchten	_	_	
37-25	20194-20195	,	_	_	
37-26	20196-20204	Tausende	_	_	
37-27	20205-20215	zerstörter	_	_	
37-28	20216-20222	Dörfer	_	_	
37-29	20223-20224	,	_	_	
37-30	20225-20229	eine	_	_	
37-31	20230-20232	am	*->19-1	non-literal-mwe[19]	
37-32	20233-20238	Boden	*->19-2	*[19]	
37-33	20239-20247	liegende	*->19-3	*[19]	
37-34	20248-20258	Wirtschaft	_	_	
37-35	20259-20260	.	_	_	

#Text=Kurze Zeit später liegt ein 18jähriger erschlagen am Boden - tödlich an Hals und Schläfe getroffen .
39-1	20955-20960	Kurze	_	_	
39-2	20961-20965	Zeit	_	_	
39-3	20966-20972	später	_	_	
39-4	20973-20978	liegt	*->20-1	literal[20]	
39-5	20979-20982	ein	_	_	
39-6	20983-20993	18jähriger	_	_	
39-7	20994-21004	erschlagen	_	_	
39-8	21005-21007	am	*->20-2	*[20]	
39-9	21008-21013	Boden	*->20-3	*[20]	
39-10	21014-21015	-	_	_	
39-11	21016-21023	tödlich	_	_	
39-12	21024-21026	an	_	_	
39-13	21027-21031	Hals	_	_	
39-14	21032-21035	und	_	_	
39-15	21036-21043	Schläfe	_	_	
39-16	21044-21053	getroffen	_	_	
39-17	21054-21055	.	_	_	

#Text=" Don Carlos " in Bremerhaven - das waren vier Stunden Langeweile bis auf einen Knall zehn Minuten vor Schluß , der das Publikum aus dem Schlummer riß , eine unfreiwillige Pointe , aber kein " finaler Rettungsschuß " , wie bissige Stimmen flüsterten , denn an dieser Inszenierung war nichts mehr zu retten , und am Boden lag am Ende nicht nur der Marquis , sondern der Ruf des Theaters .
41-1	21722-21723	"	_	_	
41-2	21724-21727	Don	_	_	
41-3	21728-21734	Carlos	_	_	
41-4	21735-21736	"	_	_	
41-5	21737-21739	in	_	_	
41-6	21740-21751	Bremerhaven	_	_	
41-7	21752-21753	-	_	_	
41-8	21754-21757	das	_	_	
41-9	21758-21763	waren	_	_	
41-10	21764-21768	vier	_	_	
41-11	21769-21776	Stunden	_	_	
41-12	21777-21787	Langeweile	_	_	
41-13	21788-21791	bis	_	_	
41-14	21792-21795	auf	_	_	
41-15	21796-21801	einen	_	_	
41-16	21802-21807	Knall	_	_	
41-17	21808-21812	zehn	_	_	
41-18	21813-21820	Minuten	_	_	
41-19	21821-21824	vor	_	_	
41-20	21825-21831	Schluß	_	_	
41-21	21832-21833	,	_	_	
41-22	21834-21837	der	_	_	
41-23	21838-21841	das	_	_	
41-24	21842-21850	Publikum	_	_	
41-25	21851-21854	aus	_	_	
41-26	21855-21858	dem	_	_	
41-27	21859-21868	Schlummer	_	_	
41-28	21869-21872	riß	_	_	
41-29	21873-21874	,	_	_	
41-30	21875-21879	eine	_	_	
41-31	21880-21893	unfreiwillige	_	_	
41-32	21894-21900	Pointe	_	_	
41-33	21901-21902	,	_	_	
41-34	21903-21907	aber	_	_	
41-35	21908-21912	kein	_	_	
41-36	21913-21914	"	_	_	
41-37	21915-21922	finaler	_	_	
41-38	21923-21936	Rettungsschuß	_	_	
41-39	21937-21938	"	_	_	
41-40	21939-21940	,	_	_	
41-41	21941-21944	wie	_	_	
41-42	21945-21952	bissige	_	_	
41-43	21953-21960	Stimmen	_	_	
41-44	21961-21971	flüsterten	_	_	
41-45	21972-21973	,	_	_	
41-46	21974-21978	denn	_	_	
41-47	21979-21981	an	_	_	
41-48	21982-21988	dieser	_	_	
41-49	21989-22001	Inszenierung	_	_	
41-50	22002-22005	war	_	_	
41-51	22006-22012	nichts	_	_	
41-52	22013-22017	mehr	_	_	
41-53	22018-22020	zu	_	_	
41-54	22021-22027	retten	_	_	
41-55	22028-22029	,	_	_	
41-56	22030-22033	und	_	_	
41-57	22034-22036	am	*->21-1	both-mwe[21]	
41-58	22037-22042	Boden	*->21-2	*[21]	
41-59	22043-22046	lag	*->21-3	*[21]	
41-60	22047-22049	am	_	_	
41-61	22050-22054	Ende	_	_	
41-62	22055-22060	nicht	_	_	
41-63	22061-22064	nur	_	_	
41-64	22065-22068	der	_	_	
41-65	22069-22076	Marquis	_	_	
41-66	22077-22078	,	_	_	
41-67	22079-22086	sondern	_	_	
41-68	22087-22090	der	_	_	
41-69	22091-22094	Ruf	_	_	
41-70	22095-22098	des	_	_	
41-71	22099-22107	Theaters	_	_	
41-72	22108-22109	.	_	_	

#Text=Das gesamte Regenwaldgebiet an der Costa Atlantica ist gefällt , rund eine Million Kubikmeter Holz liegt am Boden und wird dort wahrscheinlich verfaulend Myriaden von Bakterien nähren , die das empfindliche Ökosystem dieses Waldes vollends zum Zusammenbruch bringen , während andernorts mangels Bergungs- und Transportmöglichkeiten Brennholz und Bretter fehlen werden .
43-1	22494-22497	Das	_	_	
43-2	22498-22505	gesamte	_	_	
43-3	22506-22521	Regenwaldgebiet	_	_	
43-4	22522-22524	an	_	_	
43-5	22525-22528	der	_	_	
43-6	22529-22534	Costa	_	_	
43-7	22535-22544	Atlantica	_	_	
43-8	22545-22548	ist	_	_	
43-9	22549-22556	gefällt	_	_	
43-10	22557-22558	,	_	_	
43-11	22559-22563	rund	_	_	
43-12	22564-22568	eine	_	_	
43-13	22569-22576	Million	_	_	
43-14	22577-22587	Kubikmeter	_	_	
43-15	22588-22592	Holz	_	_	
43-16	22593-22598	liegt	*->22-1	literal[22]	
43-17	22599-22601	am	*->22-2	*[22]	
43-18	22602-22607	Boden	*->22-3	*[22]	
43-19	22608-22611	und	_	_	
43-20	22612-22616	wird	_	_	
43-21	22617-22621	dort	_	_	
43-22	22622-22636	wahrscheinlich	_	_	
43-23	22637-22647	verfaulend	_	_	
43-24	22648-22656	Myriaden	_	_	
43-25	22657-22660	von	_	_	
43-26	22661-22670	Bakterien	_	_	
43-27	22671-22677	nähren	_	_	
43-28	22678-22679	,	_	_	
43-29	22680-22683	die	_	_	
43-30	22684-22687	das	_	_	
43-31	22688-22700	empfindliche	_	_	
43-32	22701-22710	Ökosystem	_	_	
43-33	22711-22717	dieses	_	_	
43-34	22718-22724	Waldes	_	_	
43-35	22725-22733	vollends	_	_	
43-36	22734-22737	zum	_	_	
43-37	22738-22751	Zusammenbruch	_	_	
43-38	22752-22759	bringen	_	_	
43-39	22760-22761	,	_	_	
43-40	22762-22769	während	_	_	
43-41	22770-22780	andernorts	_	_	
43-42	22781-22788	mangels	_	_	
43-43	22789-22798	Bergungs-	_	_	
43-44	22799-22802	und	_	_	
43-45	22803-22825	Transportmöglichkeiten	_	_	
43-46	22826-22835	Brennholz	_	_	
43-47	22836-22839	und	_	_	
43-48	22840-22847	Bretter	_	_	
43-49	22848-22854	fehlen	_	_	
43-50	22855-22861	werden	_	_	
43-51	22862-22863	.	_	_	

#Text=Die Iraner wußten gleichfalls , woran ihnen gelegen war : an Ersatzteilen für die weitgehend am Boden liegende Luftwaffe , die noch aus Zeiten des Schah stammte .
45-1	23512-23515	Die	_	_	
45-2	23516-23522	Iraner	_	_	
45-3	23523-23529	wußten	_	_	
45-4	23530-23541	gleichfalls	_	_	
45-5	23542-23543	,	_	_	
45-6	23544-23549	woran	_	_	
45-7	23550-23555	ihnen	_	_	
45-8	23556-23563	gelegen	_	_	
45-9	23564-23567	war	_	_	
45-10	23568-23569	:	_	_	
45-11	23570-23572	an	_	_	
45-12	23573-23585	Ersatzteilen	_	_	
45-13	23586-23589	für	_	_	
45-14	23590-23593	die	_	_	
45-15	23594-23604	weitgehend	_	_	
45-16	23605-23607	am	*->23-1	literal[23]	
45-17	23608-23613	Boden	*->23-2	*[23]	
45-18	23614-23622	liegende	*->23-3	*[23]	
45-19	23623-23632	Luftwaffe	_	_	
45-20	23633-23634	,	_	_	
45-21	23635-23638	die	_	_	
45-22	23639-23643	noch	_	_	
45-23	23644-23647	aus	_	_	
45-24	23648-23654	Zeiten	_	_	
45-25	23655-23658	des	_	_	
45-26	23659-23664	Schah	_	_	
45-27	23665-23672	stammte	_	_	
45-28	23673-23674	.	_	_	

#Text=Pakistanische Soldaten schießen in eine aufgebrachte Menge von Zivilisten , Frauen und Kinder bleiben tot oder verletzt am Boden liegen - geradezu atavistische Rache für den Mord an 23 UN-pakistanischen Soldaten kurze Zeit zuvor .
47-1	36681-36694	Pakistanische	_	_	
47-2	36695-36703	Soldaten	_	_	
47-3	36704-36712	schießen	_	_	
47-4	36713-36715	in	_	_	
47-5	36716-36720	eine	_	_	
47-6	36721-36733	aufgebrachte	_	_	
47-7	36734-36739	Menge	_	_	
47-8	36740-36743	von	_	_	
47-9	36744-36754	Zivilisten	_	_	
47-10	36755-36756	,	_	_	
47-11	36757-36763	Frauen	_	_	
47-12	36764-36767	und	_	_	
47-13	36768-36774	Kinder	_	_	
47-14	36775-36782	bleiben	_	_	
47-15	36783-36786	tot	_	_	
47-16	36787-36791	oder	_	_	
47-17	36792-36800	verletzt	_	_	
47-18	36801-36803	am	*->24-1	literal[24]	
47-19	36804-36809	Boden	*->24-2	*[24]	
47-20	36810-36816	liegen	*->24-3	*[24]	
47-21	36817-36818	-	_	_	
47-22	36819-36827	geradezu	_	_	
47-23	36828-36840	atavistische	_	_	
47-24	36841-36846	Rache	_	_	
47-25	36847-36850	für	_	_	
47-26	36851-36854	den	_	_	
47-27	36855-36859	Mord	_	_	
47-28	36860-36862	an	_	_	
47-29	36863-36865	23	_	_	
47-30	36866-36883	UN-pakistanischen	_	_	
47-31	36884-36892	Soldaten	_	_	
47-32	36893-36898	kurze	_	_	
47-33	36899-36903	Zeit	_	_	
47-34	36904-36909	zuvor	_	_	
47-35	36910-36911	.	_	_	

#Text=Aber an wen sollen sich die gequälten Staatsbürger wenden , wenn Leviathan am Boden liegt , Behemoth triumphiert und weit und breit kein starker Arm zu sehen ist ?
49-1	37839-37843	Aber	_	_	
49-2	37844-37846	an	_	_	
49-3	37847-37850	wen	_	_	
49-4	37851-37857	sollen	_	_	
49-5	37858-37862	sich	_	_	
49-6	37863-37866	die	_	_	
49-7	37867-37876	gequälten	_	_	
49-8	37877-37889	Staatsbürger	_	_	
49-9	37890-37896	wenden	_	_	
49-10	37897-37898	,	_	_	
49-11	37899-37903	wenn	_	_	
49-12	37904-37913	Leviathan	_	_	
49-13	37914-37916	am	*->25-1	both[25]	
49-14	37917-37922	Boden	*->25-2	*[25]	
49-15	37923-37928	liegt	*->25-3	*[25]	
49-16	37929-37930	,	_	_	
49-17	37931-37939	Behemoth	_	_	
49-18	37940-37951	triumphiert	_	_	
49-19	37952-37955	und	_	_	
49-20	37956-37960	weit	_	_	
49-21	37961-37964	und	_	_	
49-22	37965-37970	breit	_	_	
49-23	37971-37975	kein	_	_	
49-24	37976-37983	starker	_	_	
49-25	37984-37987	Arm	_	_	
49-26	37988-37990	zu	_	_	
49-27	37991-37996	sehen	_	_	
49-28	37997-38000	ist	_	_	
49-29	38001-38002	?	_	_	

#Text=Wie das Innenministerium erklärte , haben alle sechs an der Aktion in Bad Kleinen beteiligten GSG-9-Beamten bestritten , den am Boden liegenden Wolfgang Grams erschossen zu haben .
51-1	39759-39762	Wie	_	_	
51-2	39763-39766	das	_	_	
51-3	39767-39783	Innenministerium	_	_	
51-4	39784-39792	erklärte	_	_	
51-5	39793-39794	,	_	_	
51-6	39795-39800	haben	_	_	
51-7	39801-39805	alle	_	_	
51-8	39806-39811	sechs	_	_	
51-9	39812-39814	an	_	_	
51-10	39815-39818	der	_	_	
51-11	39819-39825	Aktion	_	_	
51-12	39826-39828	in	_	_	
51-13	39829-39832	Bad	_	_	
51-14	39833-39840	Kleinen	_	_	
51-15	39841-39852	beteiligten	_	_	
51-16	39853-39866	GSG-9-Beamten	_	_	
51-17	39867-39877	bestritten	_	_	
51-18	39878-39879	,	_	_	
51-19	39880-39883	den	_	_	
51-20	39884-39886	am	*->26-1	literal[26]	
51-21	39887-39892	Boden	*->26-2	*[26]	
51-22	39893-39902	liegenden	*->26-3	*[26]	
51-23	39903-39911	Wolfgang	_	_	
51-24	39912-39917	Grams	_	_	
51-25	39918-39928	erschossen	_	_	
51-26	39929-39931	zu	_	_	
51-27	39932-39937	haben	_	_	
51-28	39938-39939	.	_	_	

#Text=Ministeriumssprecher Bachmaier betonte gestern , daß eine nochmalige Befragung der sechs " an Zugriff und Schußwechsel " beteiligten GSG 9-Beamten ergeben habe , daß keiner von ihnen auf den am Boden liegenden Grams geschossen oder einen " aufgesetzten Schuß " abgegeben haben will .
53-1	40471-40491	Ministeriumssprecher	_	_	
53-2	40492-40501	Bachmaier	_	_	
53-3	40502-40509	betonte	_	_	
53-4	40510-40517	gestern	_	_	
53-5	40518-40519	,	_	_	
53-6	40520-40523	daß	_	_	
53-7	40524-40528	eine	_	_	
53-8	40529-40539	nochmalige	_	_	
53-9	40540-40549	Befragung	_	_	
53-10	40550-40553	der	_	_	
53-11	40554-40559	sechs	_	_	
53-12	40560-40561	"	_	_	
53-13	40562-40564	an	_	_	
53-14	40565-40572	Zugriff	_	_	
53-15	40573-40576	und	_	_	
53-16	40577-40589	Schußwechsel	_	_	
53-17	40590-40591	"	_	_	
53-18	40592-40603	beteiligten	_	_	
53-19	40604-40607	GSG	_	_	
53-20	40608-40617	9-Beamten	_	_	
53-21	40618-40625	ergeben	_	_	
53-22	40626-40630	habe	_	_	
53-23	40631-40632	,	_	_	
53-24	40633-40636	daß	_	_	
53-25	40637-40643	keiner	_	_	
53-26	40644-40647	von	_	_	
53-27	40648-40653	ihnen	_	_	
53-28	40654-40657	auf	_	_	
53-29	40658-40661	den	_	_	
53-30	40662-40664	am	*->27-1	literal[27]	
53-31	40665-40670	Boden	*->27-2	*[27]	
53-32	40671-40680	liegenden	*->27-3	*[27]	
53-33	40681-40686	Grams	_	_	
53-34	40687-40697	geschossen	_	_	
53-35	40698-40702	oder	_	_	
53-36	40703-40708	einen	_	_	
53-37	40709-40710	"	_	_	
53-38	40711-40723	aufgesetzten	_	_	
53-39	40724-40729	Schuß	_	_	
53-40	40730-40731	"	_	_	
53-41	40732-40741	abgegeben	_	_	
53-42	40742-40747	haben	_	_	
53-43	40748-40752	will	_	_	
53-44	40753-40754	.	_	_	

#Text=Die ehemals zahlreichen Touristen bleiben aus , tägliche Stromsperren an der Küste verändern und erschweren den Tagesablauf , das Wirtschaftsleben liegt am Boden .
55-1	41938-41941	Die	_	_	
55-2	41942-41949	ehemals	_	_	
55-3	41950-41961	zahlreichen	_	_	
55-4	41962-41971	Touristen	_	_	
55-5	41972-41979	bleiben	_	_	
55-6	41980-41983	aus	_	_	
55-7	41984-41985	,	_	_	
55-8	41986-41994	tägliche	_	_	
55-9	41995-42007	Stromsperren	_	_	
55-10	42008-42010	an	_	_	
55-11	42011-42014	der	_	_	
55-12	42015-42020	Küste	_	_	
55-13	42021-42030	verändern	_	_	
55-14	42031-42034	und	_	_	
55-15	42035-42045	erschweren	_	_	
55-16	42046-42049	den	_	_	
55-17	42050-42061	Tagesablauf	_	_	
55-18	42062-42063	,	_	_	
55-19	42064-42067	das	_	_	
55-20	42068-42084	Wirtschaftsleben	_	_	
55-21	42085-42090	liegt	*->28-1	non-literal-mwe[28]	
55-22	42091-42093	am	*->28-2	*[28]	
55-23	42094-42099	Boden	*->28-3	*[28]	
55-24	42100-42101	.	_	_	

#Text=Beide , eine Kioskbesitzerin auf dem Bahnhof und ein beim Einsatz anwesender Polizeibeamter , führten unabhängig voneinander an , der reglos am Boden liegende Grams sei von einem Polizisten aus nächster Nähe in den Kopf geschossen worden .
57-1	42804-42809	Beide	_	_	
57-2	42810-42811	,	_	_	
57-3	42812-42816	eine	_	_	
57-4	42817-42832	Kioskbesitzerin	_	_	
57-5	42833-42836	auf	_	_	
57-6	42837-42840	dem	_	_	
57-7	42841-42848	Bahnhof	_	_	
57-8	42849-42852	und	_	_	
57-9	42853-42856	ein	_	_	
57-10	42857-42861	beim	_	_	
57-11	42862-42869	Einsatz	_	_	
57-12	42870-42880	anwesender	_	_	
57-13	42881-42895	Polizeibeamter	_	_	
57-14	42896-42897	,	_	_	
57-15	42898-42905	führten	_	_	
57-16	42906-42916	unabhängig	_	_	
57-17	42917-42928	voneinander	_	_	
57-18	42929-42931	an	_	_	
57-19	42932-42933	,	_	_	
57-20	42934-42937	der	_	_	
57-21	42938-42944	reglos	_	_	
57-22	42945-42947	am	*->29-1	literal[29]	
57-23	42948-42953	Boden	*->29-2	*[29]	
57-24	42954-42962	liegende	*->29-3	*[29]	
57-25	42963-42968	Grams	_	_	
57-26	42969-42972	sei	_	_	
57-27	42973-42976	von	_	_	
57-28	42977-42982	einem	_	_	
57-29	42983-42993	Polizisten	_	_	
57-30	42994-42997	aus	_	_	
57-31	42998-43006	nächster	_	_	
57-32	43007-43011	Nähe	_	_	
57-33	43012-43014	in	_	_	
57-34	43015-43018	den	_	_	
57-35	43019-43023	Kopf	_	_	
57-36	43024-43034	geschossen	_	_	
57-37	43035-43041	worden	_	_	
57-38	43042-43043	.	_	_	

#Text=Auch bevor er sich auf den am Boden liegenden Sohn legt und ihn so mit der eigenen Körperfülle ersticken will , kündigt er seine Handlung leise , wie resigniert an : " Jetzt aber mach ich 's kurz .
59-1	43692-43696	Auch	_	_	
59-2	43697-43702	bevor	_	_	
59-3	43703-43705	er	_	_	
59-4	43706-43710	sich	_	_	
59-5	43711-43714	auf	_	_	
59-6	43715-43718	den	_	_	
59-7	43719-43721	am	*->30-1	literal[30]	
59-8	43722-43727	Boden	*->30-2	*[30]	
59-9	43728-43737	liegenden	*->30-3	*[30]	
59-10	43738-43742	Sohn	_	_	
59-11	43743-43747	legt	_	_	
59-12	43748-43751	und	_	_	
59-13	43752-43755	ihn	_	_	
59-14	43756-43758	so	_	_	
59-15	43759-43762	mit	_	_	
59-16	43763-43766	der	_	_	
59-17	43767-43774	eigenen	_	_	
59-18	43775-43786	Körperfülle	_	_	
59-19	43787-43796	ersticken	_	_	
59-20	43797-43801	will	_	_	
59-21	43802-43803	,	_	_	
59-22	43804-43811	kündigt	_	_	
59-23	43812-43814	er	_	_	
59-24	43815-43820	seine	_	_	
59-25	43821-43829	Handlung	_	_	
59-26	43830-43835	leise	_	_	
59-27	43836-43837	,	_	_	
59-28	43838-43841	wie	_	_	
59-29	43842-43852	resigniert	_	_	
59-30	43853-43855	an	_	_	
59-31	43856-43857	:	_	_	
59-32	43858-43859	"	_	_	
59-33	43860-43865	Jetzt	_	_	
59-34	43866-43870	aber	_	_	
59-35	43871-43875	mach	_	_	
59-36	43876-43879	ich	_	_	
59-37	43880-43882	's	_	_	
59-38	43883-43887	kurz	_	_	
59-39	43888-43889	.	_	_	

#Text=Ein Mann liegt bäuchlings ausgestreckt am Boden , ein anderer kriecht auf Knien an der Wand entlang .
61-1	44537-44540	Ein	_	_	
61-2	44541-44545	Mann	_	_	
61-3	44546-44551	liegt	*->31-1	literal[31]	
61-4	44552-44562	bäuchlings	_	_	
61-5	44563-44575	ausgestreckt	_	_	
61-6	44576-44578	am	*->31-2	*[31]	
61-7	44579-44584	Boden	*->31-3	*[31]	
61-8	44585-44586	,	_	_	
61-9	44587-44590	ein	_	_	
61-10	44591-44598	anderer	_	_	
61-11	44599-44606	kriecht	_	_	
61-12	44607-44610	auf	_	_	
61-13	44611-44616	Knien	_	_	
61-14	44617-44619	an	_	_	
61-15	44620-44623	der	_	_	
61-16	44624-44628	Wand	_	_	
61-17	44629-44636	entlang	_	_	
61-18	44637-44638	.	_	_	

#Text=Doch selbst wenn gerichtlich festgestellt würde , daß Aslam tatsächlich geschlagen und , wie er selbst zu Protokoll gab , am Boden liegend getreten worden ist , würde das nichts an seinem Schicksal ändern : " Es handelt sich um eine ausländerrechtlich klare Entscheidung " , sagt Norbert Smekal , Pressesprecher der Ausländerbehörde .
63-1	45457-45461	Doch	_	_	
63-2	45462-45468	selbst	_	_	
63-3	45469-45473	wenn	_	_	
63-4	45474-45485	gerichtlich	_	_	
63-5	45486-45498	festgestellt	_	_	
63-6	45499-45504	würde	_	_	
63-7	45505-45506	,	_	_	
63-8	45507-45510	daß	_	_	
63-9	45511-45516	Aslam	_	_	
63-10	45517-45528	tatsächlich	_	_	
63-11	45529-45539	geschlagen	_	_	
63-12	45540-45543	und	_	_	
63-13	45544-45545	,	_	_	
63-14	45546-45549	wie	_	_	
63-15	45550-45552	er	_	_	
63-16	45553-45559	selbst	_	_	
63-17	45560-45562	zu	_	_	
63-18	45563-45572	Protokoll	_	_	
63-19	45573-45576	gab	_	_	
63-20	45577-45578	,	_	_	
63-21	45579-45581	am	*->32-1	literal[32]	
63-22	45582-45587	Boden	*->32-2	*[32]	
63-23	45588-45595	liegend	*->32-3	*[32]	
63-24	45596-45604	getreten	_	_	
63-25	45605-45611	worden	_	_	
63-26	45612-45615	ist	_	_	
63-27	45616-45617	,	_	_	
63-28	45618-45623	würde	_	_	
63-29	45624-45627	das	_	_	
63-30	45628-45634	nichts	_	_	
63-31	45635-45637	an	_	_	
63-32	45638-45644	seinem	_	_	
63-33	45645-45654	Schicksal	_	_	
63-34	45655-45661	ändern	_	_	
63-35	45662-45663	:	_	_	
63-36	45664-45665	"	_	_	
63-37	45666-45668	Es	_	_	
63-38	45669-45676	handelt	_	_	
63-39	45677-45681	sich	_	_	
63-40	45682-45684	um	_	_	
63-41	45685-45689	eine	_	_	
63-42	45690-45708	ausländerrechtlich	_	_	
63-43	45709-45714	klare	_	_	
63-44	45715-45727	Entscheidung	_	_	
63-45	45728-45729	"	_	_	
63-46	45730-45731	,	_	_	
63-47	45732-45736	sagt	_	_	
63-48	45737-45744	Norbert	_	_	
63-49	45745-45751	Smekal	_	_	
63-50	45752-45753	,	_	_	
63-51	45754-45768	Pressesprecher	_	_	
63-52	45769-45772	der	_	_	
63-53	45773-45789	Ausländerbehörde	_	_	
63-54	45790-45791	.	_	_	

#Text=Dieser " magische Realismus " nimmt nach der Emigration in die Vereinigten Staaten zum Teil bedrohliche Züge an : In " Back of Things " wird ein Mann , am Boden liegend , von zwei Dominas bedroht .
65-1	46379-46385	Dieser	_	_	
65-2	46386-46387	"	_	_	
65-3	46388-46396	magische	_	_	
65-4	46397-46406	Realismus	_	_	
65-5	46407-46408	"	_	_	
65-6	46409-46414	nimmt	_	_	
65-7	46415-46419	nach	_	_	
65-8	46420-46423	der	_	_	
65-9	46424-46434	Emigration	_	_	
65-10	46435-46437	in	_	_	
65-11	46438-46441	die	_	_	
65-12	46442-46453	Vereinigten	_	_	
65-13	46454-46461	Staaten	_	_	
65-14	46462-46465	zum	_	_	
65-15	46466-46470	Teil	_	_	
65-16	46471-46482	bedrohliche	_	_	
65-17	46483-46487	Züge	_	_	
65-18	46488-46490	an	_	_	
65-19	46491-46492	:	_	_	
65-20	46493-46495	In	_	_	
65-21	46496-46497	"	_	_	
65-22	46498-46502	Back	_	_	
65-23	46503-46505	of	_	_	
65-24	46506-46512	Things	_	_	
65-25	46513-46514	"	_	_	
65-26	46515-46519	wird	_	_	
65-27	46520-46523	ein	_	_	
65-28	46524-46528	Mann	_	_	
65-29	46529-46530	,	_	_	
65-30	46531-46533	am	*->33-1	literal[33]	
65-31	46534-46539	Boden	*->33-2	*[33]	
65-32	46540-46547	liegend	*->33-3	*[33]	
65-33	46548-46549	,	_	_	
65-34	46550-46553	von	_	_	
65-35	46554-46558	zwei	_	_	
65-36	46559-46566	Dominas	_	_	
65-37	46567-46574	bedroht	_	_	
65-38	46575-46576	.	_	_	

#Text=Der eine , Thon , war eine Art Spielmacher und Dribbler , veränderte Arbeitsauffassung und Stil , paßte sie den modernen , internationalen Gegebenheiten des Spiels an , führte das am Boden liegende Schalke mit etwas Glück und viel System zu internationalem Erfolg .
67-1	47036-47039	Der	_	_	
67-2	47040-47044	eine	_	_	
67-3	47045-47046	,	_	_	
67-4	47047-47051	Thon	_	_	
67-5	47052-47053	,	_	_	
67-6	47054-47057	war	_	_	
67-7	47058-47062	eine	_	_	
67-8	47063-47066	Art	_	_	
67-9	47067-47078	Spielmacher	_	_	
67-10	47079-47082	und	_	_	
67-11	47083-47091	Dribbler	_	_	
67-12	47092-47093	,	_	_	
67-13	47094-47104	veränderte	_	_	
67-14	47105-47122	Arbeitsauffassung	_	_	
67-15	47123-47126	und	_	_	
67-16	47127-47131	Stil	_	_	
67-17	47132-47133	,	_	_	
67-18	47134-47139	paßte	_	_	
67-19	47140-47143	sie	_	_	
67-20	47144-47147	den	_	_	
67-21	47148-47156	modernen	_	_	
67-22	47157-47158	,	_	_	
67-23	47159-47174	internationalen	_	_	
67-24	47175-47188	Gegebenheiten	_	_	
67-25	47189-47192	des	_	_	
67-26	47193-47199	Spiels	_	_	
67-27	47200-47202	an	_	_	
67-28	47203-47204	,	_	_	
67-29	47205-47211	führte	_	_	
67-30	47212-47215	das	_	_	
67-31	47216-47218	am	*->34-1	non-literal-mwe[34]	
67-32	47219-47224	Boden	*->34-2	*[34]	
67-33	47225-47233	liegende	*->34-3	*[34]	
67-34	47234-47241	Schalke	_	_	
67-35	47242-47245	mit	_	_	
67-36	47246-47251	etwas	_	_	
67-37	47252-47257	Glück	_	_	
67-38	47258-47261	und	_	_	
67-39	47262-47266	viel	_	_	
67-40	47267-47273	System	_	_	
67-41	47274-47276	zu	_	_	
67-42	47277-47292	internationalem	_	_	
67-43	47293-47299	Erfolg	_	_	
67-44	47300-47301	.	_	_	

#Text=Da der Mann ein talentierter Erzähler ist , muß der Wanderer fast eine Stunde lang teilhaben an jenen Bildern von Granaten und Napalmbomben , die auf alles abgeworfen werden , was sich in der Sperrzone bewegt , Männer , Frauen , Tiere ; Dutzende am Boden liegende Körper , Massengräber , die mit Bulldozern ausgehoben und wieder zugeschüttet und mit Planierraupen eingeebnet wurden , so daß heute nichts mehr von ihnen zu erkennen ist .
69-1	47767-47769	Da	_	_	
69-2	47770-47773	der	_	_	
69-3	47774-47778	Mann	_	_	
69-4	47779-47782	ein	_	_	
69-5	47783-47795	talentierter	_	_	
69-6	47796-47804	Erzähler	_	_	
69-7	47805-47808	ist	_	_	
69-8	47809-47810	,	_	_	
69-9	47811-47814	muß	_	_	
69-10	47815-47818	der	_	_	
69-11	47819-47827	Wanderer	_	_	
69-12	47828-47832	fast	_	_	
69-13	47833-47837	eine	_	_	
69-14	47838-47844	Stunde	_	_	
69-15	47845-47849	lang	_	_	
69-16	47850-47859	teilhaben	_	_	
69-17	47860-47862	an	_	_	
69-18	47863-47868	jenen	_	_	
69-19	47869-47876	Bildern	_	_	
69-20	47877-47880	von	_	_	
69-21	47881-47889	Granaten	_	_	
69-22	47890-47893	und	_	_	
69-23	47894-47906	Napalmbomben	_	_	
69-24	47907-47908	,	_	_	
69-25	47909-47912	die	_	_	
69-26	47913-47916	auf	_	_	
69-27	47917-47922	alles	_	_	
69-28	47923-47933	abgeworfen	_	_	
69-29	47934-47940	werden	_	_	
69-30	47941-47942	,	_	_	
69-31	47943-47946	was	_	_	
69-32	47947-47951	sich	_	_	
69-33	47952-47954	in	_	_	
69-34	47955-47958	der	_	_	
69-35	47959-47968	Sperrzone	_	_	
69-36	47969-47975	bewegt	_	_	
69-37	47976-47977	,	_	_	
69-38	47978-47984	Männer	_	_	
69-39	47985-47986	,	_	_	
69-40	47987-47993	Frauen	_	_	
69-41	47994-47995	,	_	_	
69-42	47996-48001	Tiere	_	_	
69-43	48002-48003	;	_	_	
69-44	48004-48012	Dutzende	_	_	
69-45	48013-48015	am	*->35-1	literal[35]	
69-46	48016-48021	Boden	*->35-2	*[35]	
69-47	48022-48030	liegende	*->35-3	*[35]	
69-48	48031-48037	Körper	_	_	
69-49	48038-48039	,	_	_	
69-50	48040-48052	Massengräber	_	_	
69-51	48053-48054	,	_	_	
69-52	48055-48058	die	_	_	
69-53	48059-48062	mit	_	_	
69-54	48063-48073	Bulldozern	_	_	
69-55	48074-48084	ausgehoben	_	_	
69-56	48085-48088	und	_	_	
69-57	48089-48095	wieder	_	_	
69-58	48096-48108	zugeschüttet	_	_	
69-59	48109-48112	und	_	_	
69-60	48113-48116	mit	_	_	
69-61	48117-48130	Planierraupen	_	_	
69-62	48131-48141	eingeebnet	_	_	
69-63	48142-48148	wurden	_	_	
69-64	48149-48150	,	_	_	
69-65	48151-48153	so	_	_	
69-66	48154-48157	daß	_	_	
69-67	48158-48163	heute	_	_	
69-68	48164-48170	nichts	_	_	
69-69	48171-48175	mehr	_	_	
69-70	48176-48179	von	_	_	
69-71	48180-48185	ihnen	_	_	
69-72	48186-48188	zu	_	_	
69-73	48189-48197	erkennen	_	_	
69-74	48198-48201	ist	_	_	
69-75	48202-48203	.	_	_	

#Text=Sekunden später liegt Marie ausgestreckt am Boden , krampfhaft preßt sie ein Stück Seide an ihre Brust , auf ihrem Gesicht ekstatische Glückseligkeit .
71-1	49069-49077	Sekunden	_	_	
71-2	49078-49084	später	_	_	
71-3	49085-49090	liegt	*->36-1	literal[36]	
71-4	49091-49096	Marie	_	_	
71-5	49097-49109	ausgestreckt	_	_	
71-6	49110-49112	am	*->36-2	*[36]	
71-7	49113-49118	Boden	*->36-3	*[36]	
71-8	49119-49120	,	_	_	
71-9	49121-49131	krampfhaft	_	_	
71-10	49132-49137	preßt	_	_	
71-11	49138-49141	sie	_	_	
71-12	49142-49145	ein	_	_	
71-13	49146-49151	Stück	_	_	
71-14	49152-49157	Seide	_	_	
71-15	49158-49160	an	_	_	
71-16	49161-49165	ihre	_	_	
71-17	49166-49171	Brust	_	_	
71-18	49172-49173	,	_	_	
71-19	49174-49177	auf	_	_	
71-20	49178-49183	ihrem	_	_	
71-21	49184-49191	Gesicht	_	_	
71-22	49192-49203	ekstatische	_	_	
71-23	49204-49218	Glückseligkeit	_	_	
71-24	49219-49220	.	_	_	

#Text=Die Anti- AKW-Bewegung , die 60.000 Menschen an den Bauplatz mobilisiert hatte , lag am Boden .
73-1	49604-49607	Die	_	_	
73-2	49608-49613	Anti-	_	_	
73-3	49614-49626	AKW-Bewegung	_	_	
73-4	49627-49628	,	_	_	
73-5	49629-49632	die	_	_	
73-6	49633-49639	60.000	_	_	
73-7	49640-49648	Menschen	_	_	
73-8	49649-49651	an	_	_	
73-9	49652-49655	den	_	_	
73-10	49656-49664	Bauplatz	_	_	
73-11	49665-49676	mobilisiert	_	_	
73-12	49677-49682	hatte	_	_	
73-13	49683-49684	,	_	_	
73-14	49685-49688	lag	*->37-1	non-literal-mwe[37]	
73-15	49689-49691	am	*->37-2	*[37]	
73-16	49692-49697	Boden	*->37-3	*[37]	
73-17	49698-49699	.	_	_	

#Text=Die kalkulierte Ausgewogenheit zwischen Folk-Wurzeln und kosmopolitischem Rockpop-Potential , die auf " Ne La Thiass " im dezenten Einsatz akustischer und elektrischer Instrumentierung zum Ausdruck kommt , birgt das Modell , mit dem die senegalesische Musikindustrie den Anschluß an andere Exportgüter sucht : Das wirtschaftlich am Boden liegende Land ist größter Erdnußexporteur der Welt und senegalesische Musik Spitzenreiter im allerdings marginalen Weltmusikmarkt .
75-1	50239-50242	Die	_	_	
75-2	50243-50254	kalkulierte	_	_	
75-3	50255-50269	Ausgewogenheit	_	_	
75-4	50270-50278	zwischen	_	_	
75-5	50279-50291	Folk-Wurzeln	_	_	
75-6	50292-50295	und	_	_	
75-7	50296-50312	kosmopolitischem	_	_	
75-8	50313-50330	Rockpop-Potential	_	_	
75-9	50331-50332	,	_	_	
75-10	50333-50336	die	_	_	
75-11	50337-50340	auf	_	_	
75-12	50341-50342	"	_	_	
75-13	50343-50345	Ne	_	_	
75-14	50346-50348	La	_	_	
75-15	50349-50355	Thiass	_	_	
75-16	50356-50357	"	_	_	
75-17	50358-50360	im	_	_	
75-18	50361-50369	dezenten	_	_	
75-19	50370-50377	Einsatz	_	_	
75-20	50378-50389	akustischer	_	_	
75-21	50390-50393	und	_	_	
75-22	50394-50406	elektrischer	_	_	
75-23	50407-50423	Instrumentierung	_	_	
75-24	50424-50427	zum	_	_	
75-25	50428-50436	Ausdruck	_	_	
75-26	50437-50442	kommt	_	_	
75-27	50443-50444	,	_	_	
75-28	50445-50450	birgt	_	_	
75-29	50451-50454	das	_	_	
75-30	50455-50461	Modell	_	_	
75-31	50462-50463	,	_	_	
75-32	50464-50467	mit	_	_	
75-33	50468-50471	dem	_	_	
75-34	50472-50475	die	_	_	
75-35	50476-50490	senegalesische	_	_	
75-36	50491-50505	Musikindustrie	_	_	
75-37	50506-50509	den	_	_	
75-38	50510-50518	Anschluß	_	_	
75-39	50519-50521	an	_	_	
75-40	50522-50528	andere	_	_	
75-41	50529-50540	Exportgüter	_	_	
75-42	50541-50546	sucht	_	_	
75-43	50547-50548	:	_	_	
75-44	50549-50552	Das	_	_	
75-45	50553-50567	wirtschaftlich	_	_	
75-46	50568-50570	am	*->38-1	non-literal-mwe[38]	
75-47	50571-50576	Boden	*->38-2	*[38]	
75-48	50577-50585	liegende	*->38-3	*[38]	
75-49	50586-50590	Land	_	_	
75-50	50591-50594	ist	_	_	
75-51	50595-50602	größter	_	_	
75-52	50603-50618	Erdnußexporteur	_	_	
75-53	50619-50622	der	_	_	
75-54	50623-50627	Welt	_	_	
75-55	50628-50631	und	_	_	
75-56	50632-50646	senegalesische	_	_	
75-57	50647-50652	Musik	_	_	
75-58	50653-50666	Spitzenreiter	_	_	
75-59	50667-50669	im	_	_	
75-60	50670-50680	allerdings	_	_	
75-61	50681-50691	marginalen	_	_	
75-62	50692-50706	Weltmusikmarkt	_	_	
75-63	50707-50708	.	_	_	

#Text=Das kündigte gestern der innenpolitische Sprecher der Grünen und " Kritische Polizist " Manfred Mahr an : " Beamte , die wehrlos am Boden liegende Demonstranten mißhandeln , haben in diesem Beruf nichts zu suchen .
77-1	51377-51380	Das	_	_	
77-2	51381-51389	kündigte	_	_	
77-3	51390-51397	gestern	_	_	
77-4	51398-51401	der	_	_	
77-5	51402-51417	innenpolitische	_	_	
77-6	51418-51426	Sprecher	_	_	
77-7	51427-51430	der	_	_	
77-8	51431-51437	Grünen	_	_	
77-9	51438-51441	und	_	_	
77-10	51442-51443	"	_	_	
77-11	51444-51453	Kritische	_	_	
77-12	51454-51462	Polizist	_	_	
77-13	51463-51464	"	_	_	
77-14	51465-51472	Manfred	_	_	
77-15	51473-51477	Mahr	_	_	
77-16	51478-51480	an	_	_	
77-17	51481-51482	:	_	_	
77-18	51483-51484	"	_	_	
77-19	51485-51491	Beamte	_	_	
77-20	51492-51493	,	_	_	
77-21	51494-51497	die	_	_	
77-22	51498-51505	wehrlos	_	_	
77-23	51506-51508	am	*->39-1	literal[39]	
77-24	51509-51514	Boden	*->39-2	*[39]	
77-25	51515-51523	liegende	*->39-3	*[39]	
77-26	51524-51537	Demonstranten	_	_	
77-27	51538-51548	mißhandeln	_	_	
77-28	51549-51550	,	_	_	
77-29	51551-51556	haben	_	_	
77-30	51557-51559	in	_	_	
77-31	51560-51566	diesem	_	_	
77-32	51567-51572	Beruf	_	_	
77-33	51573-51579	nichts	_	_	
77-34	51580-51582	zu	_	_	
77-35	51583-51589	suchen	_	_	
77-36	51590-51591	.	_	_	

#Text=Einer gab an , nach einer Feuerpause von einer zweiten Kugel getroffen worden zu sein , als er bereits verwundet am Boden gelegen habe .
79-1	51998-52003	Einer	_	_	
79-2	52004-52007	gab	_	_	
79-3	52008-52010	an	_	_	
79-4	52011-52012	,	_	_	
79-5	52013-52017	nach	_	_	
79-6	52018-52023	einer	_	_	
79-7	52024-52034	Feuerpause	_	_	
79-8	52035-52038	von	_	_	
79-9	52039-52044	einer	_	_	
79-10	52045-52052	zweiten	_	_	
79-11	52053-52058	Kugel	_	_	
79-12	52059-52068	getroffen	_	_	
79-13	52069-52075	worden	_	_	
79-14	52076-52078	zu	_	_	
79-15	52079-52083	sein	_	_	
79-16	52084-52085	,	_	_	
79-17	52086-52089	als	_	_	
79-18	52090-52092	er	_	_	
79-19	52093-52100	bereits	_	_	
79-20	52101-52110	verwundet	_	_	
79-21	52111-52113	am	*->40-1	literal[40]	
79-22	52114-52119	Boden	*->40-2	*[40]	
79-23	52120-52127	gelegen	*->40-3	*[40]	
79-24	52128-52132	habe	_	_	
79-25	52133-52134	.	_	_	

#Text=Die Inszenierung von Holger Papp - seine erste eigene Regiearbeit nach der Regieassistenz an den Hamburger Kammerspielen - erfindet weitere Symbole : Zu Beginn stellt die Frau eine zerbrochen am Boden liegende Statue aufs Piedestal , die am Ende wieder umgestoßen wird .
81-1	53196-53199	Die	_	_	
81-2	53200-53212	Inszenierung	_	_	
81-3	53213-53216	von	_	_	
81-4	53217-53223	Holger	_	_	
81-5	53224-53228	Papp	_	_	
81-6	53229-53230	-	_	_	
81-7	53231-53236	seine	_	_	
81-8	53237-53242	erste	_	_	
81-9	53243-53249	eigene	_	_	
81-10	53250-53261	Regiearbeit	_	_	
81-11	53262-53266	nach	_	_	
81-12	53267-53270	der	_	_	
81-13	53271-53285	Regieassistenz	_	_	
81-14	53286-53288	an	_	_	
81-15	53289-53292	den	_	_	
81-16	53293-53302	Hamburger	_	_	
81-17	53303-53316	Kammerspielen	_	_	
81-18	53317-53318	-	_	_	
81-19	53319-53327	erfindet	_	_	
81-20	53328-53335	weitere	_	_	
81-21	53336-53343	Symbole	_	_	
81-22	53344-53345	:	_	_	
81-23	53346-53348	Zu	_	_	
81-24	53349-53355	Beginn	_	_	
81-25	53356-53362	stellt	_	_	
81-26	53363-53366	die	_	_	
81-27	53367-53371	Frau	_	_	
81-28	53372-53376	eine	_	_	
81-29	53377-53387	zerbrochen	_	_	
81-30	53388-53390	am	*->41-1	literal[41]	
81-31	53391-53396	Boden	*->41-2	*[41]	
81-32	53397-53405	liegende	*->41-3	*[41]	
81-33	53406-53412	Statue	_	_	
81-34	53413-53417	aufs	_	_	
81-35	53418-53427	Piedestal	_	_	
81-36	53428-53429	,	_	_	
81-37	53430-53433	die	_	_	
81-38	53434-53436	am	_	_	
81-39	53437-53441	Ende	_	_	
81-40	53442-53448	wieder	_	_	
81-41	53449-53459	umgestoßen	_	_	
81-42	53460-53464	wird	_	_	
81-43	53465-53466	.	_	_	

#Text=Eine Wende kündigt sich in Zeitlupe an : Die Gedemütigte tritt zu , bis die Herrin mit zersplittertem Schienbein am Boden liegt , verletzt und auf Hilfe angewiesen ; das Bibbelreich stürzt zusammen .
83-1	54374-54378	Eine	_	_	
83-2	54379-54384	Wende	_	_	
83-3	54385-54392	kündigt	_	_	
83-4	54393-54397	sich	_	_	
83-5	54398-54400	in	_	_	
83-6	54401-54409	Zeitlupe	_	_	
83-7	54410-54412	an	_	_	
83-8	54413-54414	:	_	_	
83-9	54415-54418	Die	_	_	
83-10	54419-54430	Gedemütigte	_	_	
83-11	54431-54436	tritt	_	_	
83-12	54437-54439	zu	_	_	
83-13	54440-54441	,	_	_	
83-14	54442-54445	bis	_	_	
83-15	54446-54449	die	_	_	
83-16	54450-54456	Herrin	_	_	
83-17	54457-54460	mit	_	_	
83-18	54461-54475	zersplittertem	_	_	
83-19	54476-54486	Schienbein	_	_	
83-20	54487-54489	am	*->42-1	literal[42]	
83-21	54490-54495	Boden	*->42-2	*[42]	
83-22	54496-54501	liegt	*->42-3	*[42]	
83-23	54502-54503	,	_	_	
83-24	54504-54512	verletzt	_	_	
83-25	54513-54516	und	_	_	
83-26	54517-54520	auf	_	_	
83-27	54521-54526	Hilfe	_	_	
83-28	54527-54537	angewiesen	_	_	
83-29	54538-54539	;	_	_	
83-30	54540-54543	das	_	_	
83-31	54544-54555	Bibbelreich	_	_	
83-32	54556-54562	stürzt	*->48-1	non-literal-mwe[48]	
83-33	54563-54571	zusammen	*->48-2	*[48]	
83-34	54572-54573	.	_	_	

#Text=Einer dieser Personen habe sich neben die am Boden liegende Person gekniet , dieser eine Waffe an den Kopf gesetzt und abgedrückt " .
85-1	55130-55135	Einer	_	_	
85-2	55136-55142	dieser	_	_	
85-3	55143-55151	Personen	_	_	
85-4	55152-55156	habe	_	_	
85-5	55157-55161	sich	_	_	
85-6	55162-55167	neben	_	_	
85-7	55168-55171	die	_	_	
85-8	55172-55174	am	*->43-1	literal[43]	
85-9	55175-55180	Boden	*->43-2	*[43]	
85-10	55181-55189	liegende	*->43-3	*[43]	
85-11	55190-55196	Person	_	_	
85-12	55197-55204	gekniet	_	_	
85-13	55205-55206	,	_	_	
85-14	55207-55213	dieser	_	_	
85-15	55214-55218	eine	_	_	
85-16	55219-55224	Waffe	_	_	
85-17	55225-55227	an	_	_	
85-18	55228-55231	den	_	_	
85-19	55232-55236	Kopf	_	_	
85-20	55237-55244	gesetzt	_	_	
85-21	55245-55248	und	_	_	
85-22	55249-55259	abgedrückt	_	_	
85-23	55260-55261	"	_	_	
85-24	55262-55263	.	_	_	

#Text=Mich erinnerten die am Boden liegenden Lemuren und Zerberusse , der Mann im Vogelkäfig und die Frau im Polyestervorhang entfernt an Fura dels Baus , Yesim fand das alles nur " Kaspar-Hauser-mäßig " .
87-1	55779-55783	Mich	_	_	
87-2	55784-55794	erinnerten	_	_	
87-3	55795-55798	die	_	_	
87-4	55799-55801	am	*->44-1	literal[44]	
87-5	55802-55807	Boden	*->44-2	*[44]	
87-6	55808-55817	liegenden	*->44-3	*[44]	
87-7	55818-55825	Lemuren	_	_	
87-8	55826-55829	und	_	_	
87-9	55830-55840	Zerberusse	_	_	
87-10	55841-55842	,	_	_	
87-11	55843-55846	der	_	_	
87-12	55847-55851	Mann	_	_	
87-13	55852-55854	im	_	_	
87-14	55855-55865	Vogelkäfig	_	_	
87-15	55866-55869	und	_	_	
87-16	55870-55873	die	_	_	
87-17	55874-55878	Frau	_	_	
87-18	55879-55881	im	_	_	
87-19	55882-55898	Polyestervorhang	_	_	
87-20	55899-55907	entfernt	_	_	
87-21	55908-55910	an	_	_	
87-22	55911-55915	Fura	_	_	
87-23	55916-55920	dels	_	_	
87-24	55921-55925	Baus	_	_	
87-25	55926-55927	,	_	_	
87-26	55928-55933	Yesim	_	_	
87-27	55934-55938	fand	_	_	
87-28	55939-55942	das	_	_	
87-29	55943-55948	alles	_	_	
87-30	55949-55952	nur	_	_	
87-31	55953-55954	"	_	_	
87-32	55955-55974	Kaspar-Hauser-mäßig	_	_	
87-33	55975-55976	"	_	_	
87-34	55977-55978	.	_	_	

#Text=* Ein Spiel , an das man sich noch lange erinnern kann " , freute sich Svetislav Pesic , " alle haben sie am Boden gelegen , und sie sind wieder aufgestanden
89-1	56631-56632	*	_	_	
89-2	56633-56636	Ein	_	_	
89-3	56637-56642	Spiel	_	_	
89-4	56643-56644	,	_	_	
89-5	56645-56647	an	_	_	
89-6	56648-56651	das	_	_	
89-7	56652-56655	man	_	_	
89-8	56656-56660	sich	_	_	
89-9	56661-56665	noch	_	_	
89-10	56666-56671	lange	_	_	
89-11	56672-56680	erinnern	_	_	
89-12	56681-56685	kann	_	_	
89-13	56686-56687	"	_	_	
89-14	56688-56689	,	_	_	
89-15	56690-56696	freute	_	_	
89-16	56697-56701	sich	_	_	
89-17	56702-56711	Svetislav	_	_	
89-18	56712-56717	Pesic	_	_	
89-19	56718-56719	,	_	_	
89-20	56720-56721	"	_	_	
89-21	56722-56726	alle	_	_	
89-22	56727-56732	haben	_	_	
89-23	56733-56736	sie	*->45-1	non-literal-mwe[45]	
89-24	56737-56739	am	*->45-2	*[45]	
89-25	56740-56745	Boden	*->45-3	*[45]	
89-26	56746-56753	gelegen	_	_	
89-27	56754-56755	,	_	_	
89-28	56756-56759	und	_	_	
89-29	56760-56763	sie	_	_	
89-30	56764-56768	sind	_	_	
89-31	56769-56775	wieder	_	_	
89-32	56776-56788	aufgestanden	_	_	

#Text=An den Krieg im Kosovo ließ denken , was am Dienstag nachmittag über Amerikas Bildschirme flimmerte : Gepanzerte Fahrzeuge , hinter denen schwerbewaffnete Polizeitruppen vorrücken , leblose Körper , die am Boden liegen , blutüberströmte Verletzte , die abtransportiert werden , ganze Gruppen von Menschen , die mit erhobenen Armen im Laufschritt aus einem umkämpften Gebäude geführt werden .
91-1	57432-57434	An	_	_	
91-2	57435-57438	den	_	_	
91-3	57439-57444	Krieg	_	_	
91-4	57445-57447	im	_	_	
91-5	57448-57454	Kosovo	_	_	
91-6	57455-57459	ließ	_	_	
91-7	57460-57466	denken	_	_	
91-8	57467-57468	,	_	_	
91-9	57469-57472	was	_	_	
91-10	57473-57475	am	_	_	
91-11	57476-57484	Dienstag	_	_	
91-12	57485-57495	nachmittag	_	_	
91-13	57496-57500	über	_	_	
91-14	57501-57509	Amerikas	_	_	
91-15	57510-57521	Bildschirme	_	_	
91-16	57522-57531	flimmerte	_	_	
91-17	57532-57533	:	_	_	
91-18	57534-57544	Gepanzerte	_	_	
91-19	57545-57554	Fahrzeuge	_	_	
91-20	57555-57556	,	_	_	
91-21	57557-57563	hinter	_	_	
91-22	57564-57569	denen	_	_	
91-23	57570-57586	schwerbewaffnete	_	_	
91-24	57587-57601	Polizeitruppen	_	_	
91-25	57602-57611	vorrücken	_	_	
91-26	57612-57613	,	_	_	
91-27	57614-57621	leblose	_	_	
91-28	57622-57628	Körper	_	_	
91-29	57629-57630	,	_	_	
91-30	57631-57634	die	_	_	
91-31	57635-57637	am	*->46-1	literal[46]	
91-32	57638-57643	Boden	*->46-2	*[46]	
91-33	57644-57650	liegen	*->46-3	*[46]	
91-34	57651-57652	,	_	_	
91-35	57653-57668	blutüberströmte	_	_	
91-36	57669-57678	Verletzte	_	_	
91-37	57679-57680	,	_	_	
91-38	57681-57684	die	_	_	
91-39	57685-57700	abtransportiert	_	_	
91-40	57701-57707	werden	_	_	
91-41	57708-57709	,	_	_	
91-42	57710-57715	ganze	_	_	
91-43	57716-57723	Gruppen	_	_	
91-44	57724-57727	von	_	_	
91-45	57728-57736	Menschen	_	_	
91-46	57737-57738	,	_	_	
91-47	57739-57742	die	_	_	
91-48	57743-57746	mit	_	_	
91-49	57747-57756	erhobenen	_	_	
91-50	57757-57762	Armen	_	_	
91-51	57763-57765	im	_	_	
91-52	57766-57777	Laufschritt	_	_	
91-53	57778-57781	aus	_	_	
91-54	57782-57787	einem	_	_	
91-55	57788-57798	umkämpften	_	_	
91-56	57799-57806	Gebäude	_	_	
91-57	57807-57814	geführt	_	_	
91-58	57815-57821	werden	_	_	
91-59	57822-57823	.	_	_	

#Text=Während der Türke blutüberströmt am Boden liegt , flüchtet der Täter an der nächsten U-Bahn- Station .
93-1	58216-58223	Während	_	_	
93-2	58224-58227	der	_	_	
93-3	58228-58233	Türke	_	_	
93-4	58234-58248	blutüberströmt	_	_	
93-5	58249-58251	am	*->47-1	literal[47]	
93-6	58252-58257	Boden	*->47-2	*[47]	
93-7	58258-58263	liegt	*->47-3	*[47]	
93-8	58264-58265	,	_	_	
93-9	58266-58274	flüchtet	_	_	
93-10	58275-58278	der	_	_	
93-11	58279-58284	Täter	_	_	
93-12	58285-58287	an	_	_	
93-13	58288-58291	der	_	_	
93-14	58292-58300	nächsten	_	_	
93-15	58301-58308	U-Bahn-	_	_	
93-16	58309-58316	Station	_	_	
93-17	58317-58318	.	_	_	

