#Text=Da muß der Kulturmuffel den Atem anhalten , wenn Batman in Aktion tritt , Dick Tracy sein Zwei-Kanal - Armbanduhr-Funkgerät mit Atombatterie in Betrieb nimmt und Supergirl gegen die surrealen Special Effects der achtziger Jahre zu kämpfen hat .
1-1	0-2	Da	_	_	
1-2	3-6	muß	_	_	
1-3	7-10	der	_	_	
1-4	11-23	Kulturmuffel	_	_	
1-5	24-27	den	_	_	
1-6	28-32	Atem	*->1-1	non-literal-mwe[1]	
1-7	33-41	anhalten	*->1-2	*[1]	
1-8	42-43	,	_	_	
1-9	44-48	wenn	_	_	
1-10	49-55	Batman	_	_	
1-11	56-58	in	_	_	
1-12	59-65	Aktion	_	_	
1-13	66-71	tritt	_	_	
1-14	72-73	,	_	_	
1-15	74-78	Dick	_	_	
1-16	79-84	Tracy	_	_	
1-17	85-89	sein	_	_	
1-18	90-100	Zwei-Kanal	_	_	
1-19	101-102	-	_	_	
1-20	103-123	Armbanduhr-Funkgerät	_	_	
1-21	124-127	mit	_	_	
1-22	128-140	Atombatterie	_	_	
1-23	141-143	in	_	_	
1-24	144-151	Betrieb	_	_	
1-25	152-157	nimmt	_	_	
1-26	158-161	und	_	_	
1-27	162-171	Supergirl	_	_	
1-28	172-177	gegen	_	_	
1-29	178-181	die	_	_	
1-30	182-191	surrealen	_	_	
1-31	192-199	Special	_	_	
1-32	200-207	Effects	_	_	
1-33	208-211	der	_	_	
1-34	212-221	achtziger	_	_	
1-35	222-227	Jahre	_	_	
1-36	228-230	zu	_	_	
1-37	231-238	kämpfen	_	_	
1-38	239-242	hat	_	_	
1-39	243-244	.	_	_	

#Text=Und die fordern das Publikum - das einmal den Atem anhält : Einer läßt sich in einer Mut - / Vertrauensprobe von einer Wand fallen .
3-1	746-749	Und	_	_	
3-2	750-753	die	_	_	
3-3	754-761	fordern	_	_	
3-4	762-765	das	_	_	
3-5	766-774	Publikum	_	_	
3-6	775-776	-	_	_	
3-7	777-780	das	_	_	
3-8	781-787	einmal	_	_	
3-9	788-791	den	_	_	
3-10	792-796	Atem	*->2-1	both-mwe[2]	
3-11	797-803	anhält	*->2-2	*[2]	
3-12	804-805	:	_	_	
3-13	806-811	Einer	_	_	
3-14	812-816	läßt	_	_	
3-15	817-821	sich	_	_	
3-16	822-824	in	_	_	
3-17	825-830	einer	_	_	
3-18	831-834	Mut	_	_	
3-19	835-836	-	_	_	
3-20	837-838	/	_	_	
3-21	839-854	Vertrauensprobe	_	_	
3-22	855-858	von	_	_	
3-23	859-864	einer	_	_	
3-24	865-869	Wand	_	_	
3-25	870-876	fallen	_	_	
3-26	877-878	.	_	_	

#Text=In solchen historischen Situationen , wo die Ereignisse sich überschlagen und die Welt den Atem anhält , da hat vor allem das Radio die Nase vorn .
5-1	1689-1691	In	_	_	
5-2	1692-1699	solchen	_	_	
5-3	1700-1712	historischen	_	_	
5-4	1713-1724	Situationen	_	_	
5-5	1725-1726	,	_	_	
5-6	1727-1729	wo	_	_	
5-7	1730-1733	die	_	_	
5-8	1734-1744	Ereignisse	_	_	
5-9	1745-1749	sich	_	_	
5-10	1750-1762	überschlagen	_	_	
5-11	1763-1766	und	_	_	
5-12	1767-1770	die	_	_	
5-13	1771-1775	Welt	_	_	
5-14	1776-1779	den	_	_	
5-15	1780-1784	Atem	*->3-1	non-literal-mwe[3]	
5-16	1785-1791	anhält	*->3-2	*[3]	
5-17	1792-1793	,	_	_	
5-18	1794-1796	da	_	_	
5-19	1797-1800	hat	_	_	
5-20	1801-1804	vor	_	_	
5-21	1805-1810	allem	_	_	
5-22	1811-1814	das	_	_	
5-23	1815-1820	Radio	_	_	
5-24	1821-1824	die	_	_	
5-25	1825-1829	Nase	_	_	
5-26	1830-1834	vorn	_	_	
5-27	1835-1836	.	_	_	

#Text=Die miserablen Umfrageergebnisse der Union lassen einige bereits jetzt den Atem anhalten .
7-1	2369-2372	Die	_	_	
7-2	2373-2383	miserablen	_	_	
7-3	2384-2401	Umfrageergebnisse	_	_	
7-4	2402-2405	der	_	_	
7-5	2406-2411	Union	_	_	
7-6	2412-2418	lassen	_	_	
7-7	2419-2425	einige	_	_	
7-8	2426-2433	bereits	_	_	
7-9	2434-2439	jetzt	_	_	
7-10	2440-2443	den	_	_	
7-11	2444-2448	Atem	*->4-1	non-literal-mwe[4]	
7-12	2449-2457	anhalten	*->4-2	*[4]	
7-13	2458-2459	.	_	_	

#Text=' De Volkskrant ` ( Holland ) : " Rotterdam hatte den Atem angehalten .
9-1	3187-3188	'	_	_	
9-2	3189-3191	De	_	_	
9-3	3192-3202	Volkskrant	_	_	
9-4	3203-3204	`	_	_	
9-5	3205-3206	(	_	_	
9-6	3207-3214	Holland	_	_	
9-7	3215-3216	)	_	_	
9-8	3217-3218	:	_	_	
9-9	3219-3220	"	_	_	
9-10	3221-3230	Rotterdam	_	_	
9-11	3231-3236	hatte	_	_	
9-12	3237-3240	den	_	_	
9-13	3241-3245	Atem	*->5-1	non-literal-mwe[5]	
9-14	3246-3256	angehalten	*->5-2	*[5]	
9-15	3257-3258	.	_	_	

#Text=Zuvorderst ist die hinreißende Musik zu rühmen : Lothar Zagrosek und das Gewandhausorchester legten eine Figaro-Ouvertüre vor , daß man den Atem anhalten mußte .
11-1	3549-3559	Zuvorderst	_	_	
11-2	3560-3563	ist	_	_	
11-3	3564-3567	die	_	_	
11-4	3568-3579	hinreißende	_	_	
11-5	3580-3585	Musik	_	_	
11-6	3586-3588	zu	_	_	
11-7	3589-3595	rühmen	_	_	
11-8	3596-3597	:	_	_	
11-9	3598-3604	Lothar	_	_	
11-10	3605-3613	Zagrosek	_	_	
11-11	3614-3617	und	_	_	
11-12	3618-3621	das	_	_	
11-13	3622-3641	Gewandhausorchester	_	_	
11-14	3642-3648	legten	_	_	
11-15	3649-3653	eine	_	_	
11-16	3654-3670	Figaro-Ouvertüre	_	_	
11-17	3671-3674	vor	_	_	
11-18	3675-3676	,	_	_	
11-19	3677-3680	daß	_	_	
11-20	3681-3684	man	_	_	
11-21	3685-3688	den	_	_	
11-22	3689-3693	Atem	*->6-1	literal[6]	
11-23	3694-3702	anhalten	*->6-2	*[6]	
11-24	3703-3708	mußte	_	_	
11-25	3709-3710	.	_	_	

#Text=Im ersten Augenblick mußte ich den Atem anhalten .
13-1	4414-4416	Im	_	_	
13-2	4417-4423	ersten	_	_	
13-3	4424-4434	Augenblick	_	_	
13-4	4435-4440	mußte	_	_	
13-5	4441-4444	ich	_	_	
13-6	4445-4448	den	_	_	
13-7	4449-4453	Atem	*->7-1	both-mwe[7]	
13-8	4454-4462	anhalten	*->7-2	*[7]	
13-9	4463-4464	.	_	_	

#Text=Ich gehe zu dem Bäumchen gegenüber dem Haupteingang : Müllsack ( mit Decken gefüllt ) auf die feuchte Erde , Pappschild und Hut ( Baskenmütze ) in Position und dann den Atem anhalten .
15-1	4761-4764	Ich	_	_	
15-2	4765-4769	gehe	_	_	
15-3	4770-4772	zu	_	_	
15-4	4773-4776	dem	_	_	
15-5	4777-4785	Bäumchen	_	_	
15-6	4786-4795	gegenüber	_	_	
15-7	4796-4799	dem	_	_	
15-8	4800-4812	Haupteingang	_	_	
15-9	4813-4814	:	_	_	
15-10	4815-4823	Müllsack	_	_	
15-11	4824-4825	(	_	_	
15-12	4826-4829	mit	_	_	
15-13	4830-4836	Decken	_	_	
15-14	4837-4844	gefüllt	_	_	
15-15	4845-4846	)	_	_	
15-16	4847-4850	auf	_	_	
15-17	4851-4854	die	_	_	
15-18	4855-4862	feuchte	_	_	
15-19	4863-4867	Erde	_	_	
15-20	4868-4869	,	_	_	
15-21	4870-4880	Pappschild	_	_	
15-22	4881-4884	und	_	_	
15-23	4885-4888	Hut	_	_	
15-24	4889-4890	(	_	_	
15-25	4891-4902	Baskenmütze	_	_	
15-26	4903-4904	)	_	_	
15-27	4905-4907	in	_	_	
15-28	4908-4916	Position	_	_	
15-29	4917-4920	und	_	_	
15-30	4921-4925	dann	_	_	
15-31	4926-4929	den	_	_	
15-32	4930-4934	Atem	*->8-1	non-literal-mwe[8]	
15-33	4935-4943	anhalten	*->8-2	*[8]	
15-34	4944-4945	.	_	_	

#Text=Sascha A. , der " Stasi-Spitzel " - da haben viele den Atem angehalten und gefragt , kann er das auch belegen , der Biermann , ist die Akte auffindbar , ist er nicht ein wenig zu weit gegangen ... Paart sich jetzt die Egozentrik , die wir dem Künstler Biermann immer verziehen haben , mit einer übermäßigen Prise Altersstarrsinn ?
17-1	6016-6022	Sascha	_	_	
17-2	6023-6025	A.	_	_	
17-3	6026-6027	,	_	_	
17-4	6028-6031	der	_	_	
17-5	6032-6033	"	_	_	
17-6	6034-6047	Stasi-Spitzel	_	_	
17-7	6048-6049	"	_	_	
17-8	6050-6051	-	_	_	
17-9	6052-6054	da	_	_	
17-10	6055-6060	haben	_	_	
17-11	6061-6066	viele	_	_	
17-12	6067-6070	den	_	_	
17-13	6071-6075	Atem	*->9-1	non-literal-mwe[9]	
17-14	6076-6086	angehalten	*->9-2	*[9]	
17-15	6087-6090	und	_	_	
17-16	6091-6098	gefragt	_	_	
17-17	6099-6100	,	_	_	
17-18	6101-6105	kann	_	_	
17-19	6106-6108	er	_	_	
17-20	6109-6112	das	_	_	
17-21	6113-6117	auch	_	_	
17-22	6118-6125	belegen	_	_	
17-23	6126-6127	,	_	_	
17-24	6128-6131	der	_	_	
17-25	6132-6140	Biermann	_	_	
17-26	6141-6142	,	_	_	
17-27	6143-6146	ist	_	_	
17-28	6147-6150	die	_	_	
17-29	6151-6155	Akte	_	_	
17-30	6156-6166	auffindbar	_	_	
17-31	6167-6168	,	_	_	
17-32	6169-6172	ist	_	_	
17-33	6173-6175	er	_	_	
17-34	6176-6181	nicht	_	_	
17-35	6182-6185	ein	_	_	
17-36	6186-6191	wenig	_	_	
17-37	6192-6194	zu	_	_	
17-38	6195-6199	weit	_	_	
17-39	6200-6208	gegangen	_	_	
17-40	6209-6212	...	_	_	
17-41	6213-6218	Paart	_	_	
17-42	6219-6223	sich	_	_	
17-43	6224-6229	jetzt	_	_	
17-44	6230-6233	die	_	_	
17-45	6234-6244	Egozentrik	_	_	
17-46	6245-6246	,	_	_	
17-47	6247-6250	die	_	_	
17-48	6251-6254	wir	_	_	
17-49	6255-6258	dem	_	_	
17-50	6259-6267	Künstler	_	_	
17-51	6268-6276	Biermann	_	_	
17-52	6277-6282	immer	_	_	
17-53	6283-6292	verziehen	_	_	
17-54	6293-6298	haben	_	_	
17-55	6299-6300	,	_	_	
17-56	6301-6304	mit	_	_	
17-57	6305-6310	einer	_	_	
17-58	6311-6322	übermäßigen	_	_	
17-59	6323-6328	Prise	_	_	
17-60	6329-6344	Altersstarrsinn	_	_	
17-61	6345-6346	?	_	_	

#Text=Koettlitz und sein Ensemble machen das schwierige Stück so leicht , so stimmig , so zärtlich und so kalt , daß die Zuschauer , wie Faßbinder es wollte , in ein Wechselbad von Gefühlen gestürzt werden , daß sie den Atem anhalten und heulen können .
19-1	6678-6687	Koettlitz	_	_	
19-2	6688-6691	und	_	_	
19-3	6692-6696	sein	_	_	
19-4	6697-6705	Ensemble	_	_	
19-5	6706-6712	machen	_	_	
19-6	6713-6716	das	_	_	
19-7	6717-6727	schwierige	_	_	
19-8	6728-6733	Stück	_	_	
19-9	6734-6736	so	_	_	
19-10	6737-6743	leicht	_	_	
19-11	6744-6745	,	_	_	
19-12	6746-6748	so	_	_	
19-13	6749-6756	stimmig	_	_	
19-14	6757-6758	,	_	_	
19-15	6759-6761	so	_	_	
19-16	6762-6770	zärtlich	_	_	
19-17	6771-6774	und	_	_	
19-18	6775-6777	so	_	_	
19-19	6778-6782	kalt	_	_	
19-20	6783-6784	,	_	_	
19-21	6785-6788	daß	_	_	
19-22	6789-6792	die	_	_	
19-23	6793-6802	Zuschauer	_	_	
19-24	6803-6804	,	_	_	
19-25	6805-6808	wie	_	_	
19-26	6809-6818	Faßbinder	_	_	
19-27	6819-6821	es	_	_	
19-28	6822-6828	wollte	_	_	
19-29	6829-6830	,	_	_	
19-30	6831-6833	in	_	_	
19-31	6834-6837	ein	_	_	
19-32	6838-6848	Wechselbad	_	_	
19-33	6849-6852	von	_	_	
19-34	6853-6861	Gefühlen	_	_	
19-35	6862-6870	gestürzt	_	_	
19-36	6871-6877	werden	_	_	
19-37	6878-6879	,	_	_	
19-38	6880-6883	daß	_	_	
19-39	6884-6887	sie	_	_	
19-40	6888-6891	den	_	_	
19-41	6892-6896	Atem	*->10-1	both-mwe[10]	
19-42	6897-6905	anhalten	*->10-2	*[10]	
19-43	6906-6909	und	_	_	
19-44	6910-6916	heulen	_	_	
19-45	6917-6923	können	_	_	
19-46	6924-6925	.	_	_	

#Text=Louis Malles erstem und gleich genialem Film von 1957 ( Vorreiter der Nouvelle Vague ) hat das Leben scheinbar den Atem angehalten und doch läuft , irgendwo , die Zeit wie eine unsichtbare Uhr ab .
21-1	7700-7705	Louis	_	_	
21-2	7706-7712	Malles	_	_	
21-3	7713-7719	erstem	_	_	
21-4	7720-7723	und	_	_	
21-5	7724-7730	gleich	_	_	
21-6	7731-7739	genialem	_	_	
21-7	7740-7744	Film	_	_	
21-8	7745-7748	von	_	_	
21-9	7749-7753	1957	_	_	
21-10	7754-7755	(	_	_	
21-11	7756-7765	Vorreiter	_	_	
21-12	7766-7769	der	_	_	
21-13	7770-7778	Nouvelle	_	_	
21-14	7779-7784	Vague	_	_	
21-15	7785-7786	)	_	_	
21-16	7787-7790	hat	_	_	
21-17	7791-7794	das	_	_	
21-18	7795-7800	Leben	_	_	
21-19	7801-7810	scheinbar	_	_	
21-20	7811-7814	den	_	_	
21-21	7815-7819	Atem	*->11-1	*[11]	
21-22	7820-7830	angehalten	*->11-2	*[11]	
21-23	7831-7834	und	_	_	
21-24	7835-7839	doch	_	_	
21-25	7840-7845	läuft	_	_	
21-26	7846-7847	,	_	_	
21-27	7848-7856	irgendwo	_	_	
21-28	7857-7858	,	_	_	
21-29	7859-7862	die	_	_	
21-30	7863-7867	Zeit	_	_	
21-31	7868-7871	wie	_	_	
21-32	7872-7876	eine	_	_	
21-33	7877-7888	unsichtbare	_	_	
21-34	7889-7892	Uhr	_	_	
21-35	7893-7895	ab	_	_	
21-36	7896-7897	.	_	_	

#Text=Unter Hinweis auf den Krieg in Jugoslawien sagte er , wer auf » unsere Welt sieht , muß den Atem anhalten « .
23-1	8096-8101	Unter	_	_	
23-2	8102-8109	Hinweis	_	_	
23-3	8110-8113	auf	_	_	
23-4	8114-8117	den	_	_	
23-5	8118-8123	Krieg	_	_	
23-6	8124-8126	in	_	_	
23-7	8127-8138	Jugoslawien	_	_	
23-8	8139-8144	sagte	_	_	
23-9	8145-8147	er	_	_	
23-10	8148-8149	,	_	_	
23-11	8150-8153	wer	_	_	
23-12	8154-8157	auf	_	_	
23-13	8158-8159	»	_	_	
23-14	8160-8166	unsere	_	_	
23-15	8167-8171	Welt	_	_	
23-16	8172-8177	sieht	_	_	
23-17	8178-8179	,	_	_	
23-18	8180-8183	muß	_	_	
23-19	8184-8187	den	_	_	
23-20	8188-8192	Atem	*->12-1	*[12]	
23-21	8193-8201	anhalten	*->12-2	*[12]	
23-22	8202-8203	«	_	_	
23-23	8204-8205	.	_	_	

#Text=Während Algier den Atem anhält unter der Bleikappe der " Securite militaire " , bereitet sich draußen , an den Gestaden des " Club des Pins " , die alte Einheitspartei FLN ein Begräbnis erster Klasse .
25-1	8892-8899	Während	_	_	
25-2	8900-8906	Algier	_	_	
25-3	8907-8910	den	_	_	
25-4	8911-8915	Atem	*->13-1	*[13]	
25-5	8916-8922	anhält	*->13-2	*[13]	
25-6	8923-8928	unter	_	_	
25-7	8929-8932	der	_	_	
25-8	8933-8942	Bleikappe	_	_	
25-9	8943-8946	der	_	_	
25-10	8947-8948	"	_	_	
25-11	8949-8957	Securite	_	_	
25-12	8958-8967	militaire	_	_	
25-13	8968-8969	"	_	_	
25-14	8970-8971	,	_	_	
25-15	8972-8980	bereitet	_	_	
25-16	8981-8985	sich	_	_	
25-17	8986-8993	draußen	_	_	
25-18	8994-8995	,	_	_	
25-19	8996-8998	an	_	_	
25-20	8999-9002	den	_	_	
25-21	9003-9011	Gestaden	_	_	
25-22	9012-9015	des	_	_	
25-23	9016-9017	"	_	_	
25-24	9018-9022	Club	_	_	
25-25	9023-9026	des	_	_	
25-26	9027-9031	Pins	_	_	
25-27	9032-9033	"	_	_	
25-28	9034-9035	,	_	_	
25-29	9036-9039	die	_	_	
25-30	9040-9044	alte	_	_	
25-31	9045-9059	Einheitspartei	_	_	
25-32	9060-9063	FLN	_	_	
25-33	9064-9067	ein	_	_	
25-34	9068-9077	Begräbnis	_	_	
25-35	9078-9084	erster	_	_	
25-36	9085-9091	Klasse	_	_	
25-37	9092-9093	.	_	_	

#Text=Während Algier den Atem anhält unter der Bleikappe der " Securite militaire " , bereitet sich draußen , an den Gestaden des " Club des Pins " , die alte Einheitspartei FLN ein Begräbnis erster Klasse .
27-1	10189-10196	Während	_	_	
27-2	10197-10203	Algier	_	_	
27-3	10204-10207	den	_	_	
27-4	10208-10212	Atem	*->14-1	non-literal-mwe[14]	
27-5	10213-10219	anhält	*->14-2	*[14]	
27-6	10220-10225	unter	_	_	
27-7	10226-10229	der	_	_	
27-8	10230-10239	Bleikappe	_	_	
27-9	10240-10243	der	_	_	
27-10	10244-10245	"	_	_	
27-11	10246-10254	Securite	_	_	
27-12	10255-10264	militaire	_	_	
27-13	10265-10266	"	_	_	
27-14	10267-10268	,	_	_	
27-15	10269-10277	bereitet	_	_	
27-16	10278-10282	sich	_	_	
27-17	10283-10290	draußen	_	_	
27-18	10291-10292	,	_	_	
27-19	10293-10295	an	_	_	
27-20	10296-10299	den	_	_	
27-21	10300-10308	Gestaden	_	_	
27-22	10309-10312	des	_	_	
27-23	10313-10314	"	_	_	
27-24	10315-10319	Club	_	_	
27-25	10320-10323	des	_	_	
27-26	10324-10328	Pins	_	_	
27-27	10329-10330	"	_	_	
27-28	10331-10332	,	_	_	
27-29	10333-10336	die	_	_	
27-30	10337-10341	alte	_	_	
27-31	10342-10356	Einheitspartei	_	_	
27-32	10357-10360	FLN	_	_	
27-33	10361-10364	ein	_	_	
27-34	10365-10374	Begräbnis	_	_	
27-35	10375-10381	erster	_	_	
27-36	10382-10388	Klasse	_	_	
27-37	10389-10390	.	_	_	

#Text=Und Mompers SPD-Opposition ist ein Wackelpudding , der eben in Windrichtung zittert : Soll jetzt etwa die Weltgeschichte den Atem anhalten , weil auch Momper empört absagt ?
29-1	11486-11489	Und	_	_	
29-2	11490-11497	Mompers	_	_	
29-3	11498-11512	SPD-Opposition	_	_	
29-4	11513-11516	ist	_	_	
29-5	11517-11520	ein	_	_	
29-6	11521-11534	Wackelpudding	_	_	
29-7	11535-11536	,	_	_	
29-8	11537-11540	der	_	_	
29-9	11541-11545	eben	_	_	
29-10	11546-11548	in	_	_	
29-11	11549-11561	Windrichtung	_	_	
29-12	11562-11569	zittert	_	_	
29-13	11570-11571	:	_	_	
29-14	11572-11576	Soll	_	_	
29-15	11577-11582	jetzt	_	_	
29-16	11583-11587	etwa	_	_	
29-17	11588-11591	die	_	_	
29-18	11592-11606	Weltgeschichte	_	_	
29-19	11607-11610	den	_	_	
29-20	11611-11615	Atem	*->15-1	non-literal-mwe[15]	
29-21	11616-11624	anhalten	*->15-2	*[15]	
29-22	11625-11626	,	_	_	
29-23	11627-11631	weil	_	_	
29-24	11632-11636	auch	_	_	
29-25	11637-11643	Momper	_	_	
29-26	11644-11650	empört	_	_	
29-27	11651-11657	absagt	_	_	
29-28	11658-11659	?	_	_	

#Text=Wer in verschiedenen Lebensabschnitten kurz den Atem angehalten und Bilanz gezogen hat , wird festgestellt haben , daß der Verlust immer größer ist als der Gewinn .
31-1	13634-13637	Wer	_	_	
31-2	13638-13640	in	_	_	
31-3	13641-13654	verschiedenen	_	_	
31-4	13655-13672	Lebensabschnitten	_	_	
31-5	13673-13677	kurz	_	_	
31-6	13678-13681	den	_	_	
31-7	13682-13686	Atem	*->16-1	non-literal-mwe[16]	
31-8	13687-13697	angehalten	*->16-2	*[16]	
31-9	13698-13701	und	_	_	
31-10	13702-13708	Bilanz	_	_	
31-11	13709-13716	gezogen	_	_	
31-12	13717-13720	hat	_	_	
31-13	13721-13722	,	_	_	
31-14	13723-13727	wird	_	_	
31-15	13728-13740	festgestellt	_	_	
31-16	13741-13746	haben	_	_	
31-17	13747-13748	,	_	_	
31-18	13749-13752	daß	_	_	
31-19	13753-13756	der	_	_	
31-20	13757-13764	Verlust	_	_	
31-21	13765-13770	immer	_	_	
31-22	13771-13777	größer	_	_	
31-23	13778-13781	ist	_	_	
31-24	13782-13785	als	_	_	
31-25	13786-13789	der	_	_	
31-26	13790-13796	Gewinn	_	_	
31-27	13797-13798	.	_	_	

#Text=Sie füllt die Rolle aus mit jeder Geste , jedem Blick , jedem Ton - so daß die Leute den Atem anhalten müssen , solange sie noch lebt und singt , und , als sie stirbt , ein Stückchen mitsterben .
33-1	14943-14946	Sie	_	_	
33-2	14947-14952	füllt	_	_	
33-3	14953-14956	die	_	_	
33-4	14957-14962	Rolle	_	_	
33-5	14963-14966	aus	_	_	
33-6	14967-14970	mit	_	_	
33-7	14971-14976	jeder	_	_	
33-8	14977-14982	Geste	_	_	
33-9	14983-14984	,	_	_	
33-10	14985-14990	jedem	_	_	
33-11	14991-14996	Blick	_	_	
33-12	14997-14998	,	_	_	
33-13	14999-15004	jedem	_	_	
33-14	15005-15008	Ton	_	_	
33-15	15009-15010	-	_	_	
33-16	15011-15013	so	_	_	
33-17	15014-15017	daß	_	_	
33-18	15018-15021	die	_	_	
33-19	15022-15027	Leute	_	_	
33-20	15028-15031	den	_	_	
33-21	15032-15036	Atem	*->17-1	both-mwe[17]	
33-22	15037-15045	anhalten	*->17-2	*[17]	
33-23	15046-15052	müssen	_	_	
33-24	15053-15054	,	_	_	
33-25	15055-15062	solange	_	_	
33-26	15063-15066	sie	_	_	
33-27	15067-15071	noch	_	_	
33-28	15072-15076	lebt	_	_	
33-29	15077-15080	und	_	_	
33-30	15081-15086	singt	_	_	
33-31	15087-15088	,	_	_	
33-32	15089-15092	und	_	_	
33-33	15093-15094	,	_	_	
33-34	15095-15098	als	_	_	
33-35	15099-15102	sie	_	_	
33-36	15103-15109	stirbt	_	_	
33-37	15110-15111	,	_	_	
33-38	15112-15115	ein	_	_	
33-39	15116-15125	Stückchen	_	_	
33-40	15126-15136	mitsterben	_	_	
33-41	15137-15138	.	_	_	

#Text=Sie und die anderen Lagerinsassen hatten den Atem angehalten , als der Jeep an der Eingangstür des Lagers vorgefahren war .
35-1	16678-16681	Sie	_	_	
35-2	16682-16685	und	_	_	
35-3	16686-16689	die	_	_	
35-4	16690-16697	anderen	_	_	
35-5	16698-16711	Lagerinsassen	_	_	
35-6	16712-16718	hatten	_	_	
35-7	16719-16722	den	_	_	
35-8	16723-16727	Atem	*->18-1	both-mwe[18]	
35-9	16728-16738	angehalten	*->18-2	*[18]	
35-10	16739-16740	,	_	_	
35-11	16741-16744	als	_	_	
35-12	16745-16748	der	_	_	
35-13	16749-16753	Jeep	_	_	
35-14	16754-16756	an	_	_	
35-15	16757-16760	der	_	_	
35-16	16761-16772	Eingangstür	_	_	
35-17	16773-16776	des	_	_	
35-18	16777-16783	Lagers	_	_	
35-19	16784-16795	vorgefahren	_	_	
35-20	16796-16799	war	_	_	
35-21	16800-16801	.	_	_	

#Text=Brasiliens Reiche haben allen Grund , den Atem anzuhalten .
37-1	18404-18414	Brasiliens	_	_	
37-2	18415-18421	Reiche	_	_	
37-3	18422-18427	haben	_	_	
37-4	18428-18433	allen	_	_	
37-5	18434-18439	Grund	_	_	
37-6	18440-18441	,	_	_	
37-7	18442-18445	den	_	_	
37-8	18446-18450	Atem	*->19-1	non-literal-mwe[19]	
37-9	18451-18461	anzuhalten	*->19-2	*[19]	
37-10	18462-18463	.	_	_	

#Text=Das ganze Land würde den Atem anhalten wie zuletzt im Golfkrieg .
39-1	19121-19124	Das	_	_	
39-2	19125-19130	ganze	_	_	
39-3	19131-19135	Land	_	_	
39-4	19136-19141	würde	_	_	
39-5	19142-19145	den	_	_	
39-6	19146-19150	Atem	*->20-1	non-literal-mwe[20]	
39-7	19151-19159	anhalten	*->20-2	*[20]	
39-8	19160-19163	wie	_	_	
39-9	19164-19171	zuletzt	_	_	
39-10	19172-19174	im	_	_	
39-11	19175-19184	Golfkrieg	_	_	
39-12	19185-19186	.	_	_	

#Text=Aber dann offenbarte Levin eine unbeschreibliche Fülle an Klangfarben , Artikulationen und besonders Rubati , die einen nicht selten den Atem anhalten ließen .
41-1	20270-20274	Aber	_	_	
41-2	20275-20279	dann	_	_	
41-3	20280-20290	offenbarte	_	_	
41-4	20291-20296	Levin	_	_	
41-5	20297-20301	eine	_	_	
41-6	20302-20318	unbeschreibliche	_	_	
41-7	20319-20324	Fülle	_	_	
41-8	20325-20327	an	_	_	
41-9	20328-20339	Klangfarben	_	_	
41-10	20340-20341	,	_	_	
41-11	20342-20356	Artikulationen	_	_	
41-12	20357-20360	und	_	_	
41-13	20361-20370	besonders	_	_	
41-14	20371-20377	Rubati	_	_	
41-15	20378-20379	,	_	_	
41-16	20380-20383	die	_	_	
41-17	20384-20389	einen	_	_	
41-18	20390-20395	nicht	_	_	
41-19	20396-20402	selten	_	_	
41-20	20403-20406	den	_	_	
41-21	20407-20411	Atem	*->21-1	literal[21]	
41-22	20412-20420	anhalten	*->21-2	*[21]	
41-23	20421-20427	ließen	_	_	
41-24	20428-20429	.	_	_	

#Text=Mit angehaltenem Atem linst der 20jährige durch den Spion .
1	_	Mit	_	_	
2	_	angehaltenem	*->22-1	literal[22]	
3	_	Atem	*->22-2	*[22]	
4	_	linst	_	_	
5	_	der	_	_	
6	_	20jährige	_	_	
7	_	durch	_	_	
8	_	den	_	_	
9	_	Spion	_	_	
10	_	.	_	_	

#Text=Aber zweifellos durchlebt man Eau de la vie zehn Minuten lang mit angehaltenem Atem .
1	_	Aber	_	_	
2	_	zweifellos	_	_	
3	_	durchlebt	_	_	
4	_	man	_	_	
5	_	Eau	_	_	
6	_	de	_	_	
7	_	la	_	_	
8	_	vie	_	_	
9	_	zehn	_	_	
10	_	Minuten	_	_	
11	_	lang	_	_	
12	_	mit	_	_	
13	_	angehaltenem	*->23-1	non-literal-mwe[23]	
14	_	Atem	*->23-2	*[23]	
15	_	.	_	_	

#Text=Hierbei durchquert man die Vorstädte und ein Industriegebiet , wo man lieber den Atem anhält , und wechselt über auf das andere Ufer des Tiete , dieses neuzeitlichen Styx am Stadtrand von Sao Paulo .
47-1	22862-22869	Hierbei	_	_	
47-2	22870-22880	durchquert	_	_	
47-3	22881-22884	man	_	_	
47-4	22885-22888	die	_	_	
47-5	22889-22898	Vorstädte	_	_	
47-6	22899-22902	und	_	_	
47-7	22903-22906	ein	_	_	
47-8	22907-22922	Industriegebiet	_	_	
47-9	22923-22924	,	_	_	
47-10	22925-22927	wo	_	_	
47-11	22928-22931	man	_	_	
47-12	22932-22938	lieber	_	_	
47-13	22939-22942	den	_	_	
47-14	22943-22947	Atem	*->24-1	literal[24]	
47-15	22948-22954	anhält	*->24-2	*[24]	
47-16	22955-22956	,	_	_	
47-17	22957-22960	und	_	_	
47-18	22961-22969	wechselt	_	_	
47-19	22970-22974	über	_	_	
47-20	22975-22978	auf	_	_	
47-21	22979-22982	das	_	_	
47-22	22983-22989	andere	_	_	
47-23	22990-22994	Ufer	_	_	
47-24	22995-22998	des	_	_	
47-25	22999-23004	Tiete	_	_	
47-26	23005-23006	,	_	_	
47-27	23007-23013	dieses	_	_	
47-28	23014-23027	neuzeitlichen	_	_	
47-29	23028-23032	Styx	_	_	
47-30	23033-23035	am	_	_	
47-31	23036-23045	Stadtrand	_	_	
47-32	23046-23049	von	_	_	
47-33	23050-23053	Sao	_	_	
47-34	23054-23059	Paulo	_	_	
47-35	23060-23061	.	_	_	

#Text=In vielen Ihrer Filme gibt es so einen Moment , wo man den Atem anhält .
49-1	23648-23650	In	_	_	
49-2	23651-23657	vielen	_	_	
49-3	23658-23663	Ihrer	_	_	
49-4	23664-23669	Filme	_	_	
49-5	23670-23674	gibt	_	_	
49-6	23675-23677	es	_	_	
49-7	23678-23680	so	_	_	
49-8	23681-23686	einen	_	_	
49-9	23687-23693	Moment	_	_	
49-10	23694-23695	,	_	_	
49-11	23696-23698	wo	_	_	
49-12	23699-23702	man	_	_	
49-13	23703-23706	den	_	_	
49-14	23707-23711	Atem	*->25-1	both-mwe[25]	
49-15	23712-23718	anhält	*->25-2	*[25]	
49-16	23719-23720	.	_	_	

#Text=- Nie den Atem anhalten !
51-1	23945-23946	-	_	_	
51-2	23947-23950	Nie	_	_	
51-3	23951-23954	den	_	_	
51-4	23955-23959	Atem	*->26-1	literal[26]	
51-5	23960-23968	anhalten	*->26-2	*[26]	
51-6	23969-23970	!	_	_	

#Text=Wenn Bremen den Atem anhält und tja - das ist nun die Frage .
53-1	25135-25139	Wenn	_	_	
53-2	25140-25146	Bremen	_	_	
53-3	25147-25150	den	_	_	
53-4	25151-25155	Atem	*->27-1	non-literal-mwe[27]	
53-5	25156-25162	anhält	*->27-2	*[27]	
53-6	25163-25166	und	_	_	
53-7	25167-25170	tja	_	_	
53-8	25171-25172	-	_	_	
53-9	25173-25176	das	_	_	
53-10	25177-25180	ist	_	_	
53-11	25181-25184	nun	_	_	
53-12	25185-25188	die	_	_	
53-13	25189-25194	Frage	_	_	
53-14	25195-25196	.	_	_	

#Text=Zwischendurch gibt es immer wieder Phasen mit Tonnuancierungen , die uns den Atem anhalten lassen : Zum Beispiel den Schluß des ersten Satzes der G-Dur-Sonate .
55-1	25455-25468	Zwischendurch	_	_	
55-2	25469-25473	gibt	_	_	
55-3	25474-25476	es	_	_	
55-4	25477-25482	immer	_	_	
55-5	25483-25489	wieder	_	_	
55-6	25490-25496	Phasen	_	_	
55-7	25497-25500	mit	_	_	
55-8	25501-25517	Tonnuancierungen	_	_	
55-9	25518-25519	,	_	_	
55-10	25520-25523	die	_	_	
55-11	25524-25527	uns	_	_	
55-12	25528-25531	den	_	_	
55-13	25532-25536	Atem	*->28-1	both-mwe[28]	
55-14	25537-25545	anhalten	*->28-2	*[28]	
55-15	25546-25552	lassen	_	_	
55-16	25553-25554	:	_	_	
55-17	25555-25558	Zum	_	_	
55-18	25559-25567	Beispiel	_	_	
55-19	25568-25571	den	_	_	
55-20	25572-25578	Schluß	_	_	
55-21	25579-25582	des	_	_	
55-22	25583-25589	ersten	_	_	
55-23	25590-25596	Satzes	_	_	
55-24	25597-25600	der	_	_	
55-25	25601-25613	G-Dur-Sonate	_	_	
55-26	25614-25615	.	_	_	

#Text=Ein mißglückter Start ist ein Mißerfolg aller , und so hielten alle auch in Bremen gestern den Atem an , als kaum mehr als 30 Sekunden vor dem Starttermin der Count-down angehalten wurde .
57-1	26460-26463	Ein	_	_	
57-2	26464-26475	mißglückter	_	_	
57-3	26476-26481	Start	_	_	
57-4	26482-26485	ist	_	_	
57-5	26486-26489	ein	_	_	
57-6	26490-26499	Mißerfolg	_	_	
57-7	26500-26505	aller	_	_	
57-8	26506-26507	,	_	_	
57-9	26508-26511	und	_	_	
57-10	26512-26514	so	_	_	
57-11	26515-26522	hielten	_	_	
57-12	26523-26527	alle	_	_	
57-13	26528-26532	auch	_	_	
57-14	26533-26535	in	_	_	
57-15	26536-26542	Bremen	_	_	
57-16	26543-26550	gestern	_	_	
57-17	26551-26554	den	_	_	
57-18	26555-26559	Atem	*->29-1	non-literal-mwe[29]	
57-19	26560-26562	an	_	_	
57-20	26563-26564	,	_	_	
57-21	26565-26568	als	_	_	
57-22	26569-26573	kaum	_	_	
57-23	26574-26578	mehr	_	_	
57-24	26579-26582	als	_	_	
57-25	26583-26585	30	_	_	
57-26	26586-26594	Sekunden	_	_	
57-27	26595-26598	vor	_	_	
57-28	26599-26602	dem	_	_	
57-29	26603-26614	Starttermin	_	_	
57-30	26615-26618	der	_	_	
57-31	26619-26629	Count-down	_	_	
57-32	26630-26640	angehalten	*->29-2	*[29]	
57-33	26641-26646	wurde	_	_	
57-34	26647-26648	.	_	_	

#Text=Die Delegierten des grünen Parteitages unten im Festsaal der Stadthalle von Kassel scheinen kollektiv den Atem anzuhalten .
59-1	27888-27891	Die	_	_	
59-2	27892-27903	Delegierten	_	_	
59-3	27904-27907	des	_	_	
59-4	27908-27914	grünen	_	_	
59-5	27915-27926	Parteitages	_	_	
59-6	27927-27932	unten	_	_	
59-7	27933-27935	im	_	_	
59-8	27936-27944	Festsaal	_	_	
59-9	27945-27948	der	_	_	
59-10	27949-27959	Stadthalle	_	_	
59-11	27960-27963	von	_	_	
59-12	27964-27970	Kassel	_	_	
59-13	27971-27979	scheinen	_	_	
59-14	27980-27989	kollektiv	_	_	
59-15	27990-27993	den	_	_	
59-16	27994-27998	Atem	*->30-1	non-literal-mwe[30]	
59-17	27999-28009	anzuhalten	*->30-2	*[30]	
59-18	28010-28011	.	_	_	

#Text=Dabei wirken sie bereits reifer als ihre Ziehväter und wagen es auch Mal , den Atem anzuhalten .
61-1	28695-28700	Dabei	_	_	
61-2	28701-28707	wirken	_	_	
61-3	28708-28711	sie	_	_	
61-4	28712-28719	bereits	_	_	
61-5	28720-28726	reifer	_	_	
61-6	28727-28730	als	_	_	
61-7	28731-28735	ihre	_	_	
61-8	28736-28745	Ziehväter	_	_	
61-9	28746-28749	und	_	_	
61-10	28750-28755	wagen	_	_	
61-11	28756-28758	es	_	_	
61-12	28759-28763	auch	_	_	
61-13	28764-28767	Mal	_	_	
61-14	28768-28769	,	_	_	
61-15	28770-28773	den	_	_	
61-16	28774-28778	Atem	*->31-1	literal[31]	
61-17	28779-28789	anzuhalten	*->31-2	*[31]	
61-18	28790-28791	.	_	_	

#Text=Man möchte als Zuschauer den Atem anhalten , um nur ja nicht zu stören .
63-1	29573-29576	Man	_	_	
63-2	29577-29583	möchte	_	_	
63-3	29584-29587	als	_	_	
63-4	29588-29597	Zuschauer	_	_	
63-5	29598-29601	den	_	_	
63-6	29602-29606	Atem	*->32-1	literal[32]	
63-7	29607-29615	anhalten	*->32-2	*[32]	
63-8	29616-29617	,	_	_	
63-9	29618-29620	um	_	_	
63-10	29621-29624	nur	_	_	
63-11	29625-29627	ja	_	_	
63-12	29628-29633	nicht	_	_	
63-13	29634-29636	zu	_	_	
63-14	29637-29643	stören	_	_	
63-15	29644-29645	.	_	_	

#Text=Das " River Cafe " , Water Street 1 , direkt am East River und in unmittelbarer Nähe der Brooklyn Bridge gelegen , bietet , so will uns die Pressemappe glauben machen , einen " Ausblick , bei dem die Welt den Atem anhält " .
65-1	29976-29979	Das	_	_	
65-2	29980-29981	"	_	_	
65-3	29982-29987	River	_	_	
65-4	29988-29992	Cafe	_	_	
65-5	29993-29994	"	_	_	
65-6	29995-29996	,	_	_	
65-7	29997-30002	Water	_	_	
65-8	30003-30009	Street	_	_	
65-9	30010-30011	1	_	_	
65-10	30012-30013	,	_	_	
65-11	30014-30020	direkt	_	_	
65-12	30021-30023	am	_	_	
65-13	30024-30028	East	_	_	
65-14	30029-30034	River	_	_	
65-15	30035-30038	und	_	_	
65-16	30039-30041	in	_	_	
65-17	30042-30055	unmittelbarer	_	_	
65-18	30056-30060	Nähe	_	_	
65-19	30061-30064	der	_	_	
65-20	30065-30073	Brooklyn	_	_	
65-21	30074-30080	Bridge	_	_	
65-22	30081-30088	gelegen	_	_	
65-23	30089-30090	,	_	_	
65-24	30091-30097	bietet	_	_	
65-25	30098-30099	,	_	_	
65-26	30100-30102	so	_	_	
65-27	30103-30107	will	_	_	
65-28	30108-30111	uns	_	_	
65-29	30112-30115	die	_	_	
65-30	30116-30127	Pressemappe	_	_	
65-31	30128-30135	glauben	_	_	
65-32	30136-30142	machen	_	_	
65-33	30143-30144	,	_	_	
65-34	30145-30150	einen	_	_	
65-35	30151-30152	"	_	_	
65-36	30153-30161	Ausblick	_	_	
65-37	30162-30163	,	_	_	
65-38	30164-30167	bei	_	_	
65-39	30168-30171	dem	_	_	
65-40	30172-30175	die	_	_	
65-41	30176-30180	Welt	_	_	
65-42	30181-30184	den	_	_	
65-43	30185-30189	Atem	*->33-1	both-mwe[33]	
65-44	30190-30196	anhält	*->33-2	*[33]	
65-45	30197-30198	"	_	_	
65-46	30199-30200	.	_	_	

#Text=Aum-Brüder und - Schwestern meditieren mit dem Ziel , schwerelos in der Luft zu hängen oder unter Wasser sehr lange den Atem anzuhalten , aber auch , um den nächsten Weltkrieg zu überleben .
67-1	30694-30704	Aum-Brüder	_	_	
67-2	30705-30708	und	_	_	
67-3	30709-30710	-	_	_	
67-4	30711-30721	Schwestern	_	_	
67-5	30722-30732	meditieren	_	_	
67-6	30733-30736	mit	_	_	
67-7	30737-30740	dem	_	_	
67-8	30741-30745	Ziel	_	_	
67-9	30746-30747	,	_	_	
67-10	30748-30758	schwerelos	_	_	
67-11	30759-30761	in	_	_	
67-12	30762-30765	der	_	_	
67-13	30766-30770	Luft	_	_	
67-14	30771-30773	zu	_	_	
67-15	30774-30780	hängen	_	_	
67-16	30781-30785	oder	_	_	
67-17	30786-30791	unter	_	_	
67-18	30792-30798	Wasser	_	_	
67-19	30799-30803	sehr	_	_	
67-20	30804-30809	lange	_	_	
67-21	30810-30813	den	_	_	
67-22	30814-30818	Atem	*->34-1	literal[34]	
67-23	30819-30829	anzuhalten	*->34-2	*[34]	
67-24	30830-30831	,	_	_	
67-25	30832-30836	aber	_	_	
67-26	30837-30841	auch	_	_	
67-27	30842-30843	,	_	_	
67-28	30844-30846	um	_	_	
67-29	30847-30850	den	_	_	
67-30	30851-30859	nächsten	_	_	
67-31	30860-30869	Weltkrieg	_	_	
67-32	30870-30872	zu	_	_	
67-33	30873-30882	überleben	_	_	
67-34	30883-30884	.	_	_	

#Text=Beiden wohnt eine gewisse Schärfe inne , mit Strenge und Konsequenz wird eine hieb- und stichfeste Idee durchgezogen , die einen den Atem anhalten und zugleich spüren läßt , daß eine ungeheure Lust am Spiel im Spiel war .
69-1	31645-31651	Beiden	_	_	
69-2	31652-31657	wohnt	_	_	
69-3	31658-31662	eine	_	_	
69-4	31663-31670	gewisse	_	_	
69-5	31671-31678	Schärfe	_	_	
69-6	31679-31683	inne	_	_	
69-7	31684-31685	,	_	_	
69-8	31686-31689	mit	_	_	
69-9	31690-31697	Strenge	_	_	
69-10	31698-31701	und	_	_	
69-11	31702-31712	Konsequenz	_	_	
69-12	31713-31717	wird	_	_	
69-13	31718-31722	eine	_	_	
69-14	31723-31728	hieb-	_	_	
69-15	31729-31732	und	_	_	
69-16	31733-31743	stichfeste	_	_	
69-17	31744-31748	Idee	_	_	
69-18	31749-31761	durchgezogen	_	_	
69-19	31762-31763	,	_	_	
69-20	31764-31767	die	_	_	
69-21	31768-31773	einen	_	_	
69-22	31774-31777	den	_	_	
69-23	31778-31782	Atem	*->35-1	both-mwe[35]	
69-24	31783-31791	anhalten	*->35-2	*[35]	
69-25	31792-31795	und	_	_	
69-26	31796-31804	zugleich	_	_	
69-27	31805-31811	spüren	_	_	
69-28	31812-31816	läßt	_	_	
69-29	31817-31818	,	_	_	
69-30	31819-31822	daß	_	_	
69-31	31823-31827	eine	_	_	
69-32	31828-31837	ungeheure	_	_	
69-33	31838-31842	Lust	_	_	
69-34	31843-31845	am	_	_	
69-35	31846-31851	Spiel	_	_	
69-36	31852-31854	im	_	_	
69-37	31855-31860	Spiel	_	_	
69-38	31861-31864	war	_	_	
69-39	31865-31866	.	_	_	

#Text=Der Christdemokrat vergleicht die FDP mit griechischen Philosophen aus der Schule der Kyniker , die über Selbstmord grübelten und sich töteten , indem sie den Atem anhielten oder aufhörten zu essen : " In diesem Zustand befindet sich zur Zeit die FDP .
71-1	32803-32806	Der	_	_	
71-2	32807-32821	Christdemokrat	_	_	
71-3	32822-32832	vergleicht	_	_	
71-4	32833-32836	die	_	_	
71-5	32837-32840	FDP	_	_	
71-6	32841-32844	mit	_	_	
71-7	32845-32857	griechischen	_	_	
71-8	32858-32869	Philosophen	_	_	
71-9	32870-32873	aus	_	_	
71-10	32874-32877	der	_	_	
71-11	32878-32884	Schule	_	_	
71-12	32885-32888	der	_	_	
71-13	32889-32896	Kyniker	_	_	
71-14	32897-32898	,	_	_	
71-15	32899-32902	die	_	_	
71-16	32903-32907	über	_	_	
71-17	32908-32918	Selbstmord	_	_	
71-18	32919-32928	grübelten	_	_	
71-19	32929-32932	und	_	_	
71-20	32933-32937	sich	_	_	
71-21	32938-32945	töteten	_	_	
71-22	32946-32947	,	_	_	
71-23	32948-32953	indem	_	_	
71-24	32954-32957	sie	_	_	
71-25	32958-32961	den	_	_	
71-26	32962-32966	Atem	*->36-1	literal[36]	
71-27	32967-32976	anhielten	*->36-2	*[36]	
71-28	32977-32981	oder	_	_	
71-29	32982-32991	aufhörten	_	_	
71-30	32992-32994	zu	_	_	
71-31	32995-33000	essen	_	_	
71-32	33001-33002	:	_	_	
71-33	33003-33004	"	_	_	
71-34	33005-33007	In	_	_	
71-35	33008-33014	diesem	_	_	
71-36	33015-33022	Zustand	_	_	
71-37	33023-33031	befindet	_	_	
71-38	33032-33036	sich	_	_	
71-39	33037-33040	zur	_	_	
71-40	33041-33045	Zeit	_	_	
71-41	33046-33049	die	_	_	
71-42	33050-33053	FDP	_	_	
71-43	33054-33055	.	_	_	

#Text=Zerbrochen ist auch die Fiktion nationaler Souveränität : eine " Demütigung gegenüber den USA " , wie die Wochenzeitschrift Proceso im Januar titelte , während die gesamte Nation den Atem anhielt und betete , daß der US-Kongreß sich ihrer erbarmen möge .
73-1	33407-33417	Zerbrochen	_	_	
73-2	33418-33421	ist	_	_	
73-3	33422-33426	auch	_	_	
73-4	33427-33430	die	_	_	
73-5	33431-33438	Fiktion	_	_	
73-6	33439-33449	nationaler	_	_	
73-7	33450-33462	Souveränität	_	_	
73-8	33463-33464	:	_	_	
73-9	33465-33469	eine	_	_	
73-10	33470-33471	"	_	_	
73-11	33472-33482	Demütigung	_	_	
73-12	33483-33492	gegenüber	_	_	
73-13	33493-33496	den	_	_	
73-14	33497-33500	USA	_	_	
73-15	33501-33502	"	_	_	
73-16	33503-33504	,	_	_	
73-17	33505-33508	wie	_	_	
73-18	33509-33512	die	_	_	
73-19	33513-33530	Wochenzeitschrift	_	_	
73-20	33531-33538	Proceso	_	_	
73-21	33539-33541	im	_	_	
73-22	33542-33548	Januar	_	_	
73-23	33549-33556	titelte	_	_	
73-24	33557-33558	,	_	_	
73-25	33559-33566	während	_	_	
73-26	33567-33570	die	_	_	
73-27	33571-33578	gesamte	_	_	
73-28	33579-33585	Nation	_	_	
73-29	33586-33589	den	_	_	
73-30	33590-33594	Atem	*->37-1	non-literal-mwe[37]	
73-31	33595-33602	anhielt	*->37-2	*[37]	
73-32	33603-33606	und	_	_	
73-33	33607-33613	betete	_	_	
73-34	33614-33615	,	_	_	
73-35	33616-33619	daß	_	_	
73-36	33620-33623	der	_	_	
73-37	33624-33634	US-Kongreß	_	_	
73-38	33635-33639	sich	_	_	
73-39	33640-33645	ihrer	_	_	
73-40	33646-33654	erbarmen	_	_	
73-41	33655-33659	möge	_	_	
73-42	33660-33661	.	_	_	

#Text=Vertriebene Sudetendeutsche und deren Nachkommen brauchen nicht den Atem anzuhalten : " Unsere Entscheidung hat keinen Einfluß auf die Gültigkeit der Dekrete als solche " , so das Gericht .
75-1	34314-34325	Vertriebene	_	_	
75-2	34326-34341	Sudetendeutsche	_	_	
75-3	34342-34345	und	_	_	
75-4	34346-34351	deren	_	_	
75-5	34352-34362	Nachkommen	_	_	
75-6	34363-34371	brauchen	_	_	
75-7	34372-34377	nicht	_	_	
75-8	34378-34381	den	_	_	
75-9	34382-34386	Atem	*->38-1	non-literal-mwe[38]	
75-10	34387-34397	anzuhalten	*->38-2	*[38]	
75-11	34398-34399	:	_	_	
75-12	34400-34401	"	_	_	
75-13	34402-34408	Unsere	_	_	
75-14	34409-34421	Entscheidung	_	_	
75-15	34422-34425	hat	_	_	
75-16	34426-34432	keinen	_	_	
75-17	34433-34440	Einfluß	_	_	
75-18	34441-34444	auf	_	_	
75-19	34445-34448	die	_	_	
75-20	34449-34459	Gültigkeit	_	_	
75-21	34460-34463	der	_	_	
75-22	34464-34471	Dekrete	_	_	
75-23	34472-34475	als	_	_	
75-24	34476-34482	solche	_	_	
75-25	34483-34484	"	_	_	
75-26	34485-34486	,	_	_	
75-27	34487-34489	so	_	_	
75-28	34490-34493	das	_	_	
75-29	34494-34501	Gericht	_	_	
75-30	34502-34503	.	_	_	

#Text=1Wer hat für einen Moment nicht den Atem angehalten : Rußland , so hieß es , habe seine Nuklearwaffen wieder auf westliche Ziele ausgerichtet .
77-1	35358-35362	1Wer	_	_	
77-2	35363-35366	hat	_	_	
77-3	35367-35370	für	_	_	
77-4	35371-35376	einen	_	_	
77-5	35377-35383	Moment	_	_	
77-6	35384-35389	nicht	_	_	
77-7	35390-35393	den	_	_	
77-8	35394-35398	Atem	*->39-1	non-literal-mwe[39]	
77-9	35399-35409	angehalten	*->39-2	*[39]	
77-10	35410-35411	:	_	_	
77-11	35412-35419	Rußland	_	_	
77-12	35420-35421	,	_	_	
77-13	35422-35424	so	_	_	
77-14	35425-35429	hieß	_	_	
77-15	35430-35432	es	_	_	
77-16	35433-35434	,	_	_	
77-17	35435-35439	habe	_	_	
77-18	35440-35445	seine	_	_	
77-19	35446-35459	Nuklearwaffen	_	_	
77-20	35460-35466	wieder	_	_	
77-21	35467-35470	auf	_	_	
77-22	35471-35480	westliche	_	_	
77-23	35481-35486	Ziele	_	_	
77-24	35487-35499	ausgerichtet	_	_	
77-25	35500-35501	.	_	_	

#Text=Pinnock schafft es , mit dem glänzend aufgelegten Orchester , Pianissimostrukturen aus dem Nichts herauszuholen , so daß man den Atem anhielt .
79-1	35794-35801	Pinnock	_	_	
79-2	35802-35809	schafft	_	_	
79-3	35810-35812	es	_	_	
79-4	35813-35814	,	_	_	
79-5	35815-35818	mit	_	_	
79-6	35819-35822	dem	_	_	
79-7	35823-35831	glänzend	_	_	
79-8	35832-35843	aufgelegten	_	_	
79-9	35844-35853	Orchester	_	_	
79-10	35854-35855	,	_	_	
79-11	35856-35876	Pianissimostrukturen	_	_	
79-12	35877-35880	aus	_	_	
79-13	35881-35884	dem	_	_	
79-14	35885-35891	Nichts	_	_	
79-15	35892-35905	herauszuholen	_	_	
79-16	35906-35907	,	_	_	
79-17	35908-35910	so	_	_	
79-18	35911-35914	daß	_	_	
79-19	35915-35918	man	_	_	
79-20	35919-35922	den	_	_	
79-21	35923-35927	Atem	*->40-1	both-mwe[40]	
79-22	35928-35935	anhielt	*->40-2	*[40]	
79-23	35936-35937	.	_	_	

