#Text=" Auf den Arm nehmen kann ich mich alleine , " meinte er zusehends zornig und begann eine heftige Befragung .
1-1	0-1	"	_	_	
1-2	2-5	Auf	*->1-1	non-literal-mwe[1]	
1-3	6-9	den	_	_	
1-4	10-13	Arm	*->1-2	*[1]	
1-5	14-20	nehmen	*->1-3	*[1]	
1-6	21-25	kann	_	_	
1-7	26-29	ich	_	_	
1-8	30-34	mich	_	_	
1-9	35-42	alleine	_	_	
1-10	43-44	,	_	_	
1-11	45-46	"	_	_	
1-12	47-53	meinte	_	_	
1-13	54-56	er	_	_	
1-14	57-66	zusehends	_	_	
1-15	67-73	zornig	_	_	
1-16	74-77	und	_	_	
1-17	78-84	begann	_	_	
1-18	85-89	eine	_	_	
1-19	90-97	heftige	_	_	
1-20	98-107	Befragung	_	_	
1-21	108-109	.	_	_	

#Text=Die abgenutzten Versatzstücke eines diplomatischen Zeremoniells sind da ; auch jenes verlogene Beiwerk eingeplanter " menschlicher Begegnungen " : Der kleine Junge , der auf Befehl Blumen bringt und auf den Arm genommen wird ; das Winken in die Menge gemeinsam mit Frau Gorbatschowa .
3-1	381-384	Die	_	_	
3-2	385-396	abgenutzten	_	_	
3-3	397-410	Versatzstücke	_	_	
3-4	411-416	eines	_	_	
3-5	417-431	diplomatischen	_	_	
3-6	432-444	Zeremoniells	_	_	
3-7	445-449	sind	_	_	
3-8	450-452	da	_	_	
3-9	453-454	;	_	_	
3-10	455-459	auch	_	_	
3-11	460-465	jenes	_	_	
3-12	466-475	verlogene	_	_	
3-13	476-483	Beiwerk	_	_	
3-14	484-496	eingeplanter	_	_	
3-15	497-498	"	_	_	
3-16	499-511	menschlicher	_	_	
3-17	512-523	Begegnungen	_	_	
3-18	524-525	"	_	_	
3-19	526-527	:	_	_	
3-20	528-531	Der	_	_	
3-21	532-538	kleine	_	_	
3-22	539-544	Junge	_	_	
3-23	545-546	,	_	_	
3-24	547-550	der	_	_	
3-25	551-554	auf	_	_	
3-26	555-561	Befehl	_	_	
3-27	562-568	Blumen	_	_	
3-28	569-575	bringt	_	_	
3-29	576-579	und	_	_	
3-30	580-583	auf	*->2-1	literal[2]	
3-31	584-587	den	_	_	
3-32	588-591	Arm	*->2-2	*[2]	
3-33	592-600	genommen	*->2-3	*[2]	
3-34	601-605	wird	_	_	
3-35	606-607	;	_	_	
3-36	608-611	das	_	_	
3-37	612-618	Winken	_	_	
3-38	619-621	in	_	_	
3-39	622-625	die	_	_	
3-40	626-631	Menge	_	_	
3-41	632-641	gemeinsam	_	_	
3-42	642-645	mit	_	_	
3-43	646-650	Frau	_	_	
3-44	651-663	Gorbatschowa	_	_	
3-45	664-665	.	_	_	

#Text=Güllner zur taz : " Die Leute fühlen sich doch auf den Arm genommen , wenn die Realitäten so weggewischt werden .
5-1	1659-1666	Güllner	_	_	
5-2	1667-1670	zur	_	_	
5-3	1671-1674	taz	_	_	
5-4	1675-1676	:	_	_	
5-5	1677-1678	"	_	_	
5-6	1679-1682	Die	_	_	
5-7	1683-1688	Leute	_	_	
5-8	1689-1695	fühlen	_	_	
5-9	1696-1700	sich	_	_	
5-10	1701-1705	doch	_	_	
5-11	1706-1709	auf	*->3-1	non-literal-mwe[3]	
5-12	1710-1713	den	_	_	
5-13	1714-1717	Arm	*->3-2	*[3]	
5-14	1718-1726	genommen	*->3-3	*[3]	
5-15	1727-1728	,	_	_	
5-16	1729-1733	wenn	_	_	
5-17	1734-1737	die	_	_	
5-18	1738-1748	Realitäten	_	_	
5-19	1749-1751	so	_	_	
5-20	1752-1763	weggewischt	*->89-1	non-literal[89]	
5-21	1764-1770	werden	_	_	
5-22	1771-1772	.	_	_	

#Text=Wollen Sie mich auf den Arm nehmen ?
7-1	2392-2398	Wollen	_	_	
7-2	2399-2402	Sie	_	_	
7-3	2403-2407	mich	_	_	
7-4	2408-2411	auf	*->4-1	non-literal-mwe[4]	
7-5	2412-2415	den	_	_	
7-6	2416-2419	Arm	*->4-2	*[4]	
7-7	2420-2426	nehmen	*->4-3	*[4]	
7-8	2427-2428	?	_	_	

#Text=Ihr Mann nimmt sie auf den Arm und dreht sich mit ihr in einen Tanz ein , den die ganze Welt immer schon tanzt .
9-1	12670-12673	Ihr	_	_	
9-2	12674-12678	Mann	_	_	
9-3	12679-12684	nimmt	*->5-1	both-mwe[5]	
9-4	12685-12688	sie	_	_	
9-5	12689-12692	auf	*->5-2	*[5]	
9-6	12693-12696	den	_	_	
9-7	12697-12700	Arm	*->5-3	*[5]	
9-8	12701-12704	und	_	_	
9-9	12705-12710	dreht	_	_	
9-10	12711-12715	sich	_	_	
9-11	12716-12719	mit	_	_	
9-12	12720-12723	ihr	_	_	
9-13	12724-12726	in	_	_	
9-14	12727-12732	einen	_	_	
9-15	12733-12737	Tanz	_	_	
9-16	12738-12741	ein	_	_	
9-17	12742-12743	,	_	_	
9-18	12744-12747	den	_	_	
9-19	12748-12751	die	_	_	
9-20	12752-12757	ganze	_	_	
9-21	12758-12762	Welt	_	_	
9-22	12763-12768	immer	_	_	
9-23	12769-12774	schon	_	_	
9-24	12775-12780	tanzt	_	_	
9-25	12781-12782	.	_	_	

#Text=Abgesehen davon fühlen sich die Leute durch das , was jetzt gemacht wird und vor der Wahl gesagt wurde - und das ist mit das Schlimmste , was eine Partei oder eine Regierung machen kann - , auf den Arm genommen .
11-1	13565-13574	Abgesehen	_	_	
11-2	13575-13580	davon	_	_	
11-3	13581-13587	fühlen	_	_	
11-4	13588-13592	sich	_	_	
11-5	13593-13596	die	_	_	
11-6	13597-13602	Leute	_	_	
11-7	13603-13608	durch	_	_	
11-8	13609-13612	das	_	_	
11-9	13613-13614	,	_	_	
11-10	13615-13618	was	_	_	
11-11	13619-13624	jetzt	_	_	
11-12	13625-13632	gemacht	_	_	
11-13	13633-13637	wird	_	_	
11-14	13638-13641	und	_	_	
11-15	13642-13645	vor	_	_	
11-16	13646-13649	der	_	_	
11-17	13650-13654	Wahl	_	_	
11-18	13655-13661	gesagt	_	_	
11-19	13662-13667	wurde	_	_	
11-20	13668-13669	-	_	_	
11-21	13670-13673	und	_	_	
11-22	13674-13677	das	_	_	
11-23	13678-13681	ist	_	_	
11-24	13682-13685	mit	_	_	
11-25	13686-13689	das	_	_	
11-26	13690-13700	Schlimmste	_	_	
11-27	13701-13702	,	_	_	
11-28	13703-13706	was	_	_	
11-29	13707-13711	eine	_	_	
11-30	13712-13718	Partei	_	_	
11-31	13719-13723	oder	_	_	
11-32	13724-13728	eine	_	_	
11-33	13729-13738	Regierung	_	_	
11-34	13739-13745	machen	_	_	
11-35	13746-13750	kann	_	_	
11-36	13751-13752	-	_	_	
11-37	13753-13754	,	_	_	
11-38	13755-13758	auf	*->6-1	non-literal-mwe[6]	
11-39	13759-13762	den	_	_	
11-40	13763-13766	Arm	*->6-2	*[6]	
11-41	13767-13775	genommen	*->6-3	*[6]	
11-42	13776-13777	.	_	_	

#Text=Qureisha wird in eine Decke eingehüllt , bevor der Vater sie zum letztenmal auf die Arme nimmt und fortträgt .
13-1	14655-14663	Qureisha	_	_	
13-2	14664-14668	wird	_	_	
13-3	14669-14671	in	_	_	
13-4	14672-14676	eine	_	_	
13-5	14677-14682	Decke	_	_	
13-6	14683-14693	eingehüllt	_	_	
13-7	14694-14695	,	_	_	
13-8	14696-14701	bevor	_	_	
13-9	14702-14705	der	_	_	
13-10	14706-14711	Vater	_	_	
13-11	14712-14715	sie	_	_	
13-12	14716-14719	zum	_	_	
13-13	14720-14730	letztenmal	_	_	
13-14	14731-14734	auf	*->7-1	non-literal-mwe[7]	
13-15	14735-14738	die	_	_	
13-16	14739-14743	Arme	*->7-2	*[7]	
13-17	14744-14749	nimmt	*->7-3	*[7]	
13-18	14750-14753	und	_	_	
13-19	14754-14763	fortträgt	_	_	
13-20	14764-14765	.	_	_	

#Text=Nur einmal , als ein junger Mann " nur mal so wissen will , wo-s denn hier wohl Stoff gibt " und ihr " auf den Zahn fühlen " will , ob sie überhaupt Bescheid weiß , wovon sie redet - da wird sie kurz angebunden : " Sie wollen mich wohl auf den Arm nehmen !
15-1	15110-15113	Nur	_	_	
15-2	15114-15120	einmal	_	_	
15-3	15121-15122	,	_	_	
15-4	15123-15126	als	_	_	
15-5	15127-15130	ein	_	_	
15-6	15131-15137	junger	_	_	
15-7	15138-15142	Mann	_	_	
15-8	15143-15144	"	_	_	
15-9	15145-15148	nur	_	_	
15-10	15149-15152	mal	_	_	
15-11	15153-15155	so	_	_	
15-12	15156-15162	wissen	_	_	
15-13	15163-15167	will	_	_	
15-14	15168-15169	,	_	_	
15-15	15170-15174	wo-s	_	_	
15-16	15175-15179	denn	_	_	
15-17	15180-15184	hier	_	_	
15-18	15185-15189	wohl	_	_	
15-19	15190-15195	Stoff	_	_	
15-20	15196-15200	gibt	_	_	
15-21	15201-15202	"	_	_	
15-22	15203-15206	und	_	_	
15-23	15207-15210	ihr	_	_	
15-24	15211-15212	"	_	_	
15-25	15213-15216	auf	_	_	
15-26	15217-15220	den	_	_	
15-27	15221-15225	Zahn	_	_	
15-28	15226-15232	fühlen	_	_	
15-29	15233-15234	"	_	_	
15-30	15235-15239	will	_	_	
15-31	15240-15241	,	_	_	
15-32	15242-15244	ob	_	_	
15-33	15245-15248	sie	_	_	
15-34	15249-15258	überhaupt	_	_	
15-35	15259-15267	Bescheid	_	_	
15-36	15268-15272	weiß	_	_	
15-37	15273-15274	,	_	_	
15-38	15275-15280	wovon	_	_	
15-39	15281-15284	sie	_	_	
15-40	15285-15290	redet	_	_	
15-41	15291-15292	-	_	_	
15-42	15293-15295	da	_	_	
15-43	15296-15300	wird	_	_	
15-44	15301-15304	sie	_	_	
15-45	15305-15309	kurz	_	_	
15-46	15310-15320	angebunden	_	_	
15-47	15321-15322	:	_	_	
15-48	15323-15324	"	_	_	
15-49	15325-15328	Sie	_	_	
15-50	15329-15335	wollen	_	_	
15-51	15336-15340	mich	_	_	
15-52	15341-15345	wohl	_	_	
15-53	15346-15349	auf	*->8-1	non-literal-mwe[8]	
15-54	15350-15353	den	_	_	
15-55	15354-15357	Arm	*->8-2	*[8]	
15-56	15358-15364	nehmen	*->8-3	*[8]	
15-57	15365-15366	!	_	_	

#Text=Rollentausch : die Sächsin , die ihn um Gnade für ihren desertierten Mann bittet , wird entsprechend von einem kräftigen Mann mit Frauenperücke und Kleid verkörpert , der die kleine Friederike mal eben auf den Arm nimmt und in Embryohaltung wiegt .
17-1	16980-16992	Rollentausch	_	_	
17-2	16993-16994	:	_	_	
17-3	16995-16998	die	_	_	
17-4	16999-17006	Sächsin	_	_	
17-5	17007-17008	,	_	_	
17-6	17009-17012	die	_	_	
17-7	17013-17016	ihn	_	_	
17-8	17017-17019	um	_	_	
17-9	17020-17025	Gnade	_	_	
17-10	17026-17029	für	_	_	
17-11	17030-17035	ihren	_	_	
17-12	17036-17048	desertierten	_	_	
17-13	17049-17053	Mann	_	_	
17-14	17054-17060	bittet	_	_	
17-15	17061-17062	,	_	_	
17-16	17063-17067	wird	_	_	
17-17	17068-17080	entsprechend	_	_	
17-18	17081-17084	von	_	_	
17-19	17085-17090	einem	_	_	
17-20	17091-17100	kräftigen	_	_	
17-21	17101-17105	Mann	_	_	
17-22	17106-17109	mit	_	_	
17-23	17110-17123	Frauenperücke	_	_	
17-24	17124-17127	und	_	_	
17-25	17128-17133	Kleid	_	_	
17-26	17134-17144	verkörpert	_	_	
17-27	17145-17146	,	_	_	
17-28	17147-17150	der	_	_	
17-29	17151-17154	die	_	_	
17-30	17155-17161	kleine	_	_	
17-31	17162-17172	Friederike	_	_	
17-32	17173-17176	mal	_	_	
17-33	17177-17181	eben	_	_	
17-34	17182-17185	auf	*->9-1	literal[9]	
17-35	17186-17189	den	_	_	
17-36	17190-17193	Arm	*->9-2	*[9]	
17-37	17194-17199	nimmt	*->9-3	*[9]	
17-38	17200-17203	und	_	_	
17-39	17204-17206	in	_	_	
17-40	17207-17220	Embryohaltung	_	_	
17-41	17221-17226	wiegt	_	_	
17-42	17227-17228	.	_	_	

#Text=Der kleine Peter schaut verängstigt , die Mutter läßt das Telefon klingeln , nimmt ihren Sohn auf den Arm .
19-1	18025-18028	Der	_	_	
19-2	18029-18035	kleine	_	_	
19-3	18036-18041	Peter	_	_	
19-4	18042-18048	schaut	_	_	
19-5	18049-18060	verängstigt	_	_	
19-6	18061-18062	,	_	_	
19-7	18063-18066	die	_	_	
19-8	18067-18073	Mutter	_	_	
19-9	18074-18078	läßt	_	_	
19-10	18079-18082	das	_	_	
19-11	18083-18090	Telefon	_	_	
19-12	18091-18099	klingeln	_	_	
19-13	18100-18101	,	_	_	
19-14	18102-18107	nimmt	*->10-1	literal[10]	
19-15	18108-18113	ihren	_	_	
19-16	18114-18118	Sohn	_	_	
19-17	18119-18122	auf	*->10-2	*[10]	
19-18	18123-18126	den	_	_	
19-19	18127-18130	Arm	*->10-3	*[10]	
19-20	18131-18132	.	_	_	

#Text=Als Bundespäsident Weizsäcker ein arabisches Kind auf den Arm nahm , flackerten mindestens 80 Blitzlichter auf .
21-1	18973-18976	Als	_	_	
21-2	18977-18991	Bundespäsident	_	_	
21-3	18992-19002	Weizsäcker	_	_	
21-4	19003-19006	ein	_	_	
21-5	19007-19017	arabisches	_	_	
21-6	19018-19022	Kind	_	_	
21-7	19023-19026	auf	*->11-1	literal[11]	
21-8	19027-19030	den	_	_	
21-9	19031-19034	Arm	*->11-2	*[11]	
21-10	19035-19039	nahm	*->11-3	*[11]	
21-11	19040-19041	,	_	_	
21-12	19042-19052	flackerten	_	_	
21-13	19053-19063	mindestens	_	_	
21-14	19064-19066	80	_	_	
21-15	19067-19079	Blitzlichter	_	_	
21-16	19080-19083	auf	_	_	
21-17	19084-19085	.	_	_	

#Text=Der so viel besser gestellte Westdeutsche nimmt den armen Bruder und die arme Schwester auf den besagten Arm .
23-1	19443-19446	Der	_	_	
23-2	19447-19449	so	_	_	
23-3	19450-19454	viel	_	_	
23-4	19455-19461	besser	_	_	
23-5	19462-19471	gestellte	_	_	
23-6	19472-19484	Westdeutsche	_	_	
23-7	19485-19490	nimmt	*->12-1	non-literal-mwe[12]	
23-8	19491-19494	den	_	_	
23-9	19495-19500	armen	_	_	
23-10	19501-19507	Bruder	_	_	
23-11	19508-19511	und	_	_	
23-12	19512-19515	die	_	_	
23-13	19516-19520	arme	_	_	
23-14	19521-19530	Schwester	_	_	
23-15	19531-19534	auf	*->12-2	*[12]	
23-16	19535-19538	den	_	_	
23-17	19539-19547	besagten	_	_	
23-18	19548-19551	Arm	*->12-3	*[12]	
23-19	19552-19553	.	_	_	

#Text=Die Friedenstruppen , die seit November in Zentralamerika stationiert sind , um die Waffen der Contras entgegenzunehmen , fühlen sich langsam auf den Arm genommen .
25-1	20757-20760	Die	_	_	
25-2	20761-20776	Friedenstruppen	_	_	
25-3	20777-20778	,	_	_	
25-4	20779-20782	die	_	_	
25-5	20783-20787	seit	_	_	
25-6	20788-20796	November	_	_	
25-7	20797-20799	in	_	_	
25-8	20800-20814	Zentralamerika	_	_	
25-9	20815-20826	stationiert	_	_	
25-10	20827-20831	sind	_	_	
25-11	20832-20833	,	_	_	
25-12	20834-20836	um	_	_	
25-13	20837-20840	die	_	_	
25-14	20841-20847	Waffen	_	_	
25-15	20848-20851	der	_	_	
25-16	20852-20859	Contras	_	_	
25-17	20860-20876	entgegenzunehmen	_	_	
25-18	20877-20878	,	_	_	
25-19	20879-20885	fühlen	_	_	
25-20	20886-20890	sich	_	_	
25-21	20891-20898	langsam	_	_	
25-22	20899-20902	auf	*->13-1	non-literal-mwe[13]	
25-23	20903-20906	den	_	_	
25-24	20907-20910	Arm	*->13-2	*[13]	
25-25	20911-20919	genommen	*->13-3	*[13]	
25-26	20920-20921	.	_	_	

#Text=Man kann sie auf den Arm nehmen und vor den Fernsehkameras liebevoll küssen , man kann sie als Kulisse für Fototermine benutzen - nur füttern und am Leben erhalten kann man sie offenbar nicht .
27-1	21466-21469	Man	_	_	
27-2	21470-21474	kann	_	_	
27-3	21475-21478	sie	_	_	
27-4	21479-21482	auf	*->14-1	literal[14]	
27-5	21483-21486	den	_	_	
27-6	21487-21490	Arm	*->14-2	*[14]	
27-7	21491-21497	nehmen	*->14-3	*[14]	
27-8	21498-21501	und	_	_	
27-9	21502-21505	vor	_	_	
27-10	21506-21509	den	_	_	
27-11	21510-21524	Fernsehkameras	_	_	
27-12	21525-21534	liebevoll	_	_	
27-13	21535-21541	küssen	_	_	
27-14	21542-21543	,	_	_	
27-15	21544-21547	man	_	_	
27-16	21548-21552	kann	_	_	
27-17	21553-21556	sie	_	_	
27-18	21557-21560	als	_	_	
27-19	21561-21568	Kulisse	_	_	
27-20	21569-21572	für	_	_	
27-21	21573-21584	Fototermine	_	_	
27-22	21585-21593	benutzen	_	_	
27-23	21594-21595	-	_	_	
27-24	21596-21599	nur	_	_	
27-25	21600-21607	füttern	_	_	
27-26	21608-21611	und	_	_	
27-27	21612-21614	am	_	_	
27-28	21615-21620	Leben	_	_	
27-29	21621-21629	erhalten	_	_	
27-30	21630-21634	kann	_	_	
27-31	21635-21638	man	_	_	
27-32	21639-21642	sie	_	_	
27-33	21643-21651	offenbar	_	_	
27-34	21652-21657	nicht	_	_	
27-35	21658-21659	.	_	_	

#Text=Der jungenhafte Fernsehschwätzer nimmt das Kleine auf dem Arm , während sich Mutti hektisch und verbissen die Finger klemmt .
29-1	22874-22877	Der	_	_	
29-2	22878-22889	jungenhafte	_	_	
29-3	22890-22906	Fernsehschwätzer	_	_	
29-4	22907-22912	nimmt	*->15-1	literal[15]	
29-5	22913-22916	das	_	_	
29-6	22917-22923	Kleine	_	_	
29-7	22924-22927	auf	*->15-2	*[15]	
29-8	22928-22931	dem	_	_	
29-9	22932-22935	Arm	*->15-3	*[15]	
29-10	22936-22937	,	_	_	
29-11	22938-22945	während	_	_	
29-12	22946-22950	sich	_	_	
29-13	22951-22956	Mutti	_	_	
29-14	22957-22965	hektisch	_	_	
29-15	22966-22969	und	_	_	
29-16	22970-22979	verbissen	_	_	
29-17	22980-22983	die	_	_	
29-18	22984-22990	Finger	_	_	
29-19	22991-22997	klemmt	_	_	
29-20	22998-22999	.	_	_	

#Text=Italien : Während Rudi Völler ( AS Rom ) als zweifacher Torschütze brillierte und ihm " weltmeisterliche Form " bescheinigt wurde , Jürgen Klinsmann ( Inter Mailand ) zu hören bekam , daß er " zu viel Staub " aufwirbele und Lothar Matthäus für Inter einen Elfmeter verwandelte , fürchtet sich Karl-Heinz Riedle trotz des schmeichelhaften 1:0 seines Lazio Rom in Cagliari durch eine Eigentor mittlerweile vor Spott : " Wir müssen in den Europacup , sonst nehmen mich meine Bremer Freunde auf den Arm " .
31-1	23636-23643	Italien	_	_	
31-2	23644-23645	:	_	_	
31-3	23646-23653	Während	_	_	
31-4	23654-23658	Rudi	_	_	
31-5	23659-23665	Völler	_	_	
31-6	23666-23667	(	_	_	
31-7	23668-23670	AS	_	_	
31-8	23671-23674	Rom	_	_	
31-9	23675-23676	)	_	_	
31-10	23677-23680	als	_	_	
31-11	23681-23691	zweifacher	_	_	
31-12	23692-23702	Torschütze	_	_	
31-13	23703-23713	brillierte	_	_	
31-14	23714-23717	und	_	_	
31-15	23718-23721	ihm	_	_	
31-16	23722-23723	"	_	_	
31-17	23724-23740	weltmeisterliche	_	_	
31-18	23741-23745	Form	_	_	
31-19	23746-23747	"	_	_	
31-20	23748-23759	bescheinigt	_	_	
31-21	23760-23765	wurde	_	_	
31-22	23766-23767	,	_	_	
31-23	23768-23774	Jürgen	_	_	
31-24	23775-23784	Klinsmann	_	_	
31-25	23785-23786	(	_	_	
31-26	23787-23792	Inter	_	_	
31-27	23793-23800	Mailand	_	_	
31-28	23801-23802	)	_	_	
31-29	23803-23805	zu	_	_	
31-30	23806-23811	hören	_	_	
31-31	23812-23817	bekam	_	_	
31-32	23818-23819	,	_	_	
31-33	23820-23823	daß	_	_	
31-34	23824-23826	er	_	_	
31-35	23827-23828	"	_	_	
31-36	23829-23831	zu	_	_	
31-37	23832-23836	viel	_	_	
31-38	23837-23842	Staub	_	_	
31-39	23843-23844	"	_	_	
31-40	23845-23855	aufwirbele	_	_	
31-41	23856-23859	und	_	_	
31-42	23860-23866	Lothar	_	_	
31-43	23867-23875	Matthäus	_	_	
31-44	23876-23879	für	_	_	
31-45	23880-23885	Inter	_	_	
31-46	23886-23891	einen	_	_	
31-47	23892-23900	Elfmeter	_	_	
31-48	23901-23912	verwandelte	_	_	
31-49	23913-23914	,	_	_	
31-50	23915-23923	fürchtet	_	_	
31-51	23924-23928	sich	_	_	
31-52	23929-23939	Karl-Heinz	_	_	
31-53	23940-23946	Riedle	_	_	
31-54	23947-23952	trotz	_	_	
31-55	23953-23956	des	_	_	
31-56	23957-23973	schmeichelhaften	_	_	
31-57	23974-23977	1:0	_	_	
31-58	23978-23984	seines	_	_	
31-59	23985-23990	Lazio	_	_	
31-60	23991-23994	Rom	_	_	
31-61	23995-23997	in	_	_	
31-62	23998-24006	Cagliari	_	_	
31-63	24007-24012	durch	_	_	
31-64	24013-24017	eine	_	_	
31-65	24018-24026	Eigentor	_	_	
31-66	24027-24039	mittlerweile	_	_	
31-67	24040-24043	vor	_	_	
31-68	24044-24049	Spott	_	_	
31-69	24050-24051	:	_	_	
31-70	24052-24053	"	_	_	
31-71	24054-24057	Wir	_	_	
31-72	24058-24064	müssen	_	_	
31-73	24065-24067	in	_	_	
31-74	24068-24071	den	_	_	
31-75	24072-24081	Europacup	_	_	
31-76	24082-24083	,	_	_	
31-77	24084-24089	sonst	_	_	
31-78	24090-24096	nehmen	*->16-1	non-literal-mwe[16]	
31-79	24097-24101	mich	_	_	
31-80	24102-24107	meine	_	_	
31-81	24108-24114	Bremer	_	_	
31-82	24115-24122	Freunde	_	_	
31-83	24123-24126	auf	*->16-2	*[16]	
31-84	24127-24130	den	_	_	
31-85	24131-24134	Arm	*->16-3	*[16]	
31-86	24135-24136	"	_	_	
31-87	24137-24138	.	_	_	

#Text=Die beiden Gestalten sind typisch für zwei unterschiedliche Politikerkarrieren : Rajiv Gandhi auf der einen Seite , mit dem Silberlöffel im Mund geboren , der bereits als Kind von Staatsmännern auf den Arm genommen wurde .
33-1	24642-24645	Die	_	_	
33-2	24646-24652	beiden	_	_	
33-3	24653-24662	Gestalten	_	_	
33-4	24663-24667	sind	_	_	
33-5	24668-24675	typisch	_	_	
33-6	24676-24679	für	_	_	
33-7	24680-24684	zwei	_	_	
33-8	24685-24701	unterschiedliche	_	_	
33-9	24702-24720	Politikerkarrieren	_	_	
33-10	24721-24722	:	_	_	
33-11	24723-24728	Rajiv	_	_	
33-12	24729-24735	Gandhi	_	_	
33-13	24736-24739	auf	_	_	
33-14	24740-24743	der	_	_	
33-15	24744-24749	einen	_	_	
33-16	24750-24755	Seite	_	_	
33-17	24756-24757	,	_	_	
33-18	24758-24761	mit	_	_	
33-19	24762-24765	dem	_	_	
33-20	24766-24778	Silberlöffel	_	_	
33-21	24779-24781	im	_	_	
33-22	24782-24786	Mund	_	_	
33-23	24787-24794	geboren	_	_	
33-24	24795-24796	,	_	_	
33-25	24797-24800	der	_	_	
33-26	24801-24808	bereits	_	_	
33-27	24809-24812	als	_	_	
33-28	24813-24817	Kind	_	_	
33-29	24818-24821	von	_	_	
33-30	24822-24835	Staatsmännern	_	_	
33-31	24836-24839	auf	*->17-1	literal[17]	
33-32	24840-24843	den	_	_	
33-33	24844-24847	Arm	*->17-2	*[17]	
33-34	24848-24856	genommen	*->17-3	*[17]	
33-35	24857-24862	wurde	_	_	
33-36	24863-24864	.	_	_	

#Text=Dabei reicht es schon , wenn ein Erwachsener ihm permanent über die Haare streicht , es ständig auf den Arm nehmen oder abknutschen zu müssen meint .
35-1	25475-25480	Dabei	_	_	
35-2	25481-25487	reicht	_	_	
35-3	25488-25490	es	_	_	
35-4	25491-25496	schon	_	_	
35-5	25497-25498	,	_	_	
35-6	25499-25503	wenn	_	_	
35-7	25504-25507	ein	_	_	
35-8	25508-25519	Erwachsener	_	_	
35-9	25520-25523	ihm	_	_	
35-10	25524-25533	permanent	_	_	
35-11	25534-25538	über	_	_	
35-12	25539-25542	die	_	_	
35-13	25543-25548	Haare	_	_	
35-14	25549-25557	streicht	_	_	
35-15	25558-25559	,	_	_	
35-16	25560-25562	es	_	_	
35-17	25563-25570	ständig	_	_	
35-18	25571-25574	auf	*->18-1	literal[18]	
35-19	25575-25578	den	_	_	
35-20	25579-25582	Arm	*->18-2	*[18]	
35-21	25583-25589	nehmen	*->18-3	*[18]	
35-22	25590-25594	oder	_	_	
35-23	25595-25606	abknutschen	_	_	
35-24	25607-25609	zu	_	_	
35-25	25610-25616	müssen	_	_	
35-26	25617-25622	meint	_	_	
35-27	25623-25624	.	_	_	

#Text=Das war vor Jahren camp und Attitüde , heute nehmen sich gestandene Werbetexter damit gegenseitig auf den Arm .
37-1	26397-26400	Das	_	_	
37-2	26401-26404	war	_	_	
37-3	26405-26408	vor	_	_	
37-4	26409-26415	Jahren	_	_	
37-5	26416-26420	camp	_	_	
37-6	26421-26424	und	_	_	
37-7	26425-26433	Attitüde	_	_	
37-8	26434-26435	,	_	_	
37-9	26436-26441	heute	_	_	
37-10	26442-26448	nehmen	*->19-1	non-literal-mwe[19]	
37-11	26449-26453	sich	_	_	
37-12	26454-26464	gestandene	_	_	
37-13	26465-26476	Werbetexter	_	_	
37-14	26477-26482	damit	_	_	
37-15	26483-26494	gegenseitig	_	_	
37-16	26495-26498	auf	*->19-2	*[19]	
37-17	26499-26502	den	_	_	
37-18	26503-26506	Arm	*->19-3	*[19]	
37-19	26507-26508	.	_	_	

#Text=Auffallend ist die hohe Politikverdrossenheit der Bürger : » Von Politikern wurden wir zu lange auf den Arm genommen , sehen Sie sich doch nur mal den Dorfanger an , die Eisenbahn fährt mitten durch den Dorfteich .
39-1	27163-27173	Auffallend	_	_	
39-2	27174-27177	ist	_	_	
39-3	27178-27181	die	_	_	
39-4	27182-27186	hohe	_	_	
39-5	27187-27208	Politikverdrossenheit	_	_	
39-6	27209-27212	der	_	_	
39-7	27213-27219	Bürger	_	_	
39-8	27220-27221	:	_	_	
39-9	27222-27223	»	_	_	
39-10	27224-27227	Von	_	_	
39-11	27228-27238	Politikern	_	_	
39-12	27239-27245	wurden	_	_	
39-13	27246-27249	wir	_	_	
39-14	27250-27252	zu	_	_	
39-15	27253-27258	lange	_	_	
39-16	27259-27262	auf	*->20-1	non-literal-mwe[20]	
39-17	27263-27266	den	_	_	
39-18	27267-27270	Arm	*->20-2	*[20]	
39-19	27271-27279	genommen	*->20-3	*[20]	
39-20	27280-27281	,	_	_	
39-21	27282-27287	sehen	_	_	
39-22	27288-27291	Sie	_	_	
39-23	27292-27296	sich	_	_	
39-24	27297-27301	doch	_	_	
39-25	27302-27305	nur	_	_	
39-26	27306-27309	mal	_	_	
39-27	27310-27313	den	_	_	
39-28	27314-27323	Dorfanger	_	_	
39-29	27324-27326	an	_	_	
39-30	27327-27328	,	_	_	
39-31	27329-27332	die	_	_	
39-32	27333-27342	Eisenbahn	_	_	
39-33	27343-27348	fährt	_	_	
39-34	27349-27355	mitten	_	_	
39-35	27356-27361	durch	_	_	
39-36	27362-27365	den	_	_	
39-37	27366-27375	Dorfteich	_	_	
39-38	27376-27377	.	_	_	

#Text=Es ist ein Abenteuer- und fast ein Schelmenroman , der die Gelegenheit des Themas , den Kunstbetrieb zum x-ten Male auf den Arm zu nehmen , Gott sei Dank nahezu ungenützt vorübergehen läßt .
41-1	27839-27841	Es	_	_	
41-2	27842-27845	ist	_	_	
41-3	27846-27849	ein	_	_	
41-4	27850-27860	Abenteuer-	_	_	
41-5	27861-27864	und	_	_	
41-6	27865-27869	fast	_	_	
41-7	27870-27873	ein	_	_	
41-8	27874-27887	Schelmenroman	_	_	
41-9	27888-27889	,	_	_	
41-10	27890-27893	der	_	_	
41-11	27894-27897	die	_	_	
41-12	27898-27909	Gelegenheit	_	_	
41-13	27910-27913	des	_	_	
41-14	27914-27920	Themas	_	_	
41-15	27921-27922	,	_	_	
41-16	27923-27926	den	_	_	
41-17	27927-27939	Kunstbetrieb	_	_	
41-18	27940-27943	zum	_	_	
41-19	27944-27949	x-ten	_	_	
41-20	27950-27954	Male	_	_	
41-21	27955-27958	auf	*->21-1	non-literal-mwe[21]	
41-22	27959-27962	den	_	_	
41-23	27963-27966	Arm	*->21-2	*[21]	
41-24	27967-27969	zu	_	_	
41-25	27970-27976	nehmen	*->21-3	*[21]	
41-26	27977-27978	,	_	_	
41-27	27979-27983	Gott	_	_	
41-28	27984-27987	sei	_	_	
41-29	27988-27992	Dank	_	_	
41-30	27993-27999	nahezu	_	_	
41-31	28000-28009	ungenützt	_	_	
41-32	28010-28022	vorübergehen	_	_	
41-33	28023-28027	läßt	_	_	
41-34	28028-28029	.	_	_	

#Text=Der zweite Hauptbelastungszeuge im Verfahren gegen die beiden Rote-Flora-Aktivisten Ralf Gauger und Knud Andresen , dieser Eindruck drängte sich geradezu auf , nahm das Gericht gehörig auf den Arm .
43-1	28599-28602	Der	_	_	
43-2	28603-28609	zweite	_	_	
43-3	28610-28630	Hauptbelastungszeuge	_	_	
43-4	28631-28633	im	_	_	
43-5	28634-28643	Verfahren	_	_	
43-6	28644-28649	gegen	_	_	
43-7	28650-28653	die	_	_	
43-8	28654-28660	beiden	_	_	
43-9	28661-28682	Rote-Flora-Aktivisten	_	_	
43-10	28683-28687	Ralf	_	_	
43-11	28688-28694	Gauger	_	_	
43-12	28695-28698	und	_	_	
43-13	28699-28703	Knud	_	_	
43-14	28704-28712	Andresen	_	_	
43-15	28713-28714	,	_	_	
43-16	28715-28721	dieser	_	_	
43-17	28722-28730	Eindruck	_	_	
43-18	28731-28738	drängte	_	_	
43-19	28739-28743	sich	_	_	
43-20	28744-28752	geradezu	_	_	
43-21	28753-28756	auf	_	_	
43-22	28757-28758	,	_	_	
43-23	28759-28763	nahm	*->22-1	non-literal-mwe[22]	
43-24	28764-28767	das	_	_	
43-25	28768-28775	Gericht	_	_	
43-26	28776-28783	gehörig	_	_	
43-27	28784-28787	auf	*->22-2	*[22]	
43-28	28788-28791	den	_	_	
43-29	28792-28795	Arm	*->22-3	*[22]	
43-30	28796-28797	.	_	_	

#Text=Sie nimmt das Kind auf den Arm , um es bis zum Füttern zu beruhigen .
45-1	29295-29298	Sie	_	_	
45-2	29299-29304	nimmt	*->23-1	literal[23]	
45-3	29305-29308	das	_	_	
45-4	29309-29313	Kind	_	_	
45-5	29314-29317	auf	*->23-2	*[23]	
45-6	29318-29321	den	_	_	
45-7	29322-29325	Arm	*->23-3	*[23]	
45-8	29326-29327	,	_	_	
45-9	29328-29330	um	_	_	
45-10	29331-29333	es	_	_	
45-11	29334-29337	bis	_	_	
45-12	29338-29341	zum	_	_	
45-13	29342-29349	Füttern	_	_	
45-14	29350-29352	zu	_	_	
45-15	29353-29362	beruhigen	_	_	
45-16	29363-29364	.	_	_	

#Text=Hanna streckt Eveline demonstrativ den Hintern entgegen , nimmt dann die körperlich Unterlegene , hilflos Zappelnde auf den Arm , läßt sie kreisen wie ein Kind .
47-1	30687-30692	Hanna	_	_	
47-2	30693-30700	streckt	_	_	
47-3	30701-30708	Eveline	_	_	
47-4	30709-30721	demonstrativ	_	_	
47-5	30722-30725	den	_	_	
47-6	30726-30733	Hintern	_	_	
47-7	30734-30742	entgegen	_	_	
47-8	30743-30744	,	_	_	
47-9	30745-30750	nimmt	*->24-1	literal[24]	
47-10	30751-30755	dann	_	_	
47-11	30756-30759	die	_	_	
47-12	30760-30770	körperlich	_	_	
47-13	30771-30782	Unterlegene	_	_	
47-14	30783-30784	,	_	_	
47-15	30785-30792	hilflos	_	_	
47-16	30793-30802	Zappelnde	_	_	
47-17	30803-30806	auf	*->24-2	*[24]	
47-18	30807-30810	den	_	_	
47-19	30811-30814	Arm	*->24-3	*[24]	
47-20	30815-30816	,	_	_	
47-21	30817-30821	läßt	_	_	
47-22	30822-30825	sie	_	_	
47-23	30826-30833	kreisen	_	_	
47-24	30834-30837	wie	_	_	
47-25	30838-30841	ein	_	_	
47-26	30842-30846	Kind	_	_	
47-27	30847-30848	.	_	_	

#Text=Weil ich sie nicht an den Zähnen hinter mir herziehen will , nehme ich sie auf den Arm .
49-1	31192-31196	Weil	_	_	
49-2	31197-31200	ich	_	_	
49-3	31201-31204	sie	_	_	
49-4	31205-31210	nicht	_	_	
49-5	31211-31213	an	_	_	
49-6	31214-31217	den	_	_	
49-7	31218-31224	Zähnen	_	_	
49-8	31225-31231	hinter	_	_	
49-9	31232-31235	mir	_	_	
49-10	31236-31245	herziehen	_	_	
49-11	31246-31250	will	_	_	
49-12	31251-31252	,	_	_	
49-13	31253-31258	nehme	*->25-1	literal[25]	
49-14	31259-31262	ich	_	_	
49-15	31263-31266	sie	_	_	
49-16	31267-31270	auf	*->25-2	*[25]	
49-17	31271-31274	den	_	_	
49-18	31275-31278	Arm	*->25-3	*[25]	
49-19	31279-31280	.	_	_	

#Text=Anschließend werden die Eltern der Welpen vorgestellt , währenddessen Rudi einen der Welpen liebevoll auf den Arm nimmt .
51-1	33122-33134	Anschließend	_	_	
51-2	33135-33141	werden	_	_	
51-3	33142-33145	die	_	_	
51-4	33146-33152	Eltern	_	_	
51-5	33153-33156	der	_	_	
51-6	33157-33163	Welpen	_	_	
51-7	33164-33175	vorgestellt	_	_	
51-8	33176-33177	,	_	_	
51-9	33178-33191	währenddessen	_	_	
51-10	33192-33196	Rudi	_	_	
51-11	33197-33202	einen	_	_	
51-12	33203-33206	der	_	_	
51-13	33207-33213	Welpen	_	_	
51-14	33214-33223	liebevoll	_	_	
51-15	33224-33227	auf	*->26-1	literal[26]	
51-16	33228-33231	den	_	_	
51-17	33232-33235	Arm	*->26-2	*[26]	
51-18	33236-33241	nimmt	*->26-3	*[26]	
51-19	33242-33243	.	_	_	

#Text=Nein , Sie werden nicht auf den Arm genommen , der Oberton- Guru Michael Vetter schlägt zu mit einer Uraufführung .
53-1	34058-34062	Nein	_	_	
53-2	34063-34064	,	_	_	
53-3	34065-34068	Sie	_	_	
53-4	34069-34075	werden	_	_	
53-5	34076-34081	nicht	_	_	
53-6	34082-34085	auf	*->27-1	non-literal-mwe[27]	
53-7	34086-34089	den	_	_	
53-8	34090-34093	Arm	*->27-2	*[27]	
53-9	34094-34102	genommen	*->27-3	*[27]	
53-10	34103-34104	,	_	_	
53-11	34105-34108	der	_	_	
53-12	34109-34117	Oberton-	_	_	
53-13	34118-34122	Guru	_	_	
53-14	34123-34130	Michael	_	_	
53-15	34131-34137	Vetter	_	_	
53-16	34138-34145	schlägt	_	_	
53-17	34146-34148	zu	_	_	
53-18	34149-34152	mit	_	_	
53-19	34153-34158	einer	_	_	
53-20	34159-34171	Uraufführung	_	_	
53-21	34172-34173	.	_	_	

#Text=Wie Puderbach erklärte , wurden sie von dem anonymen Anrufer möglicherweise " auf den Arm genommen " .
55-1	34740-34743	Wie	_	_	
55-2	34744-34753	Puderbach	_	_	
55-3	34754-34762	erklärte	_	_	
55-4	34763-34764	,	_	_	
55-5	34765-34771	wurden	_	_	
55-6	34772-34775	sie	_	_	
55-7	34776-34779	von	_	_	
55-8	34780-34783	dem	_	_	
55-9	34784-34792	anonymen	_	_	
55-10	34793-34800	Anrufer	_	_	
55-11	34801-34815	möglicherweise	_	_	
55-12	34816-34817	"	_	_	
55-13	34818-34821	auf	*->28-1	non-literal-mwe[28]	
55-14	34822-34825	den	_	_	
55-15	34826-34829	Arm	*->28-2	*[28]	
55-16	34830-34838	genommen	*->28-3	*[28]	
55-17	34839-34840	"	_	_	
55-18	34841-34842	.	_	_	

#Text=Sie mustert kritisch den Besuch und nimmt die kleine Trang auf den Arm , die schon wieder weint .
57-1	35365-35368	Sie	_	_	
57-2	35369-35376	mustert	_	_	
57-3	35377-35385	kritisch	_	_	
57-4	35386-35389	den	_	_	
57-5	35390-35396	Besuch	_	_	
57-6	35397-35400	und	_	_	
57-7	35401-35406	nimmt	*->29-1	literal[29]	
57-8	35407-35410	die	_	_	
57-9	35411-35417	kleine	_	_	
57-10	35418-35423	Trang	_	_	
57-11	35424-35427	auf	*->29-2	*[29]	
57-12	35428-35431	den	_	_	
57-13	35432-35435	Arm	*->29-3	*[29]	
57-14	35436-35437	,	_	_	
57-15	35438-35441	die	_	_	
57-16	35442-35447	schon	_	_	
57-17	35448-35454	wieder	_	_	
57-18	35455-35460	weint	_	_	
57-19	35461-35462	.	_	_	

#Text=Erzieherin Sabine Stemmler geht es wenig anders : Auch sie verbringt einen Großteil des Tages in gebückter Haltung , muß öfter die Sprößlinge hochheben und auf den Arm nehmen .
59-1	35779-35789	Erzieherin	_	_	
59-2	35790-35796	Sabine	_	_	
59-3	35797-35805	Stemmler	_	_	
59-4	35806-35810	geht	_	_	
59-5	35811-35813	es	_	_	
59-6	35814-35819	wenig	_	_	
59-7	35820-35826	anders	_	_	
59-8	35827-35828	:	_	_	
59-9	35829-35833	Auch	_	_	
59-10	35834-35837	sie	_	_	
59-11	35838-35847	verbringt	_	_	
59-12	35848-35853	einen	_	_	
59-13	35854-35862	Großteil	_	_	
59-14	35863-35866	des	_	_	
59-15	35867-35872	Tages	_	_	
59-16	35873-35875	in	_	_	
59-17	35876-35885	gebückter	_	_	
59-18	35886-35893	Haltung	_	_	
59-19	35894-35895	,	_	_	
59-20	35896-35899	muß	_	_	
59-21	35900-35905	öfter	_	_	
59-22	35906-35909	die	_	_	
59-23	35910-35920	Sprößlinge	_	_	
59-24	35921-35930	hochheben	_	_	
59-25	35931-35934	und	_	_	
59-26	35935-35938	auf	*->30-1	literal[30]	
59-27	35939-35942	den	_	_	
59-28	35943-35946	Arm	*->30-2	*[30]	
59-29	35947-35953	nehmen	*->30-3	*[30]	
59-30	35954-35955	.	_	_	

#Text=" Wir fühlen uns als Branche auf den Arm genommen " , so der Sprecher des Bundesverbands Druck , Peter Klemm .
61-1	36352-36353	"	_	_	
61-2	36354-36357	Wir	_	_	
61-3	36358-36364	fühlen	_	_	
61-4	36365-36368	uns	_	_	
61-5	36369-36372	als	_	_	
61-6	36373-36380	Branche	_	_	
61-7	36381-36384	auf	*->31-1	non-literal-mwe[31]	
61-8	36385-36388	den	_	_	
61-9	36389-36392	Arm	*->31-2	*[31]	
61-10	36393-36401	genommen	*->31-3	*[31]	
61-11	36402-36403	"	_	_	
61-12	36404-36405	,	_	_	
61-13	36406-36408	so	_	_	
61-14	36409-36412	der	_	_	
61-15	36413-36421	Sprecher	_	_	
61-16	36422-36425	des	_	_	
61-17	36426-36440	Bundesverbands	_	_	
61-18	36441-36446	Druck	_	_	
61-19	36447-36448	,	_	_	
61-20	36449-36454	Peter	_	_	
61-21	36455-36460	Klemm	_	_	
61-22	36461-36462	.	_	_	

#Text=Das korpulente Energiebündel nahm aber auch sich selbst auf den Arm .
63-1	37106-37109	Das	_	_	
63-2	37110-37120	korpulente	_	_	
63-3	37121-37134	Energiebündel	_	_	
63-4	37135-37139	nahm	*->32-1	non-literal-mwe[32]	
63-5	37140-37144	aber	_	_	
63-6	37145-37149	auch	_	_	
63-7	37150-37154	sich	_	_	
63-8	37155-37161	selbst	_	_	
63-9	37162-37165	auf	*->32-2	*[32]	
63-10	37166-37169	den	_	_	
63-11	37170-37173	Arm	*->32-3	*[32]	
63-12	37174-37175	.	_	_	

#Text=Jetzt nimmt Liane eine Amme auf den Arm und hebt sie vom Grund auf .
65-1	37922-37927	Jetzt	_	_	
65-2	37928-37933	nimmt	*->33-1	literal[33]	
65-3	37934-37939	Liane	_	_	
65-4	37940-37944	eine	_	_	
65-5	37945-37949	Amme	_	_	
65-6	37950-37953	auf	*->33-2	*[33]	
65-7	37954-37957	den	_	_	
65-8	37958-37961	Arm	*->33-3	*[33]	
65-9	37962-37965	und	_	_	
65-10	37966-37970	hebt	_	_	
65-11	37971-37974	sie	_	_	
65-12	37975-37978	vom	_	_	
65-13	37979-37984	Grund	_	_	
65-14	37985-37988	auf	_	_	
65-15	37989-37990	.	_	_	

#Text=" ruft Ibu Hartini ihrer Nachbarin zu , nimmt ihr jüngstes Kind auf den Arm und eilt im Laufschritt zu einer nahegelegenen Schnellstraße , von der donnerndes Motorengeräusch zu vernehmen ist .
67-1	38320-38321	"	_	_	
67-2	38322-38326	ruft	_	_	
67-3	38327-38330	Ibu	_	_	
67-4	38331-38338	Hartini	_	_	
67-5	38339-38344	ihrer	_	_	
67-6	38345-38354	Nachbarin	_	_	
67-7	38355-38357	zu	_	_	
67-8	38358-38359	,	_	_	
67-9	38360-38365	nimmt	*->34-1	literal[34]	
67-10	38366-38369	ihr	_	_	
67-11	38370-38378	jüngstes	_	_	
67-12	38379-38383	Kind	_	_	
67-13	38384-38387	auf	*->34-2	*[34]	
67-14	38388-38391	den	_	_	
67-15	38392-38395	Arm	*->34-3	*[34]	
67-16	38396-38399	und	_	_	
67-17	38400-38404	eilt	_	_	
67-18	38405-38407	im	_	_	
67-19	38408-38419	Laufschritt	_	_	
67-20	38420-38422	zu	_	_	
67-21	38423-38428	einer	_	_	
67-22	38429-38442	nahegelegenen	_	_	
67-23	38443-38456	Schnellstraße	_	_	
67-24	38457-38458	,	_	_	
67-25	38459-38462	von	_	_	
67-26	38463-38466	der	_	_	
67-27	38467-38477	donnerndes	_	_	
67-28	38478-38493	Motorengeräusch	_	_	
67-29	38494-38496	zu	_	_	
67-30	38497-38506	vernehmen	_	_	
67-31	38507-38510	ist	_	_	
67-32	38511-38512	.	_	_	

#Text=" Wollen Sie mich auf den Arm nehmen ?
69-1	51221-51222	"	_	_	
69-2	51223-51229	Wollen	_	_	
69-3	51230-51233	Sie	_	_	
69-4	51234-51238	mich	_	_	
69-5	51239-51242	auf	*->35-1	non-literal-mwe[35]	
69-6	51243-51246	den	_	_	
69-7	51247-51250	Arm	*->35-2	*[35]	
69-8	51251-51257	nehmen	*->35-3	*[35]	
69-9	51258-51259	?	_	_	

#Text=Am Schluß kam ein leicht kriegsverletzter Vater ins Zimmer , der glücksstrahlend beide Kinder auf den Arm nahm .
71-1	61501-61503	Am	_	_	
71-2	61504-61510	Schluß	_	_	
71-3	61511-61514	kam	_	_	
71-4	61515-61518	ein	_	_	
71-5	61519-61525	leicht	_	_	
71-6	61526-61542	kriegsverletzter	_	_	
71-7	61543-61548	Vater	_	_	
71-8	61549-61552	ins	_	_	
71-9	61553-61559	Zimmer	_	_	
71-10	61560-61561	,	_	_	
71-11	61562-61565	der	_	_	
71-12	61566-61581	glücksstrahlend	_	_	
71-13	61582-61587	beide	_	_	
71-14	61588-61594	Kinder	_	_	
71-15	61595-61598	auf	*->36-1	literal[36]	
71-16	61599-61602	den	_	_	
71-17	61603-61606	Arm	*->36-2	*[36]	
71-18	61607-61611	nahm	*->36-3	*[36]	
71-19	61612-61613	.	_	_	

#Text=Aber das Publikum weiß , wie es von Schneider in die Irre geführt und auf den Arm genommen werden will , während der Meister gesteht : " Ich selber würde jetzt hier nicht hingegangen sein , ich bin so müde .
73-1	67848-67852	Aber	_	_	
73-2	67853-67856	das	_	_	
73-3	67857-67865	Publikum	_	_	
73-4	67866-67870	weiß	_	_	
73-5	67871-67872	,	_	_	
73-6	67873-67876	wie	_	_	
73-7	67877-67879	es	_	_	
73-8	67880-67883	von	_	_	
73-9	67884-67893	Schneider	_	_	
73-10	67894-67896	in	_	_	
73-11	67897-67900	die	_	_	
73-12	67901-67905	Irre	_	_	
73-13	67906-67913	geführt	_	_	
73-14	67914-67917	und	_	_	
73-15	67918-67921	auf	*->37-1	non-literal-mwe[37]	
73-16	67922-67925	den	_	_	
73-17	67926-67929	Arm	*->37-2	*[37]	
73-18	67930-67938	genommen	*->37-3	*[37]	
73-19	67939-67945	werden	_	_	
73-20	67946-67950	will	_	_	
73-21	67951-67952	,	_	_	
73-22	67953-67960	während	_	_	
73-23	67961-67964	der	_	_	
73-24	67965-67972	Meister	_	_	
73-25	67973-67980	gesteht	_	_	
73-26	67981-67982	:	_	_	
73-27	67983-67984	"	_	_	
73-28	67985-67988	Ich	_	_	
73-29	67989-67995	selber	_	_	
73-30	67996-68001	würde	_	_	
73-31	68002-68007	jetzt	_	_	
73-32	68008-68012	hier	_	_	
73-33	68013-68018	nicht	_	_	
73-34	68019-68030	hingegangen	_	_	
73-35	68031-68035	sein	_	_	
73-36	68036-68037	,	_	_	
73-37	68038-68041	ich	_	_	
73-38	68042-68045	bin	_	_	
73-39	68046-68048	so	_	_	
73-40	68049-68053	müde	_	_	
73-41	68054-68055	.	_	_	

#Text=Ethnische Musik nimmt man am besten auf den Arm , kommentiert er seine Platte " Country Music in the World of Islam , Vol .
75-1	68553-68562	Ethnische	_	_	
75-2	68563-68568	Musik	_	_	
75-3	68569-68574	nimmt	*->38-1	non-literal-mwe[38]	
75-4	68575-68578	man	_	_	
75-5	68579-68581	am	_	_	
75-6	68582-68588	besten	_	_	
75-7	68589-68592	auf	*->38-2	*[38]	
75-8	68593-68596	den	_	_	
75-9	68597-68600	Arm	*->38-3	*[38]	
75-10	68601-68602	,	_	_	
75-11	68603-68614	kommentiert	_	_	
75-12	68615-68617	er	_	_	
75-13	68618-68623	seine	_	_	
75-14	68624-68630	Platte	_	_	
75-15	68631-68632	"	_	_	
75-16	68633-68640	Country	_	_	
75-17	68641-68646	Music	_	_	
75-18	68647-68649	in	_	_	
75-19	68650-68653	the	_	_	
75-20	68654-68659	World	_	_	
75-21	68660-68662	of	_	_	
75-22	68663-68668	Islam	_	_	
75-23	68669-68670	,	_	_	
75-24	68671-68674	Vol	_	_	
75-25	68675-68676	.	_	_	

#Text=Doch bestünde Tschierschs Programm " Armsein ist asozial " nur daraus , gewichtige Männer auf den Arm zu nehmen , wäre geradezu der Vergleich zu einem Trockentraining mit Luftballonhanteln angebracht .
77-1	69118-69122	Doch	_	_	
77-2	69123-69131	bestünde	_	_	
77-3	69132-69143	Tschierschs	_	_	
77-4	69144-69152	Programm	_	_	
77-5	69153-69154	"	_	_	
77-6	69155-69162	Armsein	_	_	
77-7	69163-69166	ist	_	_	
77-8	69167-69174	asozial	_	_	
77-9	69175-69176	"	_	_	
77-10	69177-69180	nur	_	_	
77-11	69181-69187	daraus	_	_	
77-12	69188-69189	,	_	_	
77-13	69190-69200	gewichtige	_	_	
77-14	69201-69207	Männer	_	_	
77-15	69208-69211	auf	*->39-1	non-literal-mwe[39]	
77-16	69212-69215	den	_	_	
77-17	69216-69219	Arm	*->39-2	*[39]	
77-18	69220-69222	zu	_	_	
77-19	69223-69229	nehmen	*->39-3	*[39]	
77-20	69230-69231	,	_	_	
77-21	69232-69236	wäre	_	_	
77-22	69237-69245	geradezu	_	_	
77-23	69246-69249	der	_	_	
77-24	69250-69259	Vergleich	_	_	
77-25	69260-69262	zu	_	_	
77-26	69263-69268	einem	_	_	
77-27	69269-69284	Trockentraining	_	_	
77-28	69285-69288	mit	_	_	
77-29	69289-69306	Luftballonhanteln	_	_	
77-30	69307-69317	angebracht	_	_	
77-31	69318-69319	.	_	_	

#Text=Umweltsenator Volker Hassemer ( CDU ) soll 85.000 Berliner auf den Arm genommen haben .
79-1	69685-69698	Umweltsenator	_	_	
79-2	69699-69705	Volker	_	_	
79-3	69706-69714	Hassemer	_	_	
79-4	69715-69716	(	_	_	
79-5	69717-69720	CDU	_	_	
79-6	69721-69722	)	_	_	
79-7	69723-69727	soll	_	_	
79-8	69728-69734	85.000	_	_	
79-9	69735-69743	Berliner	_	_	
79-10	69744-69747	auf	*->40-1	non-literal-mwe[40]	
79-11	69748-69751	den	_	_	
79-12	69752-69755	Arm	*->40-2	*[40]	
79-13	69756-69764	genommen	*->40-3	*[40]	
79-14	69765-69770	haben	_	_	
79-15	69771-69772	.	_	_	

#Text=Beko nimmt sie auf den Arm , und irgendwie erreicht er Europa .
81-1	70475-70479	Beko	_	_	
81-2	70480-70485	nimmt	*->41-1	literal[41]	
81-3	70486-70489	sie	_	_	
81-4	70490-70493	auf	*->41-2	*[41]	
81-5	70494-70497	den	_	_	
81-6	70498-70501	Arm	*->41-3	*[41]	
81-7	70502-70503	,	_	_	
81-8	70504-70507	und	_	_	
81-9	70508-70517	irgendwie	_	_	
81-10	70518-70526	erreicht	_	_	
81-11	70527-70529	er	_	_	
81-12	70530-70536	Europa	_	_	
81-13	70537-70538	.	_	_	

#Text=Am neuen Volkssport " Telekom-Bashing " sei Sommer selber schuld , sagte Bury , der Bürger habe sich " auf den Arm genommen gefühlt " .
83-1	72089-72091	Am	_	_	
83-2	72092-72097	neuen	_	_	
83-3	72098-72108	Volkssport	_	_	
83-4	72109-72110	"	_	_	
83-5	72111-72126	Telekom-Bashing	_	_	
83-6	72127-72128	"	_	_	
83-7	72129-72132	sei	_	_	
83-8	72133-72139	Sommer	_	_	
83-9	72140-72146	selber	_	_	
83-10	72147-72153	schuld	_	_	
83-11	72154-72155	,	_	_	
83-12	72156-72161	sagte	_	_	
83-13	72162-72166	Bury	_	_	
83-14	72167-72168	,	_	_	
83-15	72169-72172	der	_	_	
83-16	72173-72179	Bürger	_	_	
83-17	72180-72184	habe	_	_	
83-18	72185-72189	sich	_	_	
83-19	72190-72191	"	_	_	
83-20	72192-72195	auf	*->42-1	non-literal-mwe[42]	
83-21	72196-72199	den	_	_	
83-22	72200-72203	Arm	*->42-2	*[42]	
83-23	72204-72212	genommen	*->42-3	*[42]	
83-24	72213-72220	gefühlt	_	_	
83-25	72221-72222	"	_	_	
83-26	72223-72224	.	_	_	

#Text=Neugeborene werden von den Eltern fast immer auf den linken Arm genommen .
85-1	72869-72880	Neugeborene	_	_	
85-2	72881-72887	werden	_	_	
85-3	72888-72891	von	_	_	
85-4	72892-72895	den	_	_	
85-5	72896-72902	Eltern	_	_	
85-6	72903-72907	fast	_	_	
85-7	72908-72913	immer	_	_	
85-8	72914-72917	auf	*->43-1	literal[43]	
85-9	72918-72921	den	_	_	
85-10	72922-72928	linken	_	_	
85-11	72929-72932	Arm	*->43-2	*[43]	
85-12	72933-72941	genommen	*->43-3	*[43]	
85-13	72942-72943	.	_	_	

#Text=Freiwillig würde sich Sielmann dieser Fototermin genannten Prozedur wohl kaum aussetzen , aber es gilt für eine neue Staffel von Tierfilmen zu werben , und Vertrag ist Vertrag : Artig nimmt er immer wieder den Affen auf den Arm , lächelt in die Objektive und zuckt telegen mit den graumelierten Augenbrauen .
87-1	73119-73129	Freiwillig	_	_	
87-2	73130-73135	würde	_	_	
87-3	73136-73140	sich	_	_	
87-4	73141-73149	Sielmann	_	_	
87-5	73150-73156	dieser	_	_	
87-6	73157-73167	Fototermin	_	_	
87-7	73168-73177	genannten	_	_	
87-8	73178-73186	Prozedur	_	_	
87-9	73187-73191	wohl	_	_	
87-10	73192-73196	kaum	_	_	
87-11	73197-73206	aussetzen	_	_	
87-12	73207-73208	,	_	_	
87-13	73209-73213	aber	_	_	
87-14	73214-73216	es	_	_	
87-15	73217-73221	gilt	_	_	
87-16	73222-73225	für	_	_	
87-17	73226-73230	eine	_	_	
87-18	73231-73235	neue	_	_	
87-19	73236-73243	Staffel	_	_	
87-20	73244-73247	von	_	_	
87-21	73248-73258	Tierfilmen	_	_	
87-22	73259-73261	zu	_	_	
87-23	73262-73268	werben	_	_	
87-24	73269-73270	,	_	_	
87-25	73271-73274	und	_	_	
87-26	73275-73282	Vertrag	_	_	
87-27	73283-73286	ist	_	_	
87-28	73287-73294	Vertrag	_	_	
87-29	73295-73296	:	_	_	
87-30	73297-73302	Artig	_	_	
87-31	73303-73308	nimmt	*->44-1	literal[44]	
87-32	73309-73311	er	_	_	
87-33	73312-73317	immer	_	_	
87-34	73318-73324	wieder	_	_	
87-35	73325-73328	den	_	_	
87-36	73329-73334	Affen	_	_	
87-37	73335-73338	auf	*->44-2	*[44]	
87-38	73339-73342	den	_	_	
87-39	73343-73346	Arm	*->44-3	*[44]	
87-40	73347-73348	,	_	_	
87-41	73349-73356	lächelt	_	_	
87-42	73357-73359	in	_	_	
87-43	73360-73363	die	_	_	
87-44	73364-73373	Objektive	_	_	
87-45	73374-73377	und	_	_	
87-46	73378-73383	zuckt	_	_	
87-47	73384-73391	telegen	_	_	
87-48	73392-73395	mit	_	_	
87-49	73396-73399	den	_	_	
87-50	73400-73413	graumelierten	_	_	
87-51	73414-73425	Augenbrauen	_	_	
87-52	73426-73427	.	_	_	

#Text=Wenn nach einer halben Stunde eine junge , hübsche Amerikanerin das Kind unbedingt auf den Arm nehmen will , weiß man schon genau , worum es im Rest des Films geht , aber das hat bei romantischen Komödien ja noch nie gestört .
89-1	73963-73967	Wenn	_	_	
89-2	73968-73972	nach	_	_	
89-3	73973-73978	einer	_	_	
89-4	73979-73985	halben	_	_	
89-5	73986-73992	Stunde	_	_	
89-6	73993-73997	eine	_	_	
89-7	73998-74003	junge	_	_	
89-8	74004-74005	,	_	_	
89-9	74006-74013	hübsche	_	_	
89-10	74014-74026	Amerikanerin	_	_	
89-11	74027-74030	das	_	_	
89-12	74031-74035	Kind	_	_	
89-13	74036-74045	unbedingt	_	_	
89-14	74046-74049	auf	*->45-1	literal[45]	
89-15	74050-74053	den	_	_	
89-16	74054-74057	Arm	*->45-2	*[45]	
89-17	74058-74064	nehmen	*->45-3	*[45]	
89-18	74065-74069	will	_	_	
89-19	74070-74071	,	_	_	
89-20	74072-74076	weiß	_	_	
89-21	74077-74080	man	_	_	
89-22	74081-74086	schon	_	_	
89-23	74087-74092	genau	_	_	
89-24	74093-74094	,	_	_	
89-25	74095-74100	worum	_	_	
89-26	74101-74103	es	_	_	
89-27	74104-74106	im	_	_	
89-28	74107-74111	Rest	_	_	
89-29	74112-74115	des	_	_	
89-30	74116-74121	Films	_	_	
89-31	74122-74126	geht	_	_	
89-32	74127-74128	,	_	_	
89-33	74129-74133	aber	_	_	
89-34	74134-74137	das	_	_	
89-35	74138-74141	hat	_	_	
89-36	74142-74145	bei	_	_	
89-37	74146-74158	romantischen	_	_	
89-38	74159-74167	Komödien	_	_	
89-39	74168-74170	ja	_	_	
89-40	74171-74175	noch	_	_	
89-41	74176-74179	nie	_	_	
89-42	74180-74187	gestört	_	_	
89-43	74188-74189	.	_	_	

#Text=Es ist eine einfache , eingängige Rede in der Nationalsprache Tagalog , gewürzt mit Scherzen , bei denen er sich selbst auf den Arm nimmt .
91-1	75214-75216	Es	_	_	
91-2	75217-75220	ist	_	_	
91-3	75221-75225	eine	_	_	
91-4	75226-75234	einfache	_	_	
91-5	75235-75236	,	_	_	
91-6	75237-75247	eingängige	_	_	
91-7	75248-75252	Rede	_	_	
91-8	75253-75255	in	_	_	
91-9	75256-75259	der	_	_	
91-10	75260-75275	Nationalsprache	_	_	
91-11	75276-75283	Tagalog	_	_	
91-12	75284-75285	,	_	_	
91-13	75286-75293	gewürzt	_	_	
91-14	75294-75297	mit	_	_	
91-15	75298-75306	Scherzen	_	_	
91-16	75307-75308	,	_	_	
91-17	75309-75312	bei	_	_	
91-18	75313-75318	denen	_	_	
91-19	75319-75321	er	_	_	
91-20	75322-75326	sich	_	_	
91-21	75327-75333	selbst	_	_	
91-22	75334-75337	auf	*->46-1	non-literal-mwe[46]	
91-23	75338-75341	den	_	_	
91-24	75342-75345	Arm	*->46-2	*[46]	
91-25	75346-75351	nimmt	*->46-3	*[46]	
91-26	75352-75353	.	_	_	

#Text=Die SPD nimmt mit ihren Programmen die Arbeitnehmer doch auf den Arm .
93-1	76297-76300	Die	_	_	
93-2	76301-76304	SPD	_	_	
93-3	76305-76310	nimmt	*->47-1	non-literal-mwe[47]	
93-4	76311-76314	mit	_	_	
93-5	76315-76320	ihren	_	_	
93-6	76321-76331	Programmen	_	_	
93-7	76332-76335	die	_	_	
93-8	76336-76348	Arbeitnehmer	_	_	
93-9	76349-76353	doch	_	_	
93-10	76354-76357	auf	*->47-2	*[47]	
93-11	76358-76361	den	_	_	
93-12	76362-76365	Arm	*->47-3	*[47]	
93-13	76366-76367	.	_	_	

#Text=" Da haben wir uns auf den Arm genommen gefühlt " , empört sich Richter Neuschild .
95-1	77286-77287	"	_	_	
95-2	77288-77290	Da	_	_	
95-3	77291-77296	haben	_	_	
95-4	77297-77300	wir	_	_	
95-5	77301-77304	uns	_	_	
95-6	77305-77308	auf	*->48-1	non-literal-mwe[48]	
95-7	77309-77312	den	_	_	
95-8	77313-77316	Arm	*->48-2	*[48]	
95-9	77317-77325	genommen	*->48-3	*[48]	
95-10	77326-77333	gefühlt	_	_	
95-11	77334-77335	"	_	_	
95-12	77336-77337	,	_	_	
95-13	77338-77344	empört	_	_	
95-14	77345-77349	sich	_	_	
95-15	77350-77357	Richter	_	_	
95-16	77358-77367	Neuschild	_	_	
95-17	77368-77369	.	_	_	

#Text=Der nämlich wollte das Leben seines Dackels retten , nahm diesen auf den Arm und wurde mit Bissen in die Wade und den Oberarm abgestraft .
97-1	78114-78117	Der	_	_	
97-2	78118-78125	nämlich	_	_	
97-3	78126-78132	wollte	_	_	
97-4	78133-78136	das	_	_	
97-5	78137-78142	Leben	_	_	
97-6	78143-78149	seines	_	_	
97-7	78150-78157	Dackels	_	_	
97-8	78158-78164	retten	_	_	
97-9	78165-78166	,	_	_	
97-10	78167-78171	nahm	*->49-1	literal[49]	
97-11	78172-78178	diesen	_	_	
97-12	78179-78182	auf	*->49-2	*[49]	
97-13	78183-78186	den	_	_	
97-14	78187-78190	Arm	*->49-3	*[49]	
97-15	78191-78194	und	_	_	
97-16	78195-78200	wurde	_	_	
97-17	78201-78204	mit	_	_	
97-18	78205-78211	Bissen	_	_	
97-19	78212-78214	in	_	_	
97-20	78215-78218	die	_	_	
97-21	78219-78223	Wade	_	_	
97-22	78224-78227	und	_	_	
97-23	78228-78231	den	_	_	
97-24	78232-78239	Oberarm	_	_	
97-25	78240-78250	abgestraft	_	_	
97-26	78251-78252	.	_	_	

#Text=Und nehme ich eines der Welpen liebevoll auf den Arm , steht ihr das Wort " Kindesentführung " ins Gesicht geschrieben .
99-1	79399-79402	Und	_	_	
99-2	79403-79408	nehme	*->50-1	literal[50]	
99-3	79409-79412	ich	_	_	
99-4	79413-79418	eines	_	_	
99-5	79419-79422	der	_	_	
99-6	79423-79429	Welpen	_	_	
99-7	79430-79439	liebevoll	_	_	
99-8	79440-79443	auf	*->50-2	*[50]	
99-9	79444-79447	den	_	_	
99-10	79448-79451	Arm	*->50-3	*[50]	
99-11	79452-79453	,	_	_	
99-12	79454-79459	steht	_	_	
99-13	79460-79463	ihr	_	_	
99-14	79464-79467	das	_	_	
99-15	79468-79472	Wort	_	_	
99-16	79473-79474	"	_	_	
99-17	79475-79491	Kindesentführung	_	_	
99-18	79492-79493	"	_	_	
99-19	79494-79497	ins	_	_	
99-20	79498-79505	Gesicht	_	_	
99-21	79506-79517	geschrieben	_	_	
99-22	79518-79519	.	_	_	

#Text=Die deutsche Sprache , hat Stickel festgestellt , ist nämlich großen Gefahren ausgesetzt : " Immer mehr Menschen , nicht nur ältere , fühlen sich durch die Flut sogenannter Anglizismen auf den Arm genommen !
101-1	79925-79928	Die	_	_	
101-2	79929-79937	deutsche	_	_	
101-3	79938-79945	Sprache	_	_	
101-4	79946-79947	,	_	_	
101-5	79948-79951	hat	_	_	
101-6	79952-79959	Stickel	_	_	
101-7	79960-79972	festgestellt	_	_	
101-8	79973-79974	,	_	_	
101-9	79975-79978	ist	_	_	
101-10	79979-79986	nämlich	_	_	
101-11	79987-79993	großen	_	_	
101-12	79994-80002	Gefahren	_	_	
101-13	80003-80013	ausgesetzt	_	_	
101-14	80014-80015	:	_	_	
101-15	80016-80017	"	_	_	
101-16	80018-80023	Immer	_	_	
101-17	80024-80028	mehr	_	_	
101-18	80029-80037	Menschen	_	_	
101-19	80038-80039	,	_	_	
101-20	80040-80045	nicht	_	_	
101-21	80046-80049	nur	_	_	
101-22	80050-80056	ältere	_	_	
101-23	80057-80058	,	_	_	
101-24	80059-80065	fühlen	_	_	
101-25	80066-80070	sich	_	_	
101-26	80071-80076	durch	_	_	
101-27	80077-80080	die	_	_	
101-28	80081-80085	Flut	_	_	
101-29	80086-80097	sogenannter	_	_	
101-30	80098-80109	Anglizismen	_	_	
101-31	80110-80113	auf	*->51-1	non-literal-mwe[51]	
101-32	80114-80117	den	_	_	
101-33	80118-80121	Arm	*->51-2	*[51]	
101-34	80122-80130	genommen	*->51-3	*[51]	
101-35	80131-80132	!	_	_	

#Text=Der den Einsatz leitende Polizeidirektor Horst Haase räumte am Samstag in Ahaus ein , daß sich " die Bürger womöglich von uns auf den Arm genommen " fühlten .
103-1	81487-81490	Der	_	_	
103-2	81491-81494	den	_	_	
103-3	81495-81502	Einsatz	_	_	
103-4	81503-81511	leitende	_	_	
103-5	81512-81527	Polizeidirektor	_	_	
103-6	81528-81533	Horst	_	_	
103-7	81534-81539	Haase	_	_	
103-8	81540-81546	räumte	_	_	
103-9	81547-81549	am	_	_	
103-10	81550-81557	Samstag	_	_	
103-11	81558-81560	in	_	_	
103-12	81561-81566	Ahaus	_	_	
103-13	81567-81570	ein	_	_	
103-14	81571-81572	,	_	_	
103-15	81573-81576	daß	_	_	
103-16	81577-81581	sich	_	_	
103-17	81582-81583	"	_	_	
103-18	81584-81587	die	_	_	
103-19	81588-81594	Bürger	_	_	
103-20	81595-81604	womöglich	_	_	
103-21	81605-81608	von	_	_	
103-22	81609-81612	uns	_	_	
103-23	81613-81616	auf	*->52-1	non-literal-mwe[52]	
103-24	81617-81620	den	_	_	
103-25	81621-81624	Arm	*->52-2	*[52]	
103-26	81625-81633	genommen	*->52-3	*[52]	
103-27	81634-81635	"	_	_	
103-28	81636-81643	fühlten	_	_	
103-29	81644-81645	.	_	_	

#Text=Nach dieser Ausflipp-Einlage nahm sie ihr männlicher Kollege auf die Arme und trug das zappelnde Bündel weg .
105-1	82238-82242	Nach	_	_	
105-2	82243-82249	dieser	_	_	
105-3	82250-82266	Ausflipp-Einlage	_	_	
105-4	82267-82271	nahm	*->53-1	literal[53]	
105-5	82272-82275	sie	_	_	
105-6	82276-82279	ihr	_	_	
105-7	82280-82290	männlicher	_	_	
105-8	82291-82298	Kollege	_	_	
105-9	82299-82302	auf	*->53-2	*[53]	
105-10	82303-82306	die	_	_	
105-11	82307-82311	Arme	*->53-3	*[53]	
105-12	82312-82315	und	_	_	
105-13	82316-82320	trug	_	_	
105-14	82321-82324	das	_	_	
105-15	82325-82334	zappelnde	_	_	
105-16	82335-82341	Bündel	_	_	
105-17	82342-82345	weg	_	_	
105-18	82346-82347	.	_	_	

#Text=" Man wird glaubwürdiger , wenn man nicht nur austeilt , sondern auch sich selber auf den Arm nimmt " , so lautet die Devise des türkischen Kabarettisten Mushin Omurca .
107-1	82883-82884	"	_	_	
107-2	82885-82888	Man	_	_	
107-3	82889-82893	wird	_	_	
107-4	82894-82907	glaubwürdiger	_	_	
107-5	82908-82909	,	_	_	
107-6	82910-82914	wenn	_	_	
107-7	82915-82918	man	_	_	
107-8	82919-82924	nicht	_	_	
107-9	82925-82928	nur	_	_	
107-10	82929-82937	austeilt	_	_	
107-11	82938-82939	,	_	_	
107-12	82940-82947	sondern	_	_	
107-13	82948-82952	auch	_	_	
107-14	82953-82957	sich	_	_	
107-15	82958-82964	selber	_	_	
107-16	82965-82968	auf	*->54-1	non-literal-mwe[54]	
107-17	82969-82972	den	_	_	
107-18	82973-82976	Arm	*->54-2	*[54]	
107-19	82977-82982	nimmt	*->54-3	*[54]	
107-20	82983-82984	"	_	_	
107-21	82985-82986	,	_	_	
107-22	82987-82989	so	_	_	
107-23	82990-82996	lautet	_	_	
107-24	82997-83000	die	_	_	
107-25	83001-83007	Devise	_	_	
107-26	83008-83011	des	_	_	
107-27	83012-83022	türkischen	_	_	
107-28	83023-83036	Kabarettisten	_	_	
107-29	83037-83043	Mushin	_	_	
107-30	83044-83050	Omurca	_	_	
107-31	83051-83052	.	_	_	

#Text=Achtjährige steigen auf die Biertische oder werden von Muttern zwecks besserer Sicht auf den Arm genommen , als sich die " Stribberinnen " heißes Wachs auf die Brust träufeln .
109-1	83473-83484	Achtjährige	_	_	
109-2	83485-83492	steigen	_	_	
109-3	83493-83496	auf	_	_	
109-4	83497-83500	die	_	_	
109-5	83501-83511	Biertische	_	_	
109-6	83512-83516	oder	_	_	
109-7	83517-83523	werden	_	_	
109-8	83524-83527	von	_	_	
109-9	83528-83535	Muttern	_	_	
109-10	83536-83542	zwecks	_	_	
109-11	83543-83551	besserer	_	_	
109-12	83552-83557	Sicht	_	_	
109-13	83558-83561	auf	*->55-1	literal[55]	
109-14	83562-83565	den	_	_	
109-15	83566-83569	Arm	*->55-2	*[55]	
109-16	83570-83578	genommen	*->55-3	*[55]	
109-17	83579-83580	,	_	_	
109-18	83581-83584	als	_	_	
109-19	83585-83589	sich	_	_	
109-20	83590-83593	die	_	_	
109-21	83594-83595	"	_	_	
109-22	83596-83609	Stribberinnen	_	_	
109-23	83610-83611	"	_	_	
109-24	83612-83618	heißes	_	_	
109-25	83619-83624	Wachs	_	_	
109-26	83625-83628	auf	_	_	
109-27	83629-83632	die	_	_	
109-28	83633-83638	Brust	_	_	
109-29	83639-83647	träufeln	_	_	
109-30	83648-83649	.	_	_	

#Text=Das sei ein " Klaps " , der Henning Voscherau " aufjaulen " lasse , schließlich sei die Kabel seit Jahrzehnten mit dessen Familie gut bekannt und habe schon " den lütten Henning " auf den Arm genommen .
111-1	84104-84107	Das	_	_	
111-2	84108-84111	sei	_	_	
111-3	84112-84115	ein	_	_	
111-4	84116-84117	"	_	_	
111-5	84118-84123	Klaps	_	_	
111-6	84124-84125	"	_	_	
111-7	84126-84127	,	_	_	
111-8	84128-84131	der	_	_	
111-9	84132-84139	Henning	_	_	
111-10	84140-84149	Voscherau	_	_	
111-11	84150-84151	"	_	_	
111-12	84152-84161	aufjaulen	_	_	
111-13	84162-84163	"	_	_	
111-14	84164-84169	lasse	_	_	
111-15	84170-84171	,	_	_	
111-16	84172-84183	schließlich	_	_	
111-17	84184-84187	sei	_	_	
111-18	84188-84191	die	_	_	
111-19	84192-84197	Kabel	_	_	
111-20	84198-84202	seit	_	_	
111-21	84203-84214	Jahrzehnten	_	_	
111-22	84215-84218	mit	_	_	
111-23	84219-84225	dessen	_	_	
111-24	84226-84233	Familie	_	_	
111-25	84234-84237	gut	_	_	
111-26	84238-84245	bekannt	_	_	
111-27	84246-84249	und	_	_	
111-28	84250-84254	habe	_	_	
111-29	84255-84260	schon	_	_	
111-30	84261-84262	"	_	_	
111-31	84263-84266	den	_	_	
111-32	84267-84273	lütten	_	_	
111-33	84274-84281	Henning	_	_	
111-34	84282-84283	"	_	_	
111-35	84284-84287	auf	*->56-1	literal[56]	
111-36	84288-84291	den	_	_	
111-37	84292-84295	Arm	*->56-2	*[56]	
111-38	84296-84304	genommen	*->56-3	*[56]	
111-39	84305-84306	.	_	_	

#Text=Seine Mutter nahm ihn auf den Arm und mit in die Wahlkabine .
113-1	85201-85206	Seine	_	_	
113-2	85207-85213	Mutter	_	_	
113-3	85214-85218	nahm	*->57-1	literal[57]	
113-4	85219-85222	ihn	_	_	
113-5	85223-85226	auf	*->57-2	*[57]	
113-6	85227-85230	den	_	_	
113-7	85231-85234	Arm	*->57-3	*[57]	
113-8	85235-85238	und	_	_	
113-9	85239-85242	mit	_	_	
113-10	85243-85245	in	_	_	
113-11	85246-85249	die	_	_	
113-12	85250-85260	Wahlkabine	_	_	
113-13	85261-85262	.	_	_	

#Text=Die versammelten Egos wollen bei dieser Zeremonie nicht auf den Arm genommen , sondern auf die Bühne gerufen werden , um mit Pathos in der Stimme ihr " Ich danke Gott , meiner Mutter und dem Produzenten " - Sprüchlein loszuwerden .
115-1	85571-85574	Die	_	_	
115-2	85575-85587	versammelten	_	_	
115-3	85588-85592	Egos	_	_	
115-4	85593-85599	wollen	_	_	
115-5	85600-85603	bei	_	_	
115-6	85604-85610	dieser	_	_	
115-7	85611-85620	Zeremonie	_	_	
115-8	85621-85626	nicht	_	_	
115-9	85627-85630	auf	*->58-1	non-literal-mwe[58]	
115-10	85631-85634	den	_	_	
115-11	85635-85638	Arm	*->58-2	*[58]	
115-12	85639-85647	genommen	*->58-3	*[58]	
115-13	85648-85649	,	_	_	
115-14	85650-85657	sondern	_	_	
115-15	85658-85661	auf	_	_	
115-16	85662-85665	die	_	_	
115-17	85666-85671	Bühne	_	_	
115-18	85672-85679	gerufen	_	_	
115-19	85680-85686	werden	_	_	
115-20	85687-85688	,	_	_	
115-21	85689-85691	um	_	_	
115-22	85692-85695	mit	_	_	
115-23	85696-85702	Pathos	_	_	
115-24	85703-85705	in	_	_	
115-25	85706-85709	der	_	_	
115-26	85710-85716	Stimme	_	_	
115-27	85717-85720	ihr	_	_	
115-28	85721-85722	"	_	_	
115-29	85723-85726	Ich	_	_	
115-30	85727-85732	danke	_	_	
115-31	85733-85737	Gott	_	_	
115-32	85738-85739	,	_	_	
115-33	85740-85746	meiner	_	_	
115-34	85747-85753	Mutter	_	_	
115-35	85754-85757	und	_	_	
115-36	85758-85761	dem	_	_	
115-37	85762-85773	Produzenten	_	_	
115-38	85774-85775	"	_	_	
115-39	85776-85777	-	_	_	
115-40	85778-85788	Sprüchlein	_	_	
115-41	85789-85800	loszuwerden	_	_	
115-42	85801-85802	.	_	_	

#Text=Die eigene Geschichte auf den Arm , auf die Schippe und die leichte Schulter nehmend , hielten sie tapfer ein " Kicken Kicken Kicken " - Transparent in die Höhe .
117-1	86725-86728	Die	_	_	
117-2	86729-86735	eigene	_	_	
117-3	86736-86746	Geschichte	_	_	
117-4	86747-86750	auf	*->90-1	non-literal-mwe[90]	
117-5	86751-86754	den	_	_	
117-6	86755-86758	Arm	*->90-2	*[90]	
117-7	86759-86760	,	_	_	
117-8	86761-86764	auf	_	_	
117-9	86765-86768	die	_	_	
117-10	86769-86776	Schippe	*->90-3	non-literal-mwe[90]	
117-11	86777-86780	und	_	_	
117-12	86781-86784	die	_	_	
117-13	86785-86792	leichte	*->90-4	non-literal-mwe[90]	
117-14	86793-86801	Schulter	*->90-5	non-literal-mwe[90]	
117-15	86802-86809	nehmend	*->90-6	*[90]	
117-16	86810-86811	,	_	_	
117-17	86812-86819	hielten	_	_	
117-18	86820-86823	sie	_	_	
117-19	86824-86830	tapfer	_	_	
117-20	86831-86834	ein	_	_	
117-21	86835-86836	"	_	_	
117-22	86837-86843	Kicken	_	_	
117-23	86844-86850	Kicken	_	_	
117-24	86851-86857	Kicken	_	_	
117-25	86858-86859	"	_	_	
117-26	86860-86861	-	_	_	
117-27	86862-86873	Transparent	_	_	
117-28	86874-86876	in	_	_	
117-29	86877-86880	die	_	_	
117-30	86881-86885	Höhe	_	_	
117-31	86886-86887	.	_	_	

#Text=Stücke wie " Take Me Baby " oder das stompernde " Sugardaddy " sind so eher die Ausnahmen , das Sounduniversum von Jimi Tenor ist ansonsten warm , smoothy , zum Andächtig-Lauschen ; man kann sich aber auch wichtigen Tätigkeiten im Haushalt widmen und ein bißchen auf den Arm genommen fühlen .
119-1	87413-87419	Stücke	_	_	
119-2	87420-87423	wie	_	_	
119-3	87424-87425	"	_	_	
119-4	87426-87430	Take	_	_	
119-5	87431-87433	Me	_	_	
119-6	87434-87438	Baby	_	_	
119-7	87439-87440	"	_	_	
119-8	87441-87445	oder	_	_	
119-9	87446-87449	das	_	_	
119-10	87450-87460	stompernde	_	_	
119-11	87461-87462	"	_	_	
119-12	87463-87473	Sugardaddy	_	_	
119-13	87474-87475	"	_	_	
119-14	87476-87480	sind	_	_	
119-15	87481-87483	so	_	_	
119-16	87484-87488	eher	_	_	
119-17	87489-87492	die	_	_	
119-18	87493-87502	Ausnahmen	_	_	
119-19	87503-87504	,	_	_	
119-20	87505-87508	das	_	_	
119-21	87509-87523	Sounduniversum	_	_	
119-22	87524-87527	von	_	_	
119-23	87528-87532	Jimi	_	_	
119-24	87533-87538	Tenor	_	_	
119-25	87539-87542	ist	_	_	
119-26	87543-87552	ansonsten	_	_	
119-27	87553-87557	warm	_	_	
119-28	87558-87559	,	_	_	
119-29	87560-87567	smoothy	_	_	
119-30	87568-87569	,	_	_	
119-31	87570-87573	zum	_	_	
119-32	87574-87592	Andächtig-Lauschen	_	_	
119-33	87593-87594	;	_	_	
119-34	87595-87598	man	_	_	
119-35	87599-87603	kann	_	_	
119-36	87604-87608	sich	_	_	
119-37	87609-87613	aber	_	_	
119-38	87614-87618	auch	_	_	
119-39	87619-87628	wichtigen	_	_	
119-40	87629-87640	Tätigkeiten	_	_	
119-41	87641-87643	im	_	_	
119-42	87644-87652	Haushalt	_	_	
119-43	87653-87659	widmen	_	_	
119-44	87660-87663	und	_	_	
119-45	87664-87667	ein	_	_	
119-46	87668-87675	bißchen	_	_	
119-47	87676-87679	auf	*->59-1	non-literal[59]	
119-48	87680-87683	den	_	_	
119-49	87684-87687	Arm	*->59-2	*[59]	
119-50	87688-87696	genommen	*->59-3	*[59]	
119-51	87697-87703	fühlen	_	_	
119-52	87704-87705	.	_	_	

#Text=Raphaela , das zweimonatige Baby , wird auf Mutters Arm genommen .
121-1	88827-88835	Raphaela	_	_	
121-2	88836-88837	,	_	_	
121-3	88838-88841	das	_	_	
121-4	88842-88854	zweimonatige	_	_	
121-5	88855-88859	Baby	_	_	
121-6	88860-88861	,	_	_	
121-7	88862-88866	wird	_	_	
121-8	88867-88870	auf	*->60-1	literal[60]	
121-9	88871-88878	Mutters	_	_	
121-10	88879-88882	Arm	*->60-2	*[60]	
121-11	88883-88891	genommen	*->60-3	*[60]	
121-12	88892-88893	.	_	_	

#Text=Als wäre er schon im Wahlkampf , nahm er als erstes vor den Fernsehkameras sein Töchterlein auf den Arm und küßte seine blonde US-amerikanische Frau .
123-1	89693-89696	Als	_	_	
123-2	89697-89701	wäre	_	_	
123-3	89702-89704	er	_	_	
123-4	89705-89710	schon	_	_	
123-5	89711-89713	im	_	_	
123-6	89714-89723	Wahlkampf	_	_	
123-7	89724-89725	,	_	_	
123-8	89726-89730	nahm	*->61-1	literal[61]	
123-9	89731-89733	er	_	_	
123-10	89734-89737	als	_	_	
123-11	89738-89744	erstes	_	_	
123-12	89745-89748	vor	_	_	
123-13	89749-89752	den	_	_	
123-14	89753-89767	Fernsehkameras	_	_	
123-15	89768-89772	sein	_	_	
123-16	89773-89784	Töchterlein	_	_	
123-17	89785-89788	auf	*->61-2	*[61]	
123-18	89789-89792	den	_	_	
123-19	89793-89796	Arm	*->61-3	*[61]	
123-20	89797-89800	und	_	_	
123-21	89801-89806	küßte	_	_	
123-22	89807-89812	seine	_	_	
123-23	89813-89819	blonde	_	_	
123-24	89820-89836	US-amerikanische	_	_	
123-25	89837-89841	Frau	_	_	
123-26	89842-89843	.	_	_	

#Text=Als Manager Lemke kürzlich verkündete , daß Werder bis zu sieben Millionen Mark für einen Torjäger ausgeben wolle , habe er sich " auf den Arm genommen gefühlt " .
125-1	90145-90148	Als	_	_	
125-2	90149-90156	Manager	_	_	
125-3	90157-90162	Lemke	_	_	
125-4	90163-90171	kürzlich	_	_	
125-5	90172-90182	verkündete	_	_	
125-6	90183-90184	,	_	_	
125-7	90185-90188	daß	_	_	
125-8	90189-90195	Werder	_	_	
125-9	90196-90199	bis	_	_	
125-10	90200-90202	zu	_	_	
125-11	90203-90209	sieben	_	_	
125-12	90210-90219	Millionen	_	_	
125-13	90220-90224	Mark	_	_	
125-14	90225-90228	für	_	_	
125-15	90229-90234	einen	_	_	
125-16	90235-90243	Torjäger	_	_	
125-17	90244-90252	ausgeben	_	_	
125-18	90253-90258	wolle	_	_	
125-19	90259-90260	,	_	_	
125-20	90261-90265	habe	_	_	
125-21	90266-90268	er	_	_	
125-22	90269-90273	sich	_	_	
125-23	90274-90275	"	_	_	
125-24	90276-90279	auf	*->62-1	non-literal-mwe[62]	
125-25	90280-90283	den	_	_	
125-26	90284-90287	Arm	*->62-2	*[62]	
125-27	90288-90296	genommen	*->62-3	*[62]	
125-28	90297-90304	gefühlt	_	_	
125-29	90305-90306	"	_	_	
125-30	90307-90308	.	_	_	

#Text=Außer Atem begegnet ein junges Paar immer neuen Institutionen und Zwängen des Alltags , die dabei hemmungslos auf den Arm genommen werden .
127-1	91059-91064	Außer	_	_	
127-2	91065-91069	Atem	_	_	
127-3	91070-91078	begegnet	_	_	
127-4	91079-91082	ein	_	_	
127-5	91083-91089	junges	_	_	
127-6	91090-91094	Paar	_	_	
127-7	91095-91100	immer	_	_	
127-8	91101-91106	neuen	_	_	
127-9	91107-91120	Institutionen	_	_	
127-10	91121-91124	und	_	_	
127-11	91125-91132	Zwängen	_	_	
127-12	91133-91136	des	_	_	
127-13	91137-91144	Alltags	_	_	
127-14	91145-91146	,	_	_	
127-15	91147-91150	die	_	_	
127-16	91151-91156	dabei	_	_	
127-17	91157-91168	hemmungslos	_	_	
127-18	91169-91172	auf	*->63-1	non-literal-mwe[63]	
127-19	91173-91176	den	_	_	
127-20	91177-91180	Arm	*->63-2	*[63]	
127-21	91181-91189	genommen	*->63-3	*[63]	
127-22	91190-91196	werden	_	_	
127-23	91197-91198	.	_	_	

#Text=Die Patienten , die wir seit Jahren mit AZT behandeln , fühlen sich natürlich auf den Arm genommen .
129-1	91480-91483	Die	_	_	
129-2	91484-91493	Patienten	_	_	
129-3	91494-91495	,	_	_	
129-4	91496-91499	die	_	_	
129-5	91500-91503	wir	_	_	
129-6	91504-91508	seit	_	_	
129-7	91509-91515	Jahren	_	_	
129-8	91516-91519	mit	_	_	
129-9	91520-91523	AZT	_	_	
129-10	91524-91533	behandeln	_	_	
129-11	91534-91535	,	_	_	
129-12	91536-91542	fühlen	_	_	
129-13	91543-91547	sich	_	_	
129-14	91548-91557	natürlich	_	_	
129-15	91558-91561	auf	*->64-1	non-literal-mwe[64]	
129-16	91562-91565	den	_	_	
129-17	91566-91569	Arm	*->64-2	*[64]	
129-18	91570-91578	genommen	*->64-3	*[64]	
129-19	91579-91580	.	_	_	

#Text=Die Polizei , die sich nicht von ihm auf den Arm nehmen lassen wollte , forderte eine psychiatrische Untersuchung .
131-1	92128-92131	Die	_	_	
131-2	92132-92139	Polizei	_	_	
131-3	92140-92141	,	_	_	
131-4	92142-92145	die	_	_	
131-5	92146-92150	sich	_	_	
131-6	92151-92156	nicht	_	_	
131-7	92157-92160	von	_	_	
131-8	92161-92164	ihm	_	_	
131-9	92165-92168	auf	*->65-1	non-literal-mwe[65]	
131-10	92169-92172	den	_	_	
131-11	92173-92176	Arm	*->65-2	*[65]	
131-12	92177-92183	nehmen	*->65-3	*[65]	
131-13	92184-92190	lassen	_	_	
131-14	92191-92197	wollte	_	_	
131-15	92198-92199	,	_	_	
131-16	92200-92208	forderte	_	_	
131-17	92209-92213	eine	_	_	
131-18	92214-92228	psychiatrische	_	_	
131-19	92229-92241	Untersuchung	_	_	
131-20	92242-92243	.	_	_	

#Text=Kannenportionen gewohnte Nordlichter fühlen sich beim erstmaligen Anblick eines Espressos regelrecht auf den Arm genommen .
133-1	92775-92790	Kannenportionen	_	_	
133-2	92791-92799	gewohnte	_	_	
133-3	92800-92811	Nordlichter	_	_	
133-4	92812-92818	fühlen	_	_	
133-5	92819-92823	sich	_	_	
133-6	92824-92828	beim	_	_	
133-7	92829-92840	erstmaligen	_	_	
133-8	92841-92848	Anblick	_	_	
133-9	92849-92854	eines	_	_	
133-10	92855-92864	Espressos	_	_	
133-11	92865-92875	regelrecht	_	_	
133-12	92876-92879	auf	*->66-1	non-literal-mwe[66]	
133-13	92880-92883	den	_	_	
133-14	92884-92887	Arm	*->66-2	*[66]	
133-15	92888-92896	genommen	*->66-3	*[66]	
133-16	92897-92898	.	_	_	

#Text=In den Arm nehmen , um auf den Arm zu nehmen - und von dort runterplumpsen zu lassen : ein glattes drei zu null für den Altmeister , bevor auch nur ein inhaltliches Argument ausgetauscht wird .
135-1	93290-93292	In	_	_	
135-2	93293-93296	den	_	_	
135-3	93297-93300	Arm	_	_	
135-4	93301-93307	nehmen	_	_	
135-5	93308-93309	,	_	_	
135-6	93310-93312	um	_	_	
135-7	93313-93316	auf	*->67-1	non-literal-mwe[67]	
135-8	93317-93320	den	_	_	
135-9	93321-93324	Arm	*->67-2	*[67]	
135-10	93325-93327	zu	_	_	
135-11	93328-93334	nehmen	*->67-3	*[67]	
135-12	93335-93336	-	_	_	
135-13	93337-93340	und	_	_	
135-14	93341-93344	von	_	_	
135-15	93345-93349	dort	_	_	
135-16	93350-93364	runterplumpsen	_	_	
135-17	93365-93367	zu	_	_	
135-18	93368-93374	lassen	_	_	
135-19	93375-93376	:	_	_	
135-20	93377-93380	ein	_	_	
135-21	93381-93388	glattes	_	_	
135-22	93389-93393	drei	_	_	
135-23	93394-93396	zu	_	_	
135-24	93397-93401	null	_	_	
135-25	93402-93405	für	_	_	
135-26	93406-93409	den	_	_	
135-27	93410-93420	Altmeister	_	_	
135-28	93421-93422	,	_	_	
135-29	93423-93428	bevor	_	_	
135-30	93429-93433	auch	_	_	
135-31	93434-93437	nur	_	_	
135-32	93438-93441	ein	_	_	
135-33	93442-93454	inhaltliches	_	_	
135-34	93455-93463	Argument	_	_	
135-35	93464-93476	ausgetauscht	_	_	
135-36	93477-93481	wird	_	_	
135-37	93482-93483	.	_	_	

#Text=Der fühlt sich offenbar von seinem Mandanten auf den Arm genommen .
137-1	93948-93951	Der	_	_	
137-2	93952-93957	fühlt	_	_	
137-3	93958-93962	sich	_	_	
137-4	93963-93971	offenbar	_	_	
137-5	93972-93975	von	_	_	
137-6	93976-93982	seinem	_	_	
137-7	93983-93992	Mandanten	_	_	
137-8	93993-93996	auf	*->68-1	non-literal-mwe[68]	
137-9	93997-94000	den	_	_	
137-10	94001-94004	Arm	*->68-2	*[68]	
137-11	94005-94013	genommen	*->68-3	*[68]	
137-12	94014-94015	.	_	_	

#Text=" gellt da der Entsetzensschrei einer überwinternden Rentnerin , die ihren Purzel vorsichtshalber auf den Arm genommen hat .
139-1	94896-94897	"	_	_	
139-2	94898-94903	gellt	_	_	
139-3	94904-94906	da	_	_	
139-4	94907-94910	der	_	_	
139-5	94911-94927	Entsetzensschrei	_	_	
139-6	94928-94933	einer	_	_	
139-7	94934-94948	überwinternden	_	_	
139-8	94949-94958	Rentnerin	_	_	
139-9	94959-94960	,	_	_	
139-10	94961-94964	die	_	_	
139-11	94965-94970	ihren	_	_	
139-12	94971-94977	Purzel	_	_	
139-13	94978-94993	vorsichtshalber	_	_	
139-14	94994-94997	auf	*->69-1	literal[69]	
139-15	94998-95001	den	_	_	
139-16	95002-95005	Arm	*->69-2	*[69]	
139-17	95006-95014	genommen	*->69-3	*[69]	
139-18	95015-95018	hat	_	_	
139-19	95019-95020	.	_	_	

#Text=Die einzig vorstellbare Grenze für mich ist , Dinge auf den Arm zu nehmen , für die das Opfer meiner Ironien offensichtlich nichts kann .
141-1	95370-95373	Die	_	_	
141-2	95374-95380	einzig	_	_	
141-3	95381-95393	vorstellbare	_	_	
141-4	95394-95400	Grenze	_	_	
141-5	95401-95404	für	_	_	
141-6	95405-95409	mich	_	_	
141-7	95410-95413	ist	_	_	
141-8	95414-95415	,	_	_	
141-9	95416-95421	Dinge	_	_	
141-10	95422-95425	auf	*->70-1	non-literal-mwe[70]	
141-11	95426-95429	den	_	_	
141-12	95430-95433	Arm	*->70-2	*[70]	
141-13	95434-95436	zu	_	_	
141-14	95437-95443	nehmen	*->70-3	*[70]	
141-15	95444-95445	,	_	_	
141-16	95446-95449	für	_	_	
141-17	95450-95453	die	_	_	
141-18	95454-95457	das	_	_	
141-19	95458-95463	Opfer	_	_	
141-20	95464-95470	meiner	_	_	
141-21	95471-95478	Ironien	_	_	
141-22	95479-95493	offensichtlich	_	_	
141-23	95494-95500	nichts	_	_	
141-24	95501-95505	kann	_	_	
141-25	95506-95507	.	_	_	

#Text=Als Sture Sivertsen , Vegard Ulvang , Thomas Alsgaard und Björn Dählie Mikrofonen ihre Niederlage zu erklären suchen , nehmen sich die italienischen Altmeister gegenseitig auf den Arm , wissen nicht , wohin mit ihrem Freudentaumel .
143-1	96126-96129	Als	_	_	
143-2	96130-96135	Sture	_	_	
143-3	96136-96145	Sivertsen	_	_	
143-4	96146-96147	,	_	_	
143-5	96148-96154	Vegard	_	_	
143-6	96155-96161	Ulvang	_	_	
143-7	96162-96163	,	_	_	
143-8	96164-96170	Thomas	_	_	
143-9	96171-96179	Alsgaard	_	_	
143-10	96180-96183	und	_	_	
143-11	96184-96189	Björn	_	_	
143-12	96190-96196	Dählie	_	_	
143-13	96197-96207	Mikrofonen	_	_	
143-14	96208-96212	ihre	_	_	
143-15	96213-96223	Niederlage	_	_	
143-16	96224-96226	zu	_	_	
143-17	96227-96235	erklären	_	_	
143-18	96236-96242	suchen	_	_	
143-19	96243-96244	,	_	_	
143-20	96245-96251	nehmen	*->71-1	literal[71]	
143-21	96252-96256	sich	_	_	
143-22	96257-96260	die	_	_	
143-23	96261-96274	italienischen	_	_	
143-24	96275-96285	Altmeister	_	_	
143-25	96286-96297	gegenseitig	_	_	
143-26	96298-96301	auf	*->71-2	*[71]	
143-27	96302-96305	den	_	_	
143-28	96306-96309	Arm	*->71-3	*[71]	
143-29	96310-96311	,	_	_	
143-30	96312-96318	wissen	_	_	
143-31	96319-96324	nicht	_	_	
143-32	96325-96326	,	_	_	
143-33	96327-96332	wohin	_	_	
143-34	96333-96336	mit	_	_	
143-35	96337-96342	ihrem	_	_	
143-36	96343-96356	Freudentaumel	_	_	
143-37	96357-96358	.	_	_	

#Text=Eine ältere CDU-Vertreterin des Ortsausschusses will sich von dort notfalls auch wegtragen lassen : " Die einzige Chance für eine Frau meines Alters , nochmal von einem jungen Polizisten auf den Arm genommen zu werden " .
145-1	96914-96918	Eine	_	_	
145-2	96919-96925	ältere	_	_	
145-3	96926-96941	CDU-Vertreterin	_	_	
145-4	96942-96945	des	_	_	
145-5	96946-96961	Ortsausschusses	_	_	
145-6	96962-96966	will	_	_	
145-7	96967-96971	sich	_	_	
145-8	96972-96975	von	_	_	
145-9	96976-96980	dort	_	_	
145-10	96981-96989	notfalls	_	_	
145-11	96990-96994	auch	_	_	
145-12	96995-97004	wegtragen	_	_	
145-13	97005-97011	lassen	_	_	
145-14	97012-97013	:	_	_	
145-15	97014-97015	"	_	_	
145-16	97016-97019	Die	_	_	
145-17	97020-97027	einzige	_	_	
145-18	97028-97034	Chance	_	_	
145-19	97035-97038	für	_	_	
145-20	97039-97043	eine	_	_	
145-21	97044-97048	Frau	_	_	
145-22	97049-97055	meines	_	_	
145-23	97056-97062	Alters	_	_	
145-24	97063-97064	,	_	_	
145-25	97065-97072	nochmal	_	_	
145-26	97073-97076	von	_	_	
145-27	97077-97082	einem	_	_	
145-28	97083-97089	jungen	_	_	
145-29	97090-97100	Polizisten	_	_	
145-30	97101-97104	auf	*->72-1	literal[72]	
145-31	97105-97108	den	_	_	
145-32	97109-97112	Arm	*->72-2	*[72]	
145-33	97113-97121	genommen	*->72-3	*[72]	
145-34	97122-97124	zu	_	_	
145-35	97125-97131	werden	_	_	
145-36	97132-97133	"	_	_	
145-37	97134-97135	.	_	_	

#Text=Daß dabei hin und wieder eine Ikone des Rock und Pop auf den Arm genommen wird , beweist nur , daß " Kick la Luna " auch schauspielerisch betrachtet als bühnenfest zu bezeichnen ist .
147-1	97590-97593	Daß	_	_	
147-2	97594-97599	dabei	_	_	
147-3	97600-97603	hin	_	_	
147-4	97604-97607	und	_	_	
147-5	97608-97614	wieder	_	_	
147-6	97615-97619	eine	_	_	
147-7	97620-97625	Ikone	_	_	
147-8	97626-97629	des	_	_	
147-9	97630-97634	Rock	_	_	
147-10	97635-97638	und	_	_	
147-11	97639-97642	Pop	_	_	
147-12	97643-97646	auf	*->73-1	non-literal-mwe[73]	
147-13	97647-97650	den	_	_	
147-14	97651-97654	Arm	*->73-2	*[73]	
147-15	97655-97663	genommen	*->73-3	*[73]	
147-16	97664-97668	wird	_	_	
147-17	97669-97670	,	_	_	
147-18	97671-97678	beweist	_	_	
147-19	97679-97682	nur	_	_	
147-20	97683-97684	,	_	_	
147-21	97685-97688	daß	_	_	
147-22	97689-97690	"	_	_	
147-23	97691-97695	Kick	_	_	
147-24	97696-97698	la	_	_	
147-25	97699-97703	Luna	_	_	
147-26	97704-97705	"	_	_	
147-27	97706-97710	auch	_	_	
147-28	97711-97727	schauspielerisch	_	_	
147-29	97728-97738	betrachtet	_	_	
147-30	97739-97742	als	_	_	
147-31	97743-97753	bühnenfest	_	_	
147-32	97754-97756	zu	_	_	
147-33	97757-97767	bezeichnen	_	_	
147-34	97768-97771	ist	_	_	
147-35	97772-97773	.	_	_	

#Text=Dem Kritiker von Variety schwante was , und doch traute er den eigenen Augen nicht so recht : " Könnte sein , daß Clint Eastwood und sein Team sich mit diesem Film den Spaß erlaubt haben , sich ein bißchen selbst auf den Arm zu nehmen .
149-1	98309-98312	Dem	_	_	
149-2	98313-98321	Kritiker	_	_	
149-3	98322-98325	von	_	_	
149-4	98326-98333	Variety	_	_	
149-5	98334-98342	schwante	_	_	
149-6	98343-98346	was	_	_	
149-7	98347-98348	,	_	_	
149-8	98349-98352	und	_	_	
149-9	98353-98357	doch	_	_	
149-10	98358-98364	traute	_	_	
149-11	98365-98367	er	_	_	
149-12	98368-98371	den	_	_	
149-13	98372-98379	eigenen	_	_	
149-14	98380-98385	Augen	_	_	
149-15	98386-98391	nicht	_	_	
149-16	98392-98394	so	_	_	
149-17	98395-98400	recht	_	_	
149-18	98401-98402	:	_	_	
149-19	98403-98404	"	_	_	
149-20	98405-98411	Könnte	_	_	
149-21	98412-98416	sein	_	_	
149-22	98417-98418	,	_	_	
149-23	98419-98422	daß	_	_	
149-24	98423-98428	Clint	_	_	
149-25	98429-98437	Eastwood	_	_	
149-26	98438-98441	und	_	_	
149-27	98442-98446	sein	_	_	
149-28	98447-98451	Team	_	_	
149-29	98452-98456	sich	_	_	
149-30	98457-98460	mit	_	_	
149-31	98461-98467	diesem	_	_	
149-32	98468-98472	Film	_	_	
149-33	98473-98476	den	_	_	
149-34	98477-98481	Spaß	_	_	
149-35	98482-98489	erlaubt	_	_	
149-36	98490-98495	haben	_	_	
149-37	98496-98497	,	_	_	
149-38	98498-98502	sich	_	_	
149-39	98503-98506	ein	_	_	
149-40	98507-98514	bißchen	_	_	
149-41	98515-98521	selbst	_	_	
149-42	98522-98525	auf	*->74-1	non-literal-mwe[74]	
149-43	98526-98529	den	_	_	
149-44	98530-98533	Arm	*->74-2	*[74]	
149-45	98534-98536	zu	_	_	
149-46	98537-98543	nehmen	*->74-3	*[74]	
149-47	98544-98545	.	_	_	

#Text=Pikanterweise erklärt der sich ausgerechnet aus Attentatsdrohungen der Islamisten - denn das Stück nahm das Verhältnis von Islamisten und Staatsmacht auf den Arm .
151-1	99183-99196	Pikanterweise	_	_	
151-2	99197-99204	erklärt	_	_	
151-3	99205-99208	der	_	_	
151-4	99209-99213	sich	_	_	
151-5	99214-99226	ausgerechnet	_	_	
151-6	99227-99230	aus	_	_	
151-7	99231-99249	Attentatsdrohungen	_	_	
151-8	99250-99253	der	_	_	
151-9	99254-99264	Islamisten	_	_	
151-10	99265-99266	-	_	_	
151-11	99267-99271	denn	_	_	
151-12	99272-99275	das	_	_	
151-13	99276-99281	Stück	_	_	
151-14	99282-99286	nahm	*->75-1	non-literal-mwe[75]	
151-15	99287-99290	das	_	_	
151-16	99291-99301	Verhältnis	_	_	
151-17	99302-99305	von	_	_	
151-18	99306-99316	Islamisten	_	_	
151-19	99317-99320	und	_	_	
151-20	99321-99332	Staatsmacht	_	_	
151-21	99333-99336	auf	*->75-2	*[75]	
151-22	99337-99340	den	_	_	
151-23	99341-99344	Arm	*->75-3	*[75]	
151-24	99345-99346	.	_	_	

#Text=Wedemeier war eigens ans Rednerpult gegangen , um seiner Empörung über den Innensenator Ralf Borttscheller Luft zu machen : " Sie haben lediglich das Parlament auf den Arm genommen , das ist das einzige , was sie hier geleistet haben .
153-1	100661-100670	Wedemeier	_	_	
153-2	100671-100674	war	_	_	
153-3	100675-100681	eigens	_	_	
153-4	100682-100685	ans	_	_	
153-5	100686-100696	Rednerpult	_	_	
153-6	100697-100705	gegangen	_	_	
153-7	100706-100707	,	_	_	
153-8	100708-100710	um	_	_	
153-9	100711-100717	seiner	_	_	
153-10	100718-100726	Empörung	_	_	
153-11	100727-100731	über	_	_	
153-12	100732-100735	den	_	_	
153-13	100736-100748	Innensenator	_	_	
153-14	100749-100753	Ralf	_	_	
153-15	100754-100767	Borttscheller	_	_	
153-16	100768-100772	Luft	_	_	
153-17	100773-100775	zu	_	_	
153-18	100776-100782	machen	_	_	
153-19	100783-100784	:	_	_	
153-20	100785-100786	"	_	_	
153-21	100787-100790	Sie	_	_	
153-22	100791-100796	haben	_	_	
153-23	100797-100806	lediglich	_	_	
153-24	100807-100810	das	_	_	
153-25	100811-100820	Parlament	_	_	
153-26	100821-100824	auf	*->76-1	non-literal-mwe[76]	
153-27	100825-100828	den	_	_	
153-28	100829-100832	Arm	*->76-2	*[76]	
153-29	100833-100841	genommen	*->76-3	*[76]	
153-30	100842-100843	,	_	_	
153-31	100844-100847	das	_	_	
153-32	100848-100851	ist	_	_	
153-33	100852-100855	das	_	_	
153-34	100856-100863	einzige	_	_	
153-35	100864-100865	,	_	_	
153-36	100866-100869	was	_	_	
153-37	100870-100873	sie	_	_	
153-38	100874-100878	hier	_	_	
153-39	100879-100888	geleistet	_	_	
153-40	100889-100894	haben	_	_	
153-41	100895-100896	.	_	_	

#Text=Gerd : Ihr nehmt mich auf den Arm , das ist nicht fair !
155-1	101403-101407	Gerd	_	_	
155-2	101408-101409	:	_	_	
155-3	101410-101413	Ihr	_	_	
155-4	101414-101419	nehmt	*->77-1	non-literal-mwe[77]	
155-5	101420-101424	mich	_	_	
155-6	101425-101428	auf	*->77-2	*[77]	
155-7	101429-101432	den	_	_	
155-8	101433-101436	Arm	*->77-3	*[77]	
155-9	101437-101438	,	_	_	
155-10	101439-101442	das	_	_	
155-11	101443-101446	ist	_	_	
155-12	101447-101452	nicht	_	_	
155-13	101453-101457	fair	_	_	
155-14	101458-101459	!	_	_	

#Text=Zum Abschied ein Huhn auf den Arm nehmen möchte sie nicht : " Das widerstrebt mir .
157-1	101517-101520	Zum	_	_	
157-2	101521-101529	Abschied	_	_	
157-3	101530-101533	ein	_	_	
157-4	101534-101538	Huhn	_	_	
157-5	101539-101542	auf	*->78-1	literal[78]	
157-6	101543-101546	den	_	_	
157-7	101547-101550	Arm	*->78-2	*[78]	
157-8	101551-101557	nehmen	*->78-3	*[78]	
157-9	101558-101564	möchte	_	_	
157-10	101565-101568	sie	_	_	
157-11	101569-101574	nicht	_	_	
157-12	101575-101576	:	_	_	
157-13	101577-101578	"	_	_	
157-14	101579-101582	Das	_	_	
157-15	101583-101594	widerstrebt	_	_	
157-16	101595-101598	mir	_	_	
157-17	101599-101600	.	_	_	

#Text=Sydney ( AP / taz ) - Die Koalas in den Tierparks des australischen Staates New South Wales dürfen von Zoobesuchern nicht mehr auf den Arm genommen werden .
159-1	101995-102001	Sydney	_	_	
159-2	102002-102003	(	_	_	
159-3	102004-102006	AP	_	_	
159-4	102007-102008	/	_	_	
159-5	102009-102012	taz	_	_	
159-6	102013-102014	)	_	_	
159-7	102015-102016	-	_	_	
159-8	102017-102020	Die	_	_	
159-9	102021-102027	Koalas	_	_	
159-10	102028-102030	in	_	_	
159-11	102031-102034	den	_	_	
159-12	102035-102044	Tierparks	_	_	
159-13	102045-102048	des	_	_	
159-14	102049-102062	australischen	_	_	
159-15	102063-102070	Staates	_	_	
159-16	102071-102074	New	_	_	
159-17	102075-102080	South	_	_	
159-18	102081-102086	Wales	_	_	
159-19	102087-102093	dürfen	_	_	
159-20	102094-102097	von	_	_	
159-21	102098-102110	Zoobesuchern	_	_	
159-22	102111-102116	nicht	_	_	
159-23	102117-102121	mehr	_	_	
159-24	102122-102125	auf	*->79-1	literal[79]	
159-25	102126-102129	den	_	_	
159-26	102130-102133	Arm	*->79-2	*[79]	
159-27	102134-102142	genommen	*->79-3	*[79]	
159-28	102143-102149	werden	_	_	
159-29	102150-102151	.	_	_	

#Text=Es ist ein ambivalentes Bild , das zwischen dem Ideal einer Presse , wie es der Canard enchaine5 verkörpert , und dem karikierten Sumpf des Fernsehjournalismus , der täglich erneut auf den Arm genommen wird , oszilliert .
161-1	102496-102498	Es	_	_	
161-2	102499-102502	ist	_	_	
161-3	102503-102506	ein	_	_	
161-4	102507-102519	ambivalentes	_	_	
161-5	102520-102524	Bild	_	_	
161-6	102525-102526	,	_	_	
161-7	102527-102530	das	_	_	
161-8	102531-102539	zwischen	_	_	
161-9	102540-102543	dem	_	_	
161-10	102544-102549	Ideal	_	_	
161-11	102550-102555	einer	_	_	
161-12	102556-102562	Presse	_	_	
161-13	102563-102564	,	_	_	
161-14	102565-102568	wie	_	_	
161-15	102569-102571	es	_	_	
161-16	102572-102575	der	_	_	
161-17	102576-102582	Canard	_	_	
161-18	102583-102592	enchaine5	_	_	
161-19	102593-102603	verkörpert	_	_	
161-20	102604-102605	,	_	_	
161-21	102606-102609	und	_	_	
161-22	102610-102613	dem	_	_	
161-23	102614-102625	karikierten	_	_	
161-24	102626-102631	Sumpf	_	_	
161-25	102632-102635	des	_	_	
161-26	102636-102655	Fernsehjournalismus	_	_	
161-27	102656-102657	,	_	_	
161-28	102658-102661	der	_	_	
161-29	102662-102669	täglich	_	_	
161-30	102670-102676	erneut	_	_	
161-31	102677-102680	auf	*->80-1	non-literal-mwe[80]	
161-32	102681-102684	den	_	_	
161-33	102685-102688	Arm	*->80-2	*[80]	
161-34	102689-102697	genommen	*->80-3	*[80]	
161-35	102698-102702	wird	_	_	
161-36	102703-102704	,	_	_	
161-37	102705-102715	oszilliert	_	_	
161-38	102716-102717	.	_	_	

#Text=Wichtigstes Requisit : die Stühle , die kleinen , die man auf den Arm nehmen kann wie ein Baby , die riesigen , die Marie kleiner scheinen lassen , als sie ist , und den Verführer größer , als er ist .
163-1	103532-103543	Wichtigstes	_	_	
163-2	103544-103552	Requisit	_	_	
163-3	103553-103554	:	_	_	
163-4	103555-103558	die	_	_	
163-5	103559-103565	Stühle	_	_	
163-6	103566-103567	,	_	_	
163-7	103568-103571	die	_	_	
163-8	103572-103579	kleinen	_	_	
163-9	103580-103581	,	_	_	
163-10	103582-103585	die	_	_	
163-11	103586-103589	man	_	_	
163-12	103590-103593	auf	*->81-1	literal[81]	
163-13	103594-103597	den	_	_	
163-14	103598-103601	Arm	*->81-2	*[81]	
163-15	103602-103608	nehmen	*->81-3	*[81]	
163-16	103609-103613	kann	_	_	
163-17	103614-103617	wie	_	_	
163-18	103618-103621	ein	_	_	
163-19	103622-103626	Baby	_	_	
163-20	103627-103628	,	_	_	
163-21	103629-103632	die	_	_	
163-22	103633-103641	riesigen	_	_	
163-23	103642-103643	,	_	_	
163-24	103644-103647	die	_	_	
163-25	103648-103653	Marie	_	_	
163-26	103654-103661	kleiner	_	_	
163-27	103662-103670	scheinen	_	_	
163-28	103671-103677	lassen	_	_	
163-29	103678-103679	,	_	_	
163-30	103680-103683	als	_	_	
163-31	103684-103687	sie	_	_	
163-32	103688-103691	ist	_	_	
163-33	103692-103693	,	_	_	
163-34	103694-103697	und	_	_	
163-35	103698-103701	den	_	_	
163-36	103702-103711	Verführer	_	_	
163-37	103712-103718	größer	_	_	
163-38	103719-103720	,	_	_	
163-39	103721-103724	als	_	_	
163-40	103725-103727	er	_	_	
163-41	103728-103731	ist	_	_	
163-42	103732-103733	.	_	_	

#Text=Vor Gericht erinnerte sich Trzebinski später : " Frahm nahm den Jungen auf den Arm und sagte zu den anderen : Er wird jetzt ins Bett gebracht .
165-1	104399-104402	Vor	_	_	
165-2	104403-104410	Gericht	_	_	
165-3	104411-104420	erinnerte	_	_	
165-4	104421-104425	sich	_	_	
165-5	104426-104436	Trzebinski	_	_	
165-6	104437-104443	später	_	_	
165-7	104444-104445	:	_	_	
165-8	104446-104447	"	_	_	
165-9	104448-104453	Frahm	_	_	
165-10	104454-104458	nahm	*->82-1	literal[82]	
165-11	104459-104462	den	_	_	
165-12	104463-104469	Jungen	_	_	
165-13	104470-104473	auf	*->82-2	*[82]	
165-14	104474-104477	den	_	_	
165-15	104478-104481	Arm	*->82-3	*[82]	
165-16	104482-104485	und	_	_	
165-17	104486-104491	sagte	_	_	
165-18	104492-104494	zu	_	_	
165-19	104495-104498	den	_	_	
165-20	104499-104506	anderen	_	_	
165-21	104507-104508	:	_	_	
165-22	104509-104511	Er	_	_	
165-23	104512-104516	wird	_	_	
165-24	104517-104522	jetzt	_	_	
165-25	104523-104526	ins	_	_	
165-26	104527-104531	Bett	_	_	
165-27	104532-104540	gebracht	_	_	
165-28	104541-104542	.	_	_	

#Text=Wie die 35jährige Mutter des kleinen Franz am ersten Verhandlungstag berichtete , war ihr Sohn ein kleines Stück vorausgelaufen , als er von einem fremden Mann mit einer tief ins Gesicht gezogenen Mütze auf den Arm genommen wurde .
167-1	105349-105352	Wie	_	_	
167-2	105353-105356	die	_	_	
167-3	105357-105366	35jährige	_	_	
167-4	105367-105373	Mutter	_	_	
167-5	105374-105377	des	_	_	
167-6	105378-105385	kleinen	_	_	
167-7	105386-105391	Franz	_	_	
167-8	105392-105394	am	_	_	
167-9	105395-105401	ersten	_	_	
167-10	105402-105417	Verhandlungstag	_	_	
167-11	105418-105428	berichtete	_	_	
167-12	105429-105430	,	_	_	
167-13	105431-105434	war	_	_	
167-14	105435-105438	ihr	_	_	
167-15	105439-105443	Sohn	_	_	
167-16	105444-105447	ein	_	_	
167-17	105448-105455	kleines	_	_	
167-18	105456-105461	Stück	_	_	
167-19	105462-105476	vorausgelaufen	_	_	
167-20	105477-105478	,	_	_	
167-21	105479-105482	als	_	_	
167-22	105483-105485	er	_	_	
167-23	105486-105489	von	_	_	
167-24	105490-105495	einem	_	_	
167-25	105496-105503	fremden	_	_	
167-26	105504-105508	Mann	_	_	
167-27	105509-105512	mit	_	_	
167-28	105513-105518	einer	_	_	
167-29	105519-105523	tief	_	_	
167-30	105524-105527	ins	_	_	
167-31	105528-105535	Gesicht	_	_	
167-32	105536-105545	gezogenen	_	_	
167-33	105546-105551	Mütze	_	_	
167-34	105552-105555	auf	*->83-1	literal[83]	
167-35	105556-105559	den	_	_	
167-36	105560-105563	Arm	*->83-2	*[83]	
167-37	105564-105572	genommen	*->83-3	*[83]	
167-38	105573-105578	wurde	_	_	
167-39	105579-105580	.	_	_	

#Text=Thomas : " Dann habe ich JD auf den Arm genommen und so schnell wie möglich aus dem Wasser getragen .
169-1	106499-106505	Thomas	_	_	
169-2	106506-106507	:	_	_	
169-3	106508-106509	"	_	_	
169-4	106510-106514	Dann	_	_	
169-5	106515-106519	habe	_	_	
169-6	106520-106523	ich	_	_	
169-7	106524-106526	JD	_	_	
169-8	106527-106530	auf	*->84-1	literal[84]	
169-9	106531-106534	den	_	_	
169-10	106535-106538	Arm	*->84-2	*[84]	
169-11	106539-106547	genommen	*->84-3	*[84]	
169-12	106548-106551	und	_	_	
169-13	106552-106554	so	_	_	
169-14	106555-106562	schnell	_	_	
169-15	106563-106566	wie	_	_	
169-16	106567-106574	möglich	_	_	
169-17	106575-106578	aus	_	_	
169-18	106579-106582	dem	_	_	
169-19	106583-106589	Wasser	_	_	
169-20	106590-106598	getragen	_	_	
169-21	106599-106600	.	_	_	

#Text=" Als sich der eine Mitbewerber mit seinem tatsächlichen Namen , " Toni Sailer " , und der andere ganz ehrlich als " Andreas Hofer " vorgestellt hatte , fühlte sich der Chef bereits auf den Arm genommen .
171-1	107323-107324	"	_	_	
171-2	107325-107328	Als	_	_	
171-3	107329-107333	sich	_	_	
171-4	107334-107337	der	_	_	
171-5	107338-107342	eine	_	_	
171-6	107343-107354	Mitbewerber	_	_	
171-7	107355-107358	mit	_	_	
171-8	107359-107365	seinem	_	_	
171-9	107366-107379	tatsächlichen	_	_	
171-10	107380-107385	Namen	_	_	
171-11	107386-107387	,	_	_	
171-12	107388-107389	"	_	_	
171-13	107390-107394	Toni	_	_	
171-14	107395-107401	Sailer	_	_	
171-15	107402-107403	"	_	_	
171-16	107404-107405	,	_	_	
171-17	107406-107409	und	_	_	
171-18	107410-107413	der	_	_	
171-19	107414-107420	andere	_	_	
171-20	107421-107425	ganz	_	_	
171-21	107426-107433	ehrlich	_	_	
171-22	107434-107437	als	_	_	
171-23	107438-107439	"	_	_	
171-24	107440-107447	Andreas	_	_	
171-25	107448-107453	Hofer	_	_	
171-26	107454-107455	"	_	_	
171-27	107456-107467	vorgestellt	_	_	
171-28	107468-107473	hatte	_	_	
171-29	107474-107475	,	_	_	
171-30	107476-107482	fühlte	_	_	
171-31	107483-107487	sich	_	_	
171-32	107488-107491	der	_	_	
171-33	107492-107496	Chef	_	_	
171-34	107497-107504	bereits	_	_	
171-35	107505-107508	auf	*->85-1	non-literal-mwe[85]	
171-36	107509-107512	den	_	_	
171-37	107513-107516	Arm	*->85-2	*[85]	
171-38	107517-107525	genommen	*->85-3	*[85]	
171-39	107526-107527	.	_	_	

#Text=" Sicher " , antwortet er mit einem Blick , als wolle man ihn auf den Arm nehmen .
173-1	108223-108224	"	_	_	
173-2	108225-108231	Sicher	_	_	
173-3	108232-108233	"	_	_	
173-4	108234-108235	,	_	_	
173-5	108236-108245	antwortet	_	_	
173-6	108246-108248	er	_	_	
173-7	108249-108252	mit	_	_	
173-8	108253-108258	einem	_	_	
173-9	108259-108264	Blick	_	_	
173-10	108265-108266	,	_	_	
173-11	108267-108270	als	_	_	
173-12	108271-108276	wolle	_	_	
173-13	108277-108280	man	_	_	
173-14	108281-108284	ihn	_	_	
173-15	108285-108288	auf	*->86-1	non-literal-mwe[86]	
173-16	108289-108292	den	_	_	
173-17	108293-108296	Arm	*->86-2	*[86]	
173-18	108297-108303	nehmen	*->86-3	*[86]	
173-19	108304-108305	.	_	_	

#Text=TU-Präsident Hans-Jürgen Ewers fühlt sich " von der Politik auf den Arm genommen "
175-1	108976-108988	TU-Präsident	_	_	
175-2	108989-109000	Hans-Jürgen	_	_	
175-3	109001-109006	Ewers	_	_	
175-4	109007-109012	fühlt	_	_	
175-5	109013-109017	sich	_	_	
175-6	109018-109019	"	_	_	
175-7	109020-109023	von	_	_	
175-8	109024-109027	der	_	_	
175-9	109028-109035	Politik	_	_	
175-10	109036-109039	auf	*->87-1	non-literal-mwe[87]	
175-11	109040-109043	den	_	_	
175-12	109044-109047	Arm	*->87-2	*[87]	
175-13	109048-109056	genommen	*->87-3	*[87]	
175-14	109057-109058	"	_	_	

#Text=" Wir fühlen uns von der Politik auf den Arm genommen " , klagt der Präsident der Technischen Universität ( TU ) , Hans-Jürgen Ewers .
177-1	109242-109243	"	_	_	
177-2	109244-109247	Wir	_	_	
177-3	109248-109254	fühlen	_	_	
177-4	109255-109258	uns	_	_	
177-5	109259-109262	von	_	_	
177-6	109263-109266	der	_	_	
177-7	109267-109274	Politik	_	_	
177-8	109275-109278	auf	*->88-1	non-literal-mwe[88]	
177-9	109279-109282	den	_	_	
177-10	109283-109286	Arm	*->88-2	*[88]	
177-11	109287-109295	genommen	*->88-3	*[88]	
177-12	109296-109297	"	_	_	
177-13	109298-109299	,	_	_	
177-14	109300-109305	klagt	_	_	
177-15	109306-109309	der	_	_	
177-16	109310-109319	Präsident	_	_	
177-17	109320-109323	der	_	_	
177-18	109324-109335	Technischen	_	_	
177-19	109336-109347	Universität	_	_	
177-20	109348-109349	(	_	_	
177-21	109350-109352	TU	_	_	
177-22	109353-109354	)	_	_	
177-23	109355-109356	,	_	_	
177-24	109357-109368	Hans-Jürgen	_	_	
177-25	109369-109374	Ewers	_	_	
177-26	109375-109376	.	_	_	

