#Text=Der Dollar , von den entäuschenden US-Arbeitslosenzahlen geschwächt , erhielt am Montag durch die politischen Ereignisse Unterstützung und ging in Tokio , Singapur und Hongkong nach starkem Auf und Ab halbwegs stabil aus dem Rennen .
1-1	0-3	Der	_	_	
1-2	4-10	Dollar	_	_	
1-3	11-12	,	_	_	
1-4	13-16	von	_	_	
1-5	17-20	den	_	_	
1-6	21-34	entäuschenden	_	_	
1-7	35-56	US-Arbeitslosenzahlen	_	_	
1-8	57-67	geschwächt	_	_	
1-9	68-69	,	_	_	
1-10	70-77	erhielt	_	_	
1-11	78-80	am	_	_	
1-12	81-87	Montag	_	_	
1-13	88-93	durch	_	_	
1-14	94-97	die	_	_	
1-15	98-109	politischen	_	_	
1-16	110-120	Ereignisse	_	_	
1-17	121-134	Unterstützung	_	_	
1-18	135-138	und	_	_	
1-19	139-143	ging	*->1-1	non-literal-mwe[1]	
1-20	144-146	in	_	_	
1-21	147-152	Tokio	_	_	
1-22	153-154	,	_	_	
1-23	155-163	Singapur	_	_	
1-24	164-167	und	_	_	
1-25	168-176	Hongkong	_	_	
1-26	177-181	nach	_	_	
1-27	182-189	starkem	_	_	
1-28	190-193	Auf	_	_	
1-29	194-197	und	_	_	
1-30	198-200	Ab	_	_	
1-31	201-209	halbwegs	_	_	
1-32	210-216	stabil	_	_	
1-33	217-220	aus	*->1-2	*[1]	
1-34	221-224	dem	_	_	
1-35	225-231	Rennen	*->1-3	*[1]	
1-36	232-233	.	_	_	

#Text=Ganz zu schweigen von der 21jährigen Deutschen Meisterin Petra Becker , die grippegeschwächt in die Rennen gegangen war , aber immerhin den Sprung ins Finale am Sonntag schaffte .
3-1	1142-1146	Ganz	_	_	
3-2	1147-1149	zu	_	_	
3-3	1150-1159	schweigen	_	_	
3-4	1160-1163	von	_	_	
3-5	1164-1167	der	_	_	
3-6	1168-1178	21jährigen	_	_	
3-7	1179-1188	Deutschen	_	_	
3-8	1189-1198	Meisterin	_	_	
3-9	1199-1204	Petra	_	_	
3-10	1205-1211	Becker	_	_	
3-11	1212-1213	,	_	_	
3-12	1214-1217	die	_	_	
3-13	1218-1234	grippegeschwächt	_	_	
3-14	1235-1237	in	*->2-1	literal[2]	
3-15	1238-1241	die	_	_	
3-16	1242-1248	Rennen	*->2-2	*[2]	
3-17	1249-1257	gegangen	*->2-3	*[2]	
3-18	1258-1261	war	_	_	
3-19	1262-1263	,	_	_	
3-20	1264-1268	aber	_	_	
3-21	1269-1277	immerhin	_	_	
3-22	1278-1281	den	_	_	
3-23	1282-1288	Sprung	_	_	
3-24	1289-1292	ins	_	_	
3-25	1293-1299	Finale	_	_	
3-26	1300-1302	am	_	_	
3-27	1303-1310	Sonntag	_	_	
3-28	1311-1319	schaffte	_	_	
3-29	1320-1321	.	_	_	

#Text=Der Beschluß , die geplante Parteikonferenz in einen Sonderparteitag umzuwandeln , geht in die gleiche Richtung : Er nimmt nicht nur Druck von Seiten der Parteibasis weg , sondern eröffnet auch die Möglichkeit , mit einer weniger kompromittierten Führungsmannschaft - vielleicht sogar einigen Frauen - und besser motivierten Mitgliedern ins politische Rennen zu gehen .
5-1	2309-2312	Der	_	_	
5-2	2313-2321	Beschluß	_	_	
5-3	2322-2323	,	_	_	
5-4	2324-2327	die	_	_	
5-5	2328-2336	geplante	_	_	
5-6	2337-2352	Parteikonferenz	_	_	
5-7	2353-2355	in	_	_	
5-8	2356-2361	einen	_	_	
5-9	2362-2377	Sonderparteitag	_	_	
5-10	2378-2389	umzuwandeln	_	_	
5-11	2390-2391	,	_	_	
5-12	2392-2396	geht	_	_	
5-13	2397-2399	in	_	_	
5-14	2400-2403	die	_	_	
5-15	2404-2411	gleiche	_	_	
5-16	2412-2420	Richtung	_	_	
5-17	2421-2422	:	_	_	
5-18	2423-2425	Er	_	_	
5-19	2426-2431	nimmt	_	_	
5-20	2432-2437	nicht	_	_	
5-21	2438-2441	nur	_	_	
5-22	2442-2447	Druck	_	_	
5-23	2448-2451	von	_	_	
5-24	2452-2458	Seiten	_	_	
5-25	2459-2462	der	_	_	
5-26	2463-2474	Parteibasis	_	_	
5-27	2475-2478	weg	_	_	
5-28	2479-2480	,	_	_	
5-29	2481-2488	sondern	_	_	
5-30	2489-2497	eröffnet	_	_	
5-31	2498-2502	auch	_	_	
5-32	2503-2506	die	_	_	
5-33	2507-2518	Möglichkeit	_	_	
5-34	2519-2520	,	_	_	
5-35	2521-2524	mit	_	_	
5-36	2525-2530	einer	_	_	
5-37	2531-2538	weniger	_	_	
5-38	2539-2555	kompromittierten	_	_	
5-39	2556-2574	Führungsmannschaft	_	_	
5-40	2575-2576	-	_	_	
5-41	2577-2587	vielleicht	_	_	
5-42	2588-2593	sogar	_	_	
5-43	2594-2601	einigen	_	_	
5-44	2602-2608	Frauen	_	_	
5-45	2609-2610	-	_	_	
5-46	2611-2614	und	_	_	
5-47	2615-2621	besser	_	_	
5-48	2622-2633	motivierten	_	_	
5-49	2634-2645	Mitgliedern	_	_	
5-50	2646-2649	ins	*->3-1	non-literal-mwe[3]	
5-51	2650-2660	politische	_	_	
5-52	2661-2667	Rennen	*->3-2	*[3]	
5-53	2668-2670	zu	_	_	
5-54	2671-2676	gehen	*->3-3	*[3]	
5-55	2677-2678	.	_	_	

#Text=Die deutschen DDR-Schwimmer besiegten schon 1986 in Madrid die Amerikaner , Steffen Zeßner ging somit als Titelverteidiger ins Rennen .
7-1	3935-3938	Die	_	_	
7-2	3939-3948	deutschen	_	_	
7-3	3949-3962	DDR-Schwimmer	_	_	
7-4	3963-3972	besiegten	_	_	
7-5	3973-3978	schon	_	_	
7-6	3979-3983	1986	_	_	
7-7	3984-3986	in	_	_	
7-8	3987-3993	Madrid	_	_	
7-9	3994-3997	die	_	_	
7-10	3998-4008	Amerikaner	_	_	
7-11	4009-4010	,	_	_	
7-12	4011-4018	Steffen	_	_	
7-13	4019-4025	Zeßner	_	_	
7-14	4026-4030	ging	*->4-1	literal[4]	
7-15	4031-4036	somit	_	_	
7-16	4037-4040	als	_	_	
7-17	4041-4057	Titelverteidiger	_	_	
7-18	4058-4061	ins	*->4-2	*[4]	
7-19	4062-4068	Rennen	*->4-3	*[4]	
7-20	4069-4070	.	_	_	

#Text=Sie war eher schwach ins hessische Rennen gegangen : Das Ergebnis der Bundestagswahl war für die CDU nicht so , daß es ihr am Sonntag in Hessen den Rücken besonders hätte stärken können .
9-1	4940-4943	Sie	_	_	
9-2	4944-4947	war	_	_	
9-3	4948-4952	eher	_	_	
9-4	4953-4960	schwach	_	_	
9-5	4961-4964	ins	*->5-1	non-literal-mwe[5]	
9-6	4965-4974	hessische	_	_	
9-7	4975-4981	Rennen	*->5-2	*[5]	
9-8	4982-4990	gegangen	*->5-3	*[5]	
9-9	4991-4992	:	_	_	
9-10	4993-4996	Das	_	_	
9-11	4997-5005	Ergebnis	_	_	
9-12	5006-5009	der	_	_	
9-13	5010-5024	Bundestagswahl	_	_	
9-14	5025-5028	war	_	_	
9-15	5029-5032	für	_	_	
9-16	5033-5036	die	_	_	
9-17	5037-5040	CDU	_	_	
9-18	5041-5046	nicht	_	_	
9-19	5047-5049	so	_	_	
9-20	5050-5051	,	_	_	
9-21	5052-5055	daß	_	_	
9-22	5056-5058	es	_	_	
9-23	5059-5062	ihr	_	_	
9-24	5063-5065	am	_	_	
9-25	5066-5073	Sonntag	_	_	
9-26	5074-5076	in	_	_	
9-27	5077-5083	Hessen	_	_	
9-28	5084-5087	den	_	_	
9-29	5088-5094	Rücken	_	_	
9-30	5095-5104	besonders	_	_	
9-31	5105-5110	hätte	_	_	
9-32	5111-5118	stärken	_	_	
9-33	5119-5125	können	_	_	
9-34	5126-5127	.	_	_	

#Text=1Ford ist dagegen nur mit verminderter Energie ins Rennen gegangen , 80 Millionen Dollar wurden in Ungarn investiert .
11-1	6119-6124	1Ford	_	_	
11-2	6125-6128	ist	_	_	
11-3	6129-6136	dagegen	_	_	
11-4	6137-6140	nur	_	_	
11-5	6141-6144	mit	_	_	
11-6	6145-6157	verminderter	_	_	
11-7	6158-6165	Energie	_	_	
11-8	6166-6169	ins	*->6-1	non-literal-mwe[6]	
11-9	6170-6176	Rennen	*->6-2	*[6]	
11-10	6177-6185	gegangen	*->6-3	*[6]	
11-11	6186-6187	,	_	_	
11-12	6188-6190	80	_	_	
11-13	6191-6200	Millionen	_	_	
11-14	6201-6207	Dollar	_	_	
11-15	6208-6214	wurden	_	_	
11-16	6215-6217	in	_	_	
11-17	6218-6224	Ungarn	_	_	
11-18	6225-6235	investiert	_	_	
11-19	6236-6237	.	_	_	

#Text=Im US-Bundesstaat von Pennsylvania schlug der nahezu unbekannte demokratische Kandidat Harris Wofford George Bushs ehemaligen Justizminister Richard Thornburgh , der als ehemaliger Gouverneur des Arbeiterstaates mit einem Vorsprung von über 40 % in den Meinungsumfragen ins Rennen gegangen war .
13-1	7415-7417	Im	_	_	
13-2	7418-7432	US-Bundesstaat	_	_	
13-3	7433-7436	von	_	_	
13-4	7437-7449	Pennsylvania	_	_	
13-5	7450-7456	schlug	_	_	
13-6	7457-7460	der	_	_	
13-7	7461-7467	nahezu	_	_	
13-8	7468-7478	unbekannte	_	_	
13-9	7479-7492	demokratische	_	_	
13-10	7493-7501	Kandidat	_	_	
13-11	7502-7508	Harris	_	_	
13-12	7509-7516	Wofford	_	_	
13-13	7517-7523	George	_	_	
13-14	7524-7529	Bushs	_	_	
13-15	7530-7540	ehemaligen	_	_	
13-16	7541-7555	Justizminister	_	_	
13-17	7556-7563	Richard	_	_	
13-18	7564-7574	Thornburgh	_	_	
13-19	7575-7576	,	_	_	
13-20	7577-7580	der	_	_	
13-21	7581-7584	als	_	_	
13-22	7585-7595	ehemaliger	_	_	
13-23	7596-7606	Gouverneur	_	_	
13-24	7607-7610	des	_	_	
13-25	7611-7626	Arbeiterstaates	_	_	
13-26	7627-7630	mit	_	_	
13-27	7631-7636	einem	_	_	
13-28	7637-7646	Vorsprung	_	_	
13-29	7647-7650	von	_	_	
13-30	7651-7655	über	_	_	
13-31	7656-7658	40	_	_	
13-32	7659-7660	%	_	_	
13-33	7661-7663	in	_	_	
13-34	7664-7667	den	_	_	
13-35	7668-7684	Meinungsumfragen	_	_	
13-36	7685-7688	ins	*->7-1	non-literal-mwe[7]	
13-37	7689-7695	Rennen	*->7-2	*[7]	
13-38	7696-7704	gegangen	*->7-3	*[7]	
13-39	7705-7708	war	_	_	
13-40	7709-7710	.	_	_	

#Text=Hoppe sollte in der Vierer-Entscheidung ins Rennen gehen , bummelte aber im Training .
15-1	8579-8584	Hoppe	_	_	
15-2	8585-8591	sollte	_	_	
15-3	8592-8594	in	_	_	
15-4	8595-8598	der	_	_	
15-5	8599-8618	Vierer-Entscheidung	_	_	
15-6	8619-8622	ins	*->8-1	literal[8]	
15-7	8623-8629	Rennen	*->8-2	*[8]	
15-8	8630-8635	gehen	*->8-3	*[8]	
15-9	8636-8637	,	_	_	
15-10	8638-8646	bummelte	_	_	
15-11	8647-8651	aber	_	_	
15-12	8652-8654	im	_	_	
15-13	8655-8663	Training	_	_	
15-14	8664-8665	.	_	_	

#Text=Neben den bekannten Parteien gingen zwei Bürgerinitiativen aus Babelsberg und der Deutsche Anglerverband in das Rennen um die Wählergunst .
17-1	9155-9160	Neben	_	_	
17-2	9161-9164	den	_	_	
17-3	9165-9174	bekannten	_	_	
17-4	9175-9183	Parteien	_	_	
17-5	9184-9190	gingen	*->9-1	non-literal-mwe[9]	
17-6	9191-9195	zwei	_	_	
17-7	9196-9213	Bürgerinitiativen	_	_	
17-8	9214-9217	aus	_	_	
17-9	9218-9228	Babelsberg	_	_	
17-10	9229-9232	und	_	_	
17-11	9233-9236	der	_	_	
17-12	9237-9245	Deutsche	_	_	
17-13	9246-9259	Anglerverband	_	_	
17-14	9260-9262	in	*->9-2	*[9]	
17-15	9263-9266	das	_	_	
17-16	9267-9273	Rennen	*->9-3	*[9]	
17-17	9274-9276	um	_	_	
17-18	9277-9280	die	_	_	
17-19	9281-9292	Wählergunst	_	_	
17-20	9293-9294	.	_	_	

#Text=Wenn er wirklich - wie er angibt - psychisch und physisch dazu nicht in der Lage sein sollte , dann hätte er sich auch nicht überreden lassen dürfen , als Kanzlerkandidat ins Rennen zu gehen .
19-1	9631-9635	Wenn	_	_	
19-2	9636-9638	er	_	_	
19-3	9639-9647	wirklich	_	_	
19-4	9648-9649	-	_	_	
19-5	9650-9653	wie	_	_	
19-6	9654-9656	er	_	_	
19-7	9657-9663	angibt	_	_	
19-8	9664-9665	-	_	_	
19-9	9666-9675	psychisch	_	_	
19-10	9676-9679	und	_	_	
19-11	9680-9688	physisch	_	_	
19-12	9689-9693	dazu	_	_	
19-13	9694-9699	nicht	_	_	
19-14	9700-9702	in	_	_	
19-15	9703-9706	der	_	_	
19-16	9707-9711	Lage	_	_	
19-17	9712-9716	sein	_	_	
19-18	9717-9723	sollte	_	_	
19-19	9724-9725	,	_	_	
19-20	9726-9730	dann	_	_	
19-21	9731-9736	hätte	_	_	
19-22	9737-9739	er	_	_	
19-23	9740-9744	sich	_	_	
19-24	9745-9749	auch	_	_	
19-25	9750-9755	nicht	_	_	
19-26	9756-9765	überreden	_	_	
19-27	9766-9772	lassen	_	_	
19-28	9773-9779	dürfen	_	_	
19-29	9780-9781	,	_	_	
19-30	9782-9785	als	_	_	
19-31	9786-9801	Kanzlerkandidat	_	_	
19-32	9802-9805	ins	*->10-1	non-literal-mwe[10]	
19-33	9806-9812	Rennen	*->10-2	*[10]	
19-34	9813-9815	zu	_	_	
19-35	9816-9821	gehen	*->10-3	*[10]	
19-36	9822-9823	.	_	_	

#Text=In der zweiten Runde der Parlamentswahlen in Ägypten am vergangenen Donnerstag kämpfte die regierende Nationaldemokratische Partei ( NDP ) vor allem mit sich selber : Ihren offiziellen Kandidaten standen " Unabhängige " gegenüber , die auf eigene Kosten ins Rennen gegangen waren , nachdem die NDP ihnen die Unterstützung verweigert hatte .
21-1	11167-11169	In	_	_	
21-2	11170-11173	der	_	_	
21-3	11174-11181	zweiten	_	_	
21-4	11182-11187	Runde	_	_	
21-5	11188-11191	der	_	_	
21-6	11192-11208	Parlamentswahlen	_	_	
21-7	11209-11211	in	_	_	
21-8	11212-11219	Ägypten	_	_	
21-9	11220-11222	am	_	_	
21-10	11223-11234	vergangenen	_	_	
21-11	11235-11245	Donnerstag	_	_	
21-12	11246-11253	kämpfte	_	_	
21-13	11254-11257	die	_	_	
21-14	11258-11268	regierende	_	_	
21-15	11269-11290	Nationaldemokratische	_	_	
21-16	11291-11297	Partei	_	_	
21-17	11298-11299	(	_	_	
21-18	11300-11303	NDP	_	_	
21-19	11304-11305	)	_	_	
21-20	11306-11309	vor	_	_	
21-21	11310-11315	allem	_	_	
21-22	11316-11319	mit	_	_	
21-23	11320-11324	sich	_	_	
21-24	11325-11331	selber	_	_	
21-25	11332-11333	:	_	_	
21-26	11334-11339	Ihren	_	_	
21-27	11340-11351	offiziellen	_	_	
21-28	11352-11362	Kandidaten	_	_	
21-29	11363-11370	standen	_	_	
21-30	11371-11372	"	_	_	
21-31	11373-11384	Unabhängige	_	_	
21-32	11385-11386	"	_	_	
21-33	11387-11396	gegenüber	_	_	
21-34	11397-11398	,	_	_	
21-35	11399-11402	die	_	_	
21-36	11403-11406	auf	_	_	
21-37	11407-11413	eigene	_	_	
21-38	11414-11420	Kosten	_	_	
21-39	11421-11424	ins	*->11-1	non-literal-mwe[11]	
21-40	11425-11431	Rennen	*->11-2	*[11]	
21-41	11432-11440	gegangen	*->11-3	*[11]	
21-42	11441-11446	waren	_	_	
21-43	11447-11448	,	_	_	
21-44	11449-11456	nachdem	_	_	
21-45	11457-11460	die	_	_	
21-46	11461-11464	NDP	_	_	
21-47	11465-11470	ihnen	_	_	
21-48	11471-11474	die	_	_	
21-49	11475-11488	Unterstützung	_	_	
21-50	11489-11499	verweigert	_	_	
21-51	11500-11505	hatte	_	_	
21-52	11506-11507	.	_	_	

#Text=Friedhelm Farthmann soll in Thüringen ins Rennen gehen .
23-1	11976-11985	Friedhelm	_	_	
23-2	11986-11995	Farthmann	_	_	
23-3	11996-12000	soll	_	_	
23-4	12001-12003	in	_	_	
23-5	12004-12013	Thüringen	_	_	
23-6	12014-12017	ins	*->12-1	non-literal-mwe[12]	
23-7	12018-12024	Rennen	*->12-2	*[12]	
23-8	12025-12030	gehen	*->12-3	*[12]	
23-9	12031-12032	.	_	_	

#Text=In Sachsen wird der politisierende Professor Biedenkopf für die CDU ins Rennen gegen die ungeliebte SPD-Bundesgeschäftsführerin Anke Fuchs gehen .
25-1	12459-12461	In	_	_	
25-2	12462-12469	Sachsen	_	_	
25-3	12470-12474	wird	_	_	
25-4	12475-12478	der	_	_	
25-5	12479-12493	politisierende	_	_	
25-6	12494-12503	Professor	_	_	
25-7	12504-12514	Biedenkopf	_	_	
25-8	12515-12518	für	_	_	
25-9	12519-12522	die	_	_	
25-10	12523-12526	CDU	_	_	
25-11	12527-12530	ins	*->13-1	non-literal-mwe[13]	
25-12	12531-12537	Rennen	*->13-2	*[13]	
25-13	12538-12543	gegen	_	_	
25-14	12544-12547	die	_	_	
25-15	12548-12558	ungeliebte	_	_	
25-16	12559-12586	SPD-Bundesgeschäftsführerin	_	_	
25-17	12587-12591	Anke	_	_	
25-18	12592-12597	Fuchs	_	_	
25-19	12598-12603	gehen	*->13-3	*[13]	
25-20	12604-12605	.	_	_	

#Text=Nicht wahr , freut er sich , das sei selbst bei den Grünen schwierig , als Außenseiter in das Rennen zu gehen und sich dann gegen längst getroffene Absprachen einfach durchzusetzen .
27-1	13791-13796	Nicht	_	_	
27-2	13797-13801	wahr	_	_	
27-3	13802-13803	,	_	_	
27-4	13804-13809	freut	_	_	
27-5	13810-13812	er	_	_	
27-6	13813-13817	sich	_	_	
27-7	13818-13819	,	_	_	
27-8	13820-13823	das	_	_	
27-9	13824-13827	sei	_	_	
27-10	13828-13834	selbst	_	_	
27-11	13835-13838	bei	_	_	
27-12	13839-13842	den	_	_	
27-13	13843-13849	Grünen	_	_	
27-14	13850-13859	schwierig	_	_	
27-15	13860-13861	,	_	_	
27-16	13862-13865	als	_	_	
27-17	13866-13877	Außenseiter	_	_	
27-18	13878-13880	in	*->14-1	non-literal-mwe[14]	
27-19	13881-13884	das	_	_	
27-20	13885-13891	Rennen	*->14-2	*[14]	
27-21	13892-13894	zu	_	_	
27-22	13895-13900	gehen	*->14-3	*[14]	
27-23	13901-13904	und	_	_	
27-24	13905-13909	sich	_	_	
27-25	13910-13914	dann	_	_	
27-26	13915-13920	gegen	_	_	
27-27	13921-13927	längst	_	_	
27-28	13928-13938	getroffene	_	_	
27-29	13939-13949	Absprachen	_	_	
27-30	13950-13957	einfach	_	_	
27-31	13958-13971	durchzusetzen	_	_	
27-32	13972-13973	.	_	_	

#Text=Schweden als Veranstalter geht in GruppeI ebenso gesetzt ins Rennen wie Titelverteidiger Niederlande in GruppeII .
29-1	14478-14486	Schweden	_	_	
29-2	14487-14490	als	_	_	
29-3	14491-14503	Veranstalter	_	_	
29-4	14504-14508	geht	*->15-1	literal[15]	
29-5	14509-14511	in	_	_	
29-6	14512-14519	GruppeI	_	_	
29-7	14520-14526	ebenso	_	_	
29-8	14527-14534	gesetzt	_	_	
29-9	14535-14538	ins	*->15-2	*[15]	
29-10	14539-14545	Rennen	*->15-3	*[15]	
29-11	14546-14549	wie	_	_	
29-12	14550-14566	Titelverteidiger	_	_	
29-13	14567-14578	Niederlande	_	_	
29-14	14579-14581	in	_	_	
29-15	14582-14590	GruppeII	_	_	
29-16	14591-14592	.	_	_	

#Text=Das stimmte auch , aber in der Bewältigung gab es dann doch erhebliche Unterschiede : Das russische Red-Star-Syndikat ging mit 13 Millionen Dollar ins Rennen , der Italiener Raul Gardini ließ sich den Spaß immerhin 150 Millionen kosten .
31-1	15274-15277	Das	_	_	
31-2	15278-15285	stimmte	_	_	
31-3	15286-15290	auch	_	_	
31-4	15291-15292	,	_	_	
31-5	15293-15297	aber	_	_	
31-6	15298-15300	in	_	_	
31-7	15301-15304	der	_	_	
31-8	15305-15316	Bewältigung	_	_	
31-9	15317-15320	gab	_	_	
31-10	15321-15323	es	_	_	
31-11	15324-15328	dann	_	_	
31-12	15329-15333	doch	_	_	
31-13	15334-15344	erhebliche	_	_	
31-14	15345-15357	Unterschiede	_	_	
31-15	15358-15359	:	_	_	
31-16	15360-15363	Das	_	_	
31-17	15364-15373	russische	_	_	
31-18	15374-15391	Red-Star-Syndikat	_	_	
31-19	15392-15396	ging	*->16-1	literal[16]	
31-20	15397-15400	mit	_	_	
31-21	15401-15403	13	_	_	
31-22	15404-15413	Millionen	_	_	
31-23	15414-15420	Dollar	_	_	
31-24	15421-15424	ins	*->16-2	*[16]	
31-25	15425-15431	Rennen	*->16-3	*[16]	
31-26	15432-15433	,	_	_	
31-27	15434-15437	der	_	_	
31-28	15438-15447	Italiener	_	_	
31-29	15448-15452	Raul	_	_	
31-30	15453-15460	Gardini	_	_	
31-31	15461-15465	ließ	_	_	
31-32	15466-15470	sich	_	_	
31-33	15471-15474	den	_	_	
31-34	15475-15479	Spaß	_	_	
31-35	15480-15488	immerhin	_	_	
31-36	15489-15492	150	_	_	
31-37	15493-15502	Millionen	_	_	
31-38	15503-15509	kosten	_	_	
31-39	15510-15511	.	_	_	

#Text=Seinen Parteifreunden , vor allem dem auf Mitterrands Ablösung in drei Jahren hoffenden Rocard , versicherte Fabius jedoch , er werden 1995 noch nicht ins Rennen gehen .
33-1	16584-16590	Seinen	_	_	
33-2	16591-16605	Parteifreunden	_	_	
33-3	16606-16607	,	_	_	
33-4	16608-16611	vor	_	_	
33-5	16612-16617	allem	_	_	
33-6	16618-16621	dem	_	_	
33-7	16622-16625	auf	_	_	
33-8	16626-16637	Mitterrands	_	_	
33-9	16638-16646	Ablösung	_	_	
33-10	16647-16649	in	_	_	
33-11	16650-16654	drei	_	_	
33-12	16655-16661	Jahren	_	_	
33-13	16662-16671	hoffenden	_	_	
33-14	16672-16678	Rocard	_	_	
33-15	16679-16680	,	_	_	
33-16	16681-16692	versicherte	_	_	
33-17	16693-16699	Fabius	_	_	
33-18	16700-16706	jedoch	_	_	
33-19	16707-16708	,	_	_	
33-20	16709-16711	er	_	_	
33-21	16712-16718	werden	_	_	
33-22	16719-16723	1995	_	_	
33-23	16724-16728	noch	_	_	
33-24	16729-16734	nicht	_	_	
33-25	16735-16738	ins	*->17-1	non-literal-mwe[17]	
33-26	16739-16745	Rennen	*->17-2	*[17]	
33-27	16746-16751	gehen	*->17-3	*[17]	
33-28	16752-16753	.	_	_	

#Text=Durchaus mit Gold-Ambitionen ins Rennen gegangen , brach Glücklich in der letzten Runde ein und kam schließlich nur auf den vierten Platz .
35-1	17074-17082	Durchaus	_	_	
35-2	17083-17086	mit	_	_	
35-3	17087-17102	Gold-Ambitionen	_	_	
35-4	17103-17106	ins	*->18-1	literal[18]	
35-5	17107-17113	Rennen	*->18-2	*[18]	
35-6	17114-17122	gegangen	*->18-3	*[18]	
35-7	17123-17124	,	_	_	
35-8	17125-17130	brach	_	_	
35-9	17131-17140	Glücklich	_	_	
35-10	17141-17143	in	_	_	
35-11	17144-17147	der	_	_	
35-12	17148-17155	letzten	_	_	
35-13	17156-17161	Runde	_	_	
35-14	17162-17165	ein	_	_	
35-15	17166-17169	und	_	_	
35-16	17170-17173	kam	_	_	
35-17	17174-17185	schließlich	_	_	
35-18	17186-17189	nur	_	_	
35-19	17190-17193	auf	_	_	
35-20	17194-17197	den	_	_	
35-21	17198-17205	vierten	_	_	
35-22	17206-17211	Platz	_	_	
35-23	17212-17213	.	_	_	

#Text=Dabei hatte die 19jährige Favoritin , die in dieser Saison schon zwei Abfahrten gewonnen hatte und mit der Startnummer 10 ins Rennen gegangen war , noch bei der letzen Zeitnahme vor der Zieleinfahrt die weitaus beste Zwischenzeit gehabt : stolze 17 Hundertstel schneller als die spätere Siegerin Kerrin Lee- Gartner aus Kanada .
37-1	17906-17911	Dabei	_	_	
37-2	17912-17917	hatte	_	_	
37-3	17918-17921	die	_	_	
37-4	17922-17931	19jährige	_	_	
37-5	17932-17941	Favoritin	_	_	
37-6	17942-17943	,	_	_	
37-7	17944-17947	die	_	_	
37-8	17948-17950	in	_	_	
37-9	17951-17957	dieser	_	_	
37-10	17958-17964	Saison	_	_	
37-11	17965-17970	schon	_	_	
37-12	17971-17975	zwei	_	_	
37-13	17976-17985	Abfahrten	_	_	
37-14	17986-17994	gewonnen	_	_	
37-15	17995-18000	hatte	_	_	
37-16	18001-18004	und	_	_	
37-17	18005-18008	mit	_	_	
37-18	18009-18012	der	_	_	
37-19	18013-18024	Startnummer	_	_	
37-20	18025-18027	10	_	_	
37-21	18028-18031	ins	*->19-1	literal[19]	
37-22	18032-18038	Rennen	*->19-2	*[19]	
37-23	18039-18047	gegangen	*->19-3	*[19]	
37-24	18048-18051	war	_	_	
37-25	18052-18053	,	_	_	
37-26	18054-18058	noch	_	_	
37-27	18059-18062	bei	_	_	
37-28	18063-18066	der	_	_	
37-29	18067-18073	letzen	_	_	
37-30	18074-18083	Zeitnahme	_	_	
37-31	18084-18087	vor	_	_	
37-32	18088-18091	der	_	_	
37-33	18092-18104	Zieleinfahrt	_	_	
37-34	18105-18108	die	_	_	
37-35	18109-18116	weitaus	_	_	
37-36	18117-18122	beste	_	_	
37-37	18123-18135	Zwischenzeit	_	_	
37-38	18136-18142	gehabt	_	_	
37-39	18143-18144	:	_	_	
37-40	18145-18151	stolze	_	_	
37-41	18152-18154	17	_	_	
37-42	18155-18166	Hundertstel	_	_	
37-43	18167-18176	schneller	_	_	
37-44	18177-18180	als	_	_	
37-45	18181-18184	die	_	_	
37-46	18185-18192	spätere	_	_	
37-47	18193-18201	Siegerin	_	_	
37-48	18202-18208	Kerrin	_	_	
37-49	18209-18213	Lee-	_	_	
37-50	18214-18221	Gartner	_	_	
37-51	18222-18225	aus	_	_	
37-52	18226-18232	Kanada	_	_	
37-53	18233-18234	.	_	_	

#Text=In Marseille gingen durchschnittlich zwei Drittel der bürgerlichen Stimmen vom ersten Wahlgang an die im Rennen gebliebenen Kandidaten der " Front National " .
39-1	19042-19044	In	_	_	
39-2	19045-19054	Marseille	_	_	
39-3	19055-19061	gingen	*->20-1	non-literal-mwe[20]	
39-4	19062-19078	durchschnittlich	_	_	
39-5	19079-19083	zwei	_	_	
39-6	19084-19091	Drittel	_	_	
39-7	19092-19095	der	_	_	
39-8	19096-19108	bürgerlichen	_	_	
39-9	19109-19116	Stimmen	_	_	
39-10	19117-19120	vom	_	_	
39-11	19121-19127	ersten	_	_	
39-12	19128-19136	Wahlgang	_	_	
39-13	19137-19139	an	_	_	
39-14	19140-19143	die	_	_	
39-15	19144-19146	im	*->20-2	*[20]	
39-16	19147-19153	Rennen	*->20-3	*[20]	
39-17	19154-19165	gebliebenen	_	_	
39-18	19166-19176	Kandidaten	_	_	
39-19	19177-19180	der	_	_	
39-20	19181-19182	"	_	_	
39-21	19183-19188	Front	_	_	
39-22	19189-19197	National	_	_	
39-23	19198-19199	"	_	_	
39-24	19200-19201	.	_	_	

#Text=Der nun gewählte Hernandez Mancha war dabei erst in letzter Minute ins Rennen gegangen .
41-1	20305-20308	Der	_	_	
41-2	20309-20312	nun	_	_	
41-3	20313-20321	gewählte	_	_	
41-4	20322-20331	Hernandez	_	_	
41-5	20332-20338	Mancha	_	_	
41-6	20339-20342	war	_	_	
41-7	20343-20348	dabei	_	_	
41-8	20349-20353	erst	_	_	
41-9	20354-20356	in	_	_	
41-10	20357-20364	letzter	_	_	
41-11	20365-20371	Minute	_	_	
41-12	20372-20375	ins	*->21-1	non-literal-mwe[21]	
41-13	20376-20382	Rennen	*->21-2	*[21]	
41-14	20383-20391	gegangen	*->21-3	*[21]	
41-15	20392-20393	.	_	_	

#Text=Ihnen verdankt er , daß er als Favorit in das Rennen um die Nachfolge Arthur Dunkels als Gatt-Generaldirektor geht .
43-1	23538-23543	Ihnen	_	_	
43-2	23544-23552	verdankt	_	_	
43-3	23553-23555	er	_	_	
43-4	23556-23557	,	_	_	
43-5	23558-23561	daß	_	_	
43-6	23562-23564	er	_	_	
43-7	23565-23568	als	_	_	
43-8	23569-23576	Favorit	_	_	
43-9	23577-23579	in	*->22-1	non-literal-mwe[22]	
43-10	23580-23583	das	_	_	
43-11	23584-23590	Rennen	*->22-2	*[22]	
43-12	23591-23593	um	_	_	
43-13	23594-23597	die	_	_	
43-14	23598-23607	Nachfolge	_	_	
43-15	23608-23614	Arthur	_	_	
43-16	23615-23622	Dunkels	_	_	
43-17	23623-23626	als	_	_	
43-18	23627-23647	Gatt-Generaldirektor	_	_	
43-19	23648-23652	geht	*->22-3	*[22]	
43-20	23653-23654	.	_	_	

#Text=Denkbar wären zum Beispiel zehn internationale Programme , in denen nicht mehr nach den bisherigen Kategorien zwangssortiert wird , und in denen neben geförderten Werken gleichberechtigt auch No-Budget-Produktionen und Trash ins Rennen gehen .
45-1	24229-24236	Denkbar	_	_	
45-2	24237-24242	wären	_	_	
45-3	24243-24246	zum	_	_	
45-4	24247-24255	Beispiel	_	_	
45-5	24256-24260	zehn	_	_	
45-6	24261-24275	internationale	_	_	
45-7	24276-24285	Programme	_	_	
45-8	24286-24287	,	_	_	
45-9	24288-24290	in	_	_	
45-10	24291-24296	denen	_	_	
45-11	24297-24302	nicht	_	_	
45-12	24303-24307	mehr	_	_	
45-13	24308-24312	nach	_	_	
45-14	24313-24316	den	_	_	
45-15	24317-24327	bisherigen	_	_	
45-16	24328-24338	Kategorien	_	_	
45-17	24339-24353	zwangssortiert	_	_	
45-18	24354-24358	wird	_	_	
45-19	24359-24360	,	_	_	
45-20	24361-24364	und	_	_	
45-21	24365-24367	in	_	_	
45-22	24368-24373	denen	_	_	
45-23	24374-24379	neben	_	_	
45-24	24380-24391	geförderten	_	_	
45-25	24392-24398	Werken	_	_	
45-26	24399-24415	gleichberechtigt	_	_	
45-27	24416-24420	auch	_	_	
45-28	24421-24443	No-Budget-Produktionen	_	_	
45-29	24444-24447	und	_	_	
45-30	24448-24453	Trash	_	_	
45-31	24454-24457	ins	*->23-1	non-literal-mwe[23]	
45-32	24458-24464	Rennen	*->23-2	*[23]	
45-33	24465-24470	gehen	*->23-3	*[23]	
45-34	24471-24472	.	_	_	

#Text=In das zweite - unverschämte - Rennen ging er darum nur zum Schein .
47-1	24997-24999	In	*->24-1	non-literal-mwe[24]	
47-2	25000-25003	das	_	_	
47-3	25004-25010	zweite	_	_	
47-4	25011-25012	-	_	_	
47-5	25013-25025	unverschämte	_	_	
47-6	25026-25027	-	_	_	
47-7	25028-25034	Rennen	*->24-2	*[24]	
47-8	25035-25039	ging	*->24-3	*[24]	
47-9	25040-25042	er	_	_	
47-10	25043-25048	darum	_	_	
47-11	25049-25052	nur	_	_	
47-12	25053-25056	zum	_	_	
47-13	25057-25063	Schein	_	_	
47-14	25064-25065	.	_	_	

#Text=Daß die SPD mit der Leiterin des Bremer Brüssel-Büros Karin Jöns eine qualifizierte Kandidatin hat , die sich bestens in der Brüsseler Politik auskennt , wiegt offensichtlich wenig , wenn Kandidaten des eigenen Unterbezirks oder Ortsvereins ins Rennen gehen .
49-1	25461-25464	Daß	_	_	
49-2	25465-25468	die	_	_	
49-3	25469-25472	SPD	_	_	
49-4	25473-25476	mit	_	_	
49-5	25477-25480	der	_	_	
49-6	25481-25489	Leiterin	_	_	
49-7	25490-25493	des	_	_	
49-8	25494-25500	Bremer	_	_	
49-9	25501-25514	Brüssel-Büros	_	_	
49-10	25515-25520	Karin	_	_	
49-11	25521-25525	Jöns	_	_	
49-12	25526-25530	eine	_	_	
49-13	25531-25544	qualifizierte	_	_	
49-14	25545-25555	Kandidatin	_	_	
49-15	25556-25559	hat	_	_	
49-16	25560-25561	,	_	_	
49-17	25562-25565	die	_	_	
49-18	25566-25570	sich	_	_	
49-19	25571-25578	bestens	_	_	
49-20	25579-25581	in	_	_	
49-21	25582-25585	der	_	_	
49-22	25586-25595	Brüsseler	_	_	
49-23	25596-25603	Politik	_	_	
49-24	25604-25612	auskennt	_	_	
49-25	25613-25614	,	_	_	
49-26	25615-25620	wiegt	_	_	
49-27	25621-25635	offensichtlich	_	_	
49-28	25636-25641	wenig	_	_	
49-29	25642-25643	,	_	_	
49-30	25644-25648	wenn	_	_	
49-31	25649-25659	Kandidaten	_	_	
49-32	25660-25663	des	_	_	
49-33	25664-25671	eigenen	_	_	
49-34	25672-25684	Unterbezirks	_	_	
49-35	25685-25689	oder	_	_	
49-36	25690-25701	Ortsvereins	_	_	
49-37	25702-25705	ins	*->25-1	non-literal-mwe[25]	
49-38	25706-25712	Rennen	*->25-2	*[25]	
49-39	25713-25718	gehen	*->25-3	*[25]	
49-40	25719-25720	.	_	_	

#Text=Sie wollen in 480 der 577 Wahlkreise mit gemeinsamen Kandidaten ins Rennen gehen .
51-1	26739-26742	Sie	_	_	
51-2	26743-26749	wollen	_	_	
51-3	26750-26752	in	_	_	
51-4	26753-26756	480	_	_	
51-5	26757-26760	der	_	_	
51-6	26761-26764	577	_	_	
51-7	26765-26775	Wahlkreise	_	_	
51-8	26776-26779	mit	_	_	
51-9	26780-26791	gemeinsamen	_	_	
51-10	26792-26802	Kandidaten	_	_	
51-11	26803-26806	ins	*->26-1	non-literal-mwe[26]	
51-12	26807-26813	Rennen	*->26-2	*[26]	
51-13	26814-26819	gehen	*->26-3	*[26]	
51-14	26820-26821	.	_	_	

#Text=Die Pferde gehen in das erste Rennen - eine Amateurveranstaltung , benannt nach dem Rennclubmitglied Otto Traun .
53-1	27138-27141	Die	_	_	
53-2	27142-27148	Pferde	_	_	
53-3	27149-27154	gehen	*->27-1	literal[27]	
53-4	27155-27157	in	*->27-2	*[27]	
53-5	27158-27161	das	_	_	
53-6	27162-27167	erste	_	_	
53-7	27168-27174	Rennen	*->27-3	*[27]	
53-8	27175-27176	-	_	_	
53-9	27177-27181	eine	_	_	
53-10	27182-27202	Amateurveranstaltung	_	_	
53-11	27203-27204	,	_	_	
53-12	27205-27212	benannt	_	_	
53-13	27213-27217	nach	_	_	
53-14	27218-27221	dem	_	_	
53-15	27222-27238	Rennclubmitglied	_	_	
53-16	27239-27243	Otto	_	_	
53-17	27244-27249	Traun	_	_	
53-18	27250-27251	.	_	_	

#Text=Wieder anders in den sechziger Jahren : Jeder Titel ging in doppelter Version ins Rennen , eine wurde vorgetragen von einem Einheimischen , die andere von einem Gast aus dem Ausland .
55-1	27719-27725	Wieder	_	_	
55-2	27726-27732	anders	_	_	
55-3	27733-27735	in	_	_	
55-4	27736-27739	den	_	_	
55-5	27740-27749	sechziger	_	_	
55-6	27750-27756	Jahren	_	_	
55-7	27757-27758	:	_	_	
55-8	27759-27764	Jeder	_	_	
55-9	27765-27770	Titel	_	_	
55-10	27771-27775	ging	*->28-1	non-literal-mwe[28]	
55-11	27776-27778	in	_	_	
55-12	27779-27788	doppelter	_	_	
55-13	27789-27796	Version	_	_	
55-14	27797-27800	ins	*->28-2	*[28]	
55-15	27801-27807	Rennen	*->28-3	*[28]	
55-16	27808-27809	,	_	_	
55-17	27810-27814	eine	_	_	
55-18	27815-27820	wurde	_	_	
55-19	27821-27832	vorgetragen	_	_	
55-20	27833-27836	von	_	_	
55-21	27837-27842	einem	_	_	
55-22	27843-27856	Einheimischen	_	_	
55-23	27857-27858	,	_	_	
55-24	27859-27862	die	_	_	
55-25	27863-27869	andere	_	_	
55-26	27870-27873	von	_	_	
55-27	27874-27879	einem	_	_	
55-28	27880-27884	Gast	_	_	
55-29	27885-27888	aus	_	_	
55-30	27889-27892	dem	_	_	
55-31	27893-27900	Ausland	_	_	
55-32	27901-27902	.	_	_	

#Text=Terry war laut Meinungsumfragen mit großem Vorsprung in dieses Rennen um die Nachfolge des demokratischen Gouverneurs Douglas Wilder gegangen .
57-1	28878-28883	Terry	_	_	
57-2	28884-28887	war	_	_	
57-3	28888-28892	laut	_	_	
57-4	28893-28909	Meinungsumfragen	_	_	
57-5	28910-28913	mit	_	_	
57-6	28914-28920	großem	_	_	
57-7	28921-28930	Vorsprung	_	_	
57-8	28931-28933	in	*->29-1	non-literal-mwe[29]	
57-9	28934-28940	dieses	_	_	
57-10	28941-28947	Rennen	*->29-2	*[29]	
57-11	28948-28950	um	_	_	
57-12	28951-28954	die	_	_	
57-13	28955-28964	Nachfolge	_	_	
57-14	28965-28968	des	_	_	
57-15	28969-28983	demokratischen	_	_	
57-16	28984-28995	Gouverneurs	_	_	
57-17	28996-29003	Douglas	_	_	
57-18	29004-29010	Wilder	_	_	
57-19	29011-29019	gegangen	*->29-3	*[29]	
57-20	29020-29021	.	_	_	

#Text=Und freut sich im Moment vor allem darüber , welchen Wirbel er damit in " seiner " SPD auslöste , die mit dem braven Parteisoldaten Rainer Brechtken ins Rennen gegangen war .
59-1	29573-29576	Und	_	_	
59-2	29577-29582	freut	_	_	
59-3	29583-29587	sich	_	_	
59-4	29588-29590	im	_	_	
59-5	29591-29597	Moment	_	_	
59-6	29598-29601	vor	_	_	
59-7	29602-29607	allem	_	_	
59-8	29608-29615	darüber	_	_	
59-9	29616-29617	,	_	_	
59-10	29618-29625	welchen	_	_	
59-11	29626-29632	Wirbel	_	_	
59-12	29633-29635	er	_	_	
59-13	29636-29641	damit	_	_	
59-14	29642-29644	in	_	_	
59-15	29645-29646	"	_	_	
59-16	29647-29653	seiner	_	_	
59-17	29654-29655	"	_	_	
59-18	29656-29659	SPD	_	_	
59-19	29660-29668	auslöste	_	_	
59-20	29669-29670	,	_	_	
59-21	29671-29674	die	_	_	
59-22	29675-29678	mit	_	_	
59-23	29679-29682	dem	_	_	
59-24	29683-29689	braven	_	_	
59-25	29690-29704	Parteisoldaten	_	_	
59-26	29705-29711	Rainer	_	_	
59-27	29712-29721	Brechtken	_	_	
59-28	29722-29725	ins	*->30-1	non-literal-mwe[30]	
59-29	29726-29732	Rennen	*->30-2	*[30]	
59-30	29733-29741	gegangen	*->30-3	*[30]	
59-31	29742-29745	war	_	_	
59-32	29746-29747	.	_	_	

#Text=Niemand weiß , wer gegen Premierminister Ryutaro Hashimoto ins Rennen um das höchste Regierungsamt geht , geschweige denn welche Parteienkoalition in wenigen Wochen die Macht in Tokio übernimmt .
61-1	30235-30242	Niemand	_	_	
61-2	30243-30247	weiß	_	_	
61-3	30248-30249	,	_	_	
61-4	30250-30253	wer	_	_	
61-5	30254-30259	gegen	_	_	
61-6	30260-30275	Premierminister	_	_	
61-7	30276-30283	Ryutaro	_	_	
61-8	30284-30293	Hashimoto	_	_	
61-9	30294-30297	ins	*->31-1	non-literal-mwe[31]	
61-10	30298-30304	Rennen	*->31-2	*[31]	
61-11	30305-30307	um	_	_	
61-12	30308-30311	das	_	_	
61-13	30312-30319	höchste	_	_	
61-14	30320-30333	Regierungsamt	_	_	
61-15	30334-30338	geht	*->31-3	*[31]	
61-16	30339-30340	,	_	_	
61-17	30341-30351	geschweige	_	_	
61-18	30352-30356	denn	_	_	
61-19	30357-30363	welche	_	_	
61-20	30364-30381	Parteienkoalition	_	_	
61-21	30382-30384	in	_	_	
61-22	30385-30392	wenigen	_	_	
61-23	30393-30399	Wochen	_	_	
61-24	30400-30403	die	_	_	
61-25	30404-30409	Macht	_	_	
61-26	30410-30412	in	_	_	
61-27	30413-30418	Tokio	_	_	
61-28	30419-30428	übernimmt	_	_	
61-29	30429-30430	.	_	_	

#Text=Simitis war zwar als Favorit ins Rennen gegangen , hatte aber in der ersten Wahlrunde nur 53 Stimmen erzielt .
63-1	30961-30968	Simitis	_	_	
63-2	30969-30972	war	_	_	
63-3	30973-30977	zwar	_	_	
63-4	30978-30981	als	_	_	
63-5	30982-30989	Favorit	_	_	
63-6	30990-30993	ins	*->32-1	non-literal-mwe[32]	
63-7	30994-31000	Rennen	*->32-2	*[32]	
63-8	31001-31009	gegangen	*->32-3	*[32]	
63-9	31010-31011	,	_	_	
63-10	31012-31017	hatte	_	_	
63-11	31018-31022	aber	_	_	
63-12	31023-31025	in	_	_	
63-13	31026-31029	der	_	_	
63-14	31030-31036	ersten	_	_	
63-15	31037-31046	Wahlrunde	_	_	
63-16	31047-31050	nur	_	_	
63-17	31051-31053	53	_	_	
63-18	31054-31061	Stimmen	_	_	
63-19	31062-31069	erzielt	_	_	
63-20	31070-31071	.	_	_	

#Text=Neben den etablierten Parteien CDU , SPD , Bündnis 90 / Die Grünen und FDP gehen 15 weitere Gruppierungen ins Rennen um die Gunst der WahlbürgerInnen in Gemeinden und Landkreisen .
65-1	31989-31994	Neben	_	_	
65-2	31995-31998	den	_	_	
65-3	31999-32010	etablierten	_	_	
65-4	32011-32019	Parteien	_	_	
65-5	32020-32023	CDU	_	_	
65-6	32024-32025	,	_	_	
65-7	32026-32029	SPD	_	_	
65-8	32030-32031	,	_	_	
65-9	32032-32039	Bündnis	_	_	
65-10	32040-32042	90	_	_	
65-11	32043-32044	/	_	_	
65-12	32045-32048	Die	_	_	
65-13	32049-32055	Grünen	_	_	
65-14	32056-32059	und	_	_	
65-15	32060-32063	FDP	_	_	
65-16	32064-32069	gehen	*->33-1	non-literal-mwe[33]	
65-17	32070-32072	15	_	_	
65-18	32073-32080	weitere	_	_	
65-19	32081-32094	Gruppierungen	_	_	
65-20	32095-32098	ins	*->33-2	*[33]	
65-21	32099-32105	Rennen	*->33-3	*[33]	
65-22	32106-32108	um	_	_	
65-23	32109-32112	die	_	_	
65-24	32113-32118	Gunst	_	_	
65-25	32119-32122	der	_	_	
65-26	32123-32138	WahlbürgerInnen	_	_	
65-27	32139-32141	in	_	_	
65-28	32142-32151	Gemeinden	_	_	
65-29	32152-32155	und	_	_	
65-30	32156-32167	Landkreisen	_	_	
65-31	32168-32169	.	_	_	

#Text=Doch in New Hampshire entscheidet sich meist , ob ein Kandidat mit Rückenwind oder mit Beulen ins Rennen durch die anderen Bundesstaaten geht .
67-1	32538-32542	Doch	_	_	
67-2	32543-32545	in	_	_	
67-3	32546-32549	New	_	_	
67-4	32550-32559	Hampshire	_	_	
67-5	32560-32571	entscheidet	_	_	
67-6	32572-32576	sich	_	_	
67-7	32577-32582	meist	_	_	
67-8	32583-32584	,	_	_	
67-9	32585-32587	ob	_	_	
67-10	32588-32591	ein	_	_	
67-11	32592-32600	Kandidat	_	_	
67-12	32601-32604	mit	_	_	
67-13	32605-32615	Rückenwind	_	_	
67-14	32616-32620	oder	_	_	
67-15	32621-32624	mit	_	_	
67-16	32625-32631	Beulen	_	_	
67-17	32632-32635	ins	*->34-1	non-literal-mwe[34]	
67-18	32636-32642	Rennen	*->34-2	*[34]	
67-19	32643-32648	durch	_	_	
67-20	32649-32652	die	_	_	
67-21	32653-32660	anderen	_	_	
67-22	32661-32674	Bundesstaaten	_	_	
67-23	32675-32679	geht	*->34-3	*[34]	
67-24	32680-32681	.	_	_	

#Text=Telekom-Star Riis war ohnehin nur ins Rennen gegangen , um sich bei einer für ihn mittelschweren Rundfahrt über zehn Etappen und 1.608 km nach einer Handverletzung im Frühjahr für die Tour in Form zu bringen .
69-1	33321-33333	Telekom-Star	_	_	
69-2	33334-33338	Riis	_	_	
69-3	33339-33342	war	_	_	
69-4	33343-33350	ohnehin	_	_	
69-5	33351-33354	nur	_	_	
69-6	33355-33358	ins	*->35-1	literal[35]	
69-7	33359-33365	Rennen	*->35-2	*[35]	
69-8	33366-33374	gegangen	*->35-3	*[35]	
69-9	33375-33376	,	_	_	
69-10	33377-33379	um	_	_	
69-11	33380-33384	sich	_	_	
69-12	33385-33388	bei	_	_	
69-13	33389-33394	einer	_	_	
69-14	33395-33398	für	_	_	
69-15	33399-33402	ihn	_	_	
69-16	33403-33417	mittelschweren	_	_	
69-17	33418-33427	Rundfahrt	_	_	
69-18	33428-33432	über	_	_	
69-19	33433-33437	zehn	_	_	
69-20	33438-33445	Etappen	_	_	
69-21	33446-33449	und	_	_	
69-22	33450-33455	1.608	_	_	
69-23	33456-33458	km	_	_	
69-24	33459-33463	nach	_	_	
69-25	33464-33469	einer	_	_	
69-26	33470-33484	Handverletzung	_	_	
69-27	33485-33487	im	_	_	
69-28	33488-33496	Frühjahr	_	_	
69-29	33497-33500	für	_	_	
69-30	33501-33504	die	_	_	
69-31	33505-33509	Tour	_	_	
69-32	33510-33512	in	_	_	
69-33	33513-33517	Form	_	_	
69-34	33518-33520	zu	_	_	
69-35	33521-33528	bringen	_	_	
69-36	33529-33530	.	_	_	

#Text=Statt bloß auf die Urwahl im Januar zu schielen und dabei mit einem ( faulen ) Kompromißkadidaten ins eigentliche Rennen um die Abgeordnetenhauswahl im Herbst 1999 zu gehen , sollte in der Partei der Diskurs um Inhalte und Personen erst einmal beginnen .
71-1	33843-33848	Statt	_	_	
71-2	33849-33853	bloß	_	_	
71-3	33854-33857	auf	_	_	
71-4	33858-33861	die	_	_	
71-5	33862-33868	Urwahl	_	_	
71-6	33869-33871	im	_	_	
71-7	33872-33878	Januar	_	_	
71-8	33879-33881	zu	_	_	
71-9	33882-33890	schielen	_	_	
71-10	33891-33894	und	_	_	
71-11	33895-33900	dabei	_	_	
71-12	33901-33904	mit	_	_	
71-13	33905-33910	einem	_	_	
71-14	33911-33912	(	_	_	
71-15	33913-33919	faulen	_	_	
71-16	33920-33921	)	_	_	
71-17	33922-33940	Kompromißkadidaten	_	_	
71-18	33941-33944	ins	*->36-1	non-literal-mwe[36]	
71-19	33945-33956	eigentliche	_	_	
71-20	33957-33963	Rennen	*->36-2	*[36]	
71-21	33964-33966	um	_	_	
71-22	33967-33970	die	_	_	
71-23	33971-33991	Abgeordnetenhauswahl	_	_	
71-24	33992-33994	im	_	_	
71-25	33995-34001	Herbst	_	_	
71-26	34002-34006	1999	_	_	
71-27	34007-34009	zu	_	_	
71-28	34010-34015	gehen	*->36-3	*[36]	
71-29	34016-34017	,	_	_	
71-30	34018-34024	sollte	_	_	
71-31	34025-34027	in	_	_	
71-32	34028-34031	der	_	_	
71-33	34032-34038	Partei	_	_	
71-34	34039-34042	der	_	_	
71-35	34043-34050	Diskurs	_	_	
71-36	34051-34053	um	_	_	
71-37	34054-34061	Inhalte	_	_	
71-38	34062-34065	und	_	_	
71-39	34066-34074	Personen	_	_	
71-40	34075-34079	erst	_	_	
71-41	34080-34086	einmal	_	_	
71-42	34087-34095	beginnen	_	_	
71-43	34096-34097	.	_	_	

#Text=New York ( AP / AFP ) - Die Demokraten im US-Staat New York gehen mit Charles Schumer in das Rennen gegen den republikanischen Senator Alfonse D'Amato .
73-1	34845-34848	New	_	_	
73-2	34849-34853	York	_	_	
73-3	34854-34855	(	_	_	
73-4	34856-34858	AP	_	_	
73-5	34859-34860	/	_	_	
73-6	34861-34864	AFP	_	_	
73-7	34865-34866	)	_	_	
73-8	34867-34868	-	_	_	
73-9	34869-34872	Die	_	_	
73-10	34873-34883	Demokraten	_	_	
73-11	34884-34886	im	_	_	
73-12	34887-34895	US-Staat	_	_	
73-13	34896-34899	New	_	_	
73-14	34900-34904	York	_	_	
73-15	34905-34910	gehen	*->37-1	non-literal-mwe[37]	
73-16	34911-34914	mit	_	_	
73-17	34915-34922	Charles	_	_	
73-18	34923-34930	Schumer	_	_	
73-19	34931-34933	in	*->37-2	*[37]	
73-20	34934-34937	das	_	_	
73-21	34938-34944	Rennen	*->37-3	*[37]	
73-22	34945-34950	gegen	_	_	
73-23	34951-34954	den	_	_	
73-24	34955-34971	republikanischen	_	_	
73-25	34972-34979	Senator	_	_	
73-26	34980-34987	Alfonse	_	_	
73-27	34988-34995	D'Amato	_	_	
73-28	34996-34997	.	_	_	

#Text=Die neuen Länder weisen aufgrund ihrer Geschichte eine extrem niedrige Wirtschafts- und Finanzkraft aus , sie würden mit einem gewaltigen Handicap in das Rennen gehen .
75-1	35553-35556	Die	_	_	
75-2	35557-35562	neuen	_	_	
75-3	35563-35569	Länder	_	_	
75-4	35570-35576	weisen	_	_	
75-5	35577-35585	aufgrund	_	_	
75-6	35586-35591	ihrer	_	_	
75-7	35592-35602	Geschichte	_	_	
75-8	35603-35607	eine	_	_	
75-9	35608-35614	extrem	_	_	
75-10	35615-35623	niedrige	_	_	
75-11	35624-35636	Wirtschafts-	_	_	
75-12	35637-35640	und	_	_	
75-13	35641-35652	Finanzkraft	_	_	
75-14	35653-35656	aus	_	_	
75-15	35657-35658	,	_	_	
75-16	35659-35662	sie	_	_	
75-17	35663-35669	würden	_	_	
75-18	35670-35673	mit	_	_	
75-19	35674-35679	einem	_	_	
75-20	35680-35690	gewaltigen	_	_	
75-21	35691-35699	Handicap	_	_	
75-22	35700-35702	in	*->38-1	non-literal-mwe[38]	
75-23	35703-35706	das	_	_	
75-24	35707-35713	Rennen	*->38-2	*[38]	
75-25	35714-35719	gehen	*->38-3	*[38]	
75-26	35720-35721	.	_	_	

#Text=Die Wut der Basis hatte der Bundesvorstand in dieser Woche noch damit geschürt , daß PDS- Wahlkampfleiter Andre Brie angekündigt hatte , am kommenden Dienstag sämtliche Kandidaten für den Bundestagswahlkampf zu präsentieren - und somit auch jenen , der am 27 . September gegen Wolfgang Thierse ( SPD ) , Günter Nooke ( CDU ) und Marianne Birthler ( Bündnisgrüne ) ins Rennen gehen soll .
77-1	36175-36178	Die	_	_	
77-2	36179-36182	Wut	_	_	
77-3	36183-36186	der	_	_	
77-4	36187-36192	Basis	_	_	
77-5	36193-36198	hatte	_	_	
77-6	36199-36202	der	_	_	
77-7	36203-36217	Bundesvorstand	_	_	
77-8	36218-36220	in	_	_	
77-9	36221-36227	dieser	_	_	
77-10	36228-36233	Woche	_	_	
77-11	36234-36238	noch	_	_	
77-12	36239-36244	damit	_	_	
77-13	36245-36253	geschürt	_	_	
77-14	36254-36255	,	_	_	
77-15	36256-36259	daß	_	_	
77-16	36260-36264	PDS-	_	_	
77-17	36265-36280	Wahlkampfleiter	_	_	
77-18	36281-36286	Andre	_	_	
77-19	36287-36291	Brie	_	_	
77-20	36292-36303	angekündigt	_	_	
77-21	36304-36309	hatte	_	_	
77-22	36310-36311	,	_	_	
77-23	36312-36314	am	_	_	
77-24	36315-36324	kommenden	_	_	
77-25	36325-36333	Dienstag	_	_	
77-26	36334-36343	sämtliche	_	_	
77-27	36344-36354	Kandidaten	_	_	
77-28	36355-36358	für	_	_	
77-29	36359-36362	den	_	_	
77-30	36363-36382	Bundestagswahlkampf	_	_	
77-31	36383-36385	zu	_	_	
77-32	36386-36398	präsentieren	_	_	
77-33	36399-36400	-	_	_	
77-34	36401-36404	und	_	_	
77-35	36405-36410	somit	_	_	
77-36	36411-36415	auch	_	_	
77-37	36416-36421	jenen	_	_	
77-38	36422-36423	,	_	_	
77-39	36424-36427	der	_	_	
77-40	36428-36430	am	_	_	
77-41	36431-36433	27	_	_	
77-42	36434-36435	.	_	_	
77-43	36436-36445	September	_	_	
77-44	36446-36451	gegen	_	_	
77-45	36452-36460	Wolfgang	_	_	
77-46	36461-36468	Thierse	_	_	
77-47	36469-36470	(	_	_	
77-48	36471-36474	SPD	_	_	
77-49	36475-36476	)	_	_	
77-50	36477-36478	,	_	_	
77-51	36479-36485	Günter	_	_	
77-52	36486-36491	Nooke	_	_	
77-53	36492-36493	(	_	_	
77-54	36494-36497	CDU	_	_	
77-55	36498-36499	)	_	_	
77-56	36500-36503	und	_	_	
77-57	36504-36512	Marianne	_	_	
77-58	36513-36521	Birthler	_	_	
77-59	36522-36523	(	_	_	
77-60	36524-36536	Bündnisgrüne	_	_	
77-61	36537-36538	)	_	_	
77-62	36539-36542	ins	*->39-1	non-literal-mwe[39]	
77-63	36543-36549	Rennen	*->39-2	*[39]	
77-64	36550-36555	gehen	*->39-3	*[39]	
77-65	36556-36560	soll	_	_	
77-66	36561-36562	.	_	_	

#Text=In diesem Jahr werden erstmals Läufer , Rollstuhlfahrer und Inline-Skater gemeinsam ins 42,195 Kilometer lange Rennen gehen .
79-1	37479-37481	In	_	_	
79-2	37482-37488	diesem	_	_	
79-3	37489-37493	Jahr	_	_	
79-4	37494-37500	werden	_	_	
79-5	37501-37509	erstmals	_	_	
79-6	37510-37516	Läufer	_	_	
79-7	37517-37518	,	_	_	
79-8	37519-37534	Rollstuhlfahrer	_	_	
79-9	37535-37538	und	_	_	
79-10	37539-37552	Inline-Skater	_	_	
79-11	37553-37562	gemeinsam	_	_	
79-12	37563-37566	ins	*->40-1	literal[40]	
79-13	37567-37573	42,195	_	_	
79-14	37574-37583	Kilometer	_	_	
79-15	37584-37589	lange	_	_	
79-16	37590-37596	Rennen	*->40-2	*[40]	
79-17	37597-37602	gehen	*->40-3	*[40]	
79-18	37603-37604	.	_	_	

#Text=Gerhard Schröder geht nach seinem furiosen Sieg in Hannover nun auch gegen Kohl ins Rennen .
81-1	38084-38091	Gerhard	_	_	
81-2	38092-38100	Schröder	_	_	
81-3	38101-38105	geht	*->41-1	non-literal-mwe[41]	
81-4	38106-38110	nach	_	_	
81-5	38111-38117	seinem	_	_	
81-6	38118-38126	furiosen	_	_	
81-7	38127-38131	Sieg	_	_	
81-8	38132-38134	in	_	_	
81-9	38135-38143	Hannover	_	_	
81-10	38144-38147	nun	_	_	
81-11	38148-38152	auch	_	_	
81-12	38153-38158	gegen	_	_	
81-13	38159-38163	Kohl	_	_	
81-14	38164-38167	ins	*->41-2	*[41]	
81-15	38168-38174	Rennen	*->41-3	*[41]	
81-16	38175-38176	.	_	_	

#Text=An zwei oder drei Prozent weniger in Niedersachsen werde sich nicht entscheiden , wer für die SPD bundesweit ins Rennen geht .
83-1	38804-38806	An	_	_	
83-2	38807-38811	zwei	_	_	
83-3	38812-38816	oder	_	_	
83-4	38817-38821	drei	_	_	
83-5	38822-38829	Prozent	_	_	
83-6	38830-38837	weniger	_	_	
83-7	38838-38840	in	_	_	
83-8	38841-38854	Niedersachsen	_	_	
83-9	38855-38860	werde	_	_	
83-10	38861-38865	sich	_	_	
83-11	38866-38871	nicht	_	_	
83-12	38872-38883	entscheiden	_	_	
83-13	38884-38885	,	_	_	
83-14	38886-38889	wer	_	_	
83-15	38890-38893	für	_	_	
83-16	38894-38897	die	_	_	
83-17	38898-38901	SPD	_	_	
83-18	38902-38912	bundesweit	_	_	
83-19	38913-38916	ins	*->42-1	non-literal-mwe[42]	
83-20	38917-38923	Rennen	*->42-2	*[42]	
83-21	38924-38928	geht	*->42-3	*[42]	
83-22	38929-38930	.	_	_	

#Text=Oder geht man auf Nummer Sicher und läßt noch einmal den mittlerweile 68jährigen Urbaniak ins Rennen gehen , der in der nächsten Legislaturperiode gute Chancen hat , Alterspräsident des Bundestages zu werden ?
85-1	39736-39740	Oder	_	_	
85-2	39741-39745	geht	_	_	
85-3	39746-39749	man	_	_	
85-4	39750-39753	auf	_	_	
85-5	39754-39760	Nummer	_	_	
85-6	39761-39767	Sicher	_	_	
85-7	39768-39771	und	_	_	
85-8	39772-39776	läßt	_	_	
85-9	39777-39781	noch	_	_	
85-10	39782-39788	einmal	_	_	
85-11	39789-39792	den	_	_	
85-12	39793-39805	mittlerweile	_	_	
85-13	39806-39816	68jährigen	_	_	
85-14	39817-39825	Urbaniak	_	_	
85-15	39826-39829	ins	*->43-1	non-literal-mwe[43]	
85-16	39830-39836	Rennen	*->43-2	*[43]	
85-17	39837-39842	gehen	*->43-3	*[43]	
85-18	39843-39844	,	_	_	
85-19	39845-39848	der	_	_	
85-20	39849-39851	in	_	_	
85-21	39852-39855	der	_	_	
85-22	39856-39864	nächsten	_	_	
85-23	39865-39882	Legislaturperiode	_	_	
85-24	39883-39887	gute	_	_	
85-25	39888-39895	Chancen	_	_	
85-26	39896-39899	hat	_	_	
85-27	39900-39901	,	_	_	
85-28	39902-39917	Alterspräsident	_	_	
85-29	39918-39921	des	_	_	
85-30	39922-39933	Bundestages	_	_	
85-31	39934-39936	zu	_	_	
85-32	39937-39943	werden	_	_	
85-33	39944-39945	?	_	_	

#Text=Als Kandidat der SPD geht der Parteivize und das ostdeutsches Gewissen der Sozialdemokratie , Wolfgang Thierse , ins Rennen um ein Direktmandat , die Bündnisgrünen wollen von dort - nachdem Marianne Birthler nicht gegen Thierse kandidieren mag - dennoch eine Ostdeutsche in den Bundestag schicken .
87-1	40663-40666	Als	_	_	
87-2	40667-40675	Kandidat	_	_	
87-3	40676-40679	der	_	_	
87-4	40680-40683	SPD	_	_	
87-5	40684-40688	geht	*->44-1	non-literal-mwe[44]	
87-6	40689-40692	der	_	_	
87-7	40693-40703	Parteivize	_	_	
87-8	40704-40707	und	_	_	
87-9	40708-40711	das	_	_	
87-10	40712-40724	ostdeutsches	_	_	
87-11	40725-40733	Gewissen	_	_	
87-12	40734-40737	der	_	_	
87-13	40738-40754	Sozialdemokratie	_	_	
87-14	40755-40756	,	_	_	
87-15	40757-40765	Wolfgang	_	_	
87-16	40766-40773	Thierse	_	_	
87-17	40774-40775	,	_	_	
87-18	40776-40779	ins	*->44-2	*[44]	
87-19	40780-40786	Rennen	*->44-3	*[44]	
87-20	40787-40789	um	_	_	
87-21	40790-40793	ein	_	_	
87-22	40794-40806	Direktmandat	_	_	
87-23	40807-40808	,	_	_	
87-24	40809-40812	die	_	_	
87-25	40813-40826	Bündnisgrünen	_	_	
87-26	40827-40833	wollen	_	_	
87-27	40834-40837	von	_	_	
87-28	40838-40842	dort	_	_	
87-29	40843-40844	-	_	_	
87-30	40845-40852	nachdem	_	_	
87-31	40853-40861	Marianne	_	_	
87-32	40862-40870	Birthler	_	_	
87-33	40871-40876	nicht	_	_	
87-34	40877-40882	gegen	_	_	
87-35	40883-40890	Thierse	_	_	
87-36	40891-40902	kandidieren	_	_	
87-37	40903-40906	mag	_	_	
87-38	40907-40908	-	_	_	
87-39	40909-40916	dennoch	_	_	
87-40	40917-40921	eine	_	_	
87-41	40922-40933	Ostdeutsche	_	_	
87-42	40934-40936	in	_	_	
87-43	40937-40940	den	_	_	
87-44	40941-40950	Bundestag	_	_	
87-45	40951-40959	schicken	_	_	
87-46	40960-40961	.	_	_	

#Text=Der Giro-Sieger war schon mit einer Magen-Darm-Grippe ins Rennen gegangen , kassierte nach einem Schwächeanfall in der ersten Woche fast eine halbe Stunde Rückstand , hielt aber dennoch durch und ließ sich letzte Woche auch durch die Geburt seines Sohnes ( " er ist so häßlich wie ich " ) nicht stoppen .
89-1	41659-41662	Der	_	_	
89-2	41663-41674	Giro-Sieger	_	_	
89-3	41675-41678	war	_	_	
89-4	41679-41684	schon	_	_	
89-5	41685-41688	mit	_	_	
89-6	41689-41694	einer	_	_	
89-7	41695-41712	Magen-Darm-Grippe	_	_	
89-8	41713-41716	ins	*->45-1	literal[45]	
89-9	41717-41723	Rennen	*->45-2	*[45]	
89-10	41724-41732	gegangen	*->45-3	*[45]	
89-11	41733-41734	,	_	_	
89-12	41735-41744	kassierte	_	_	
89-13	41745-41749	nach	_	_	
89-14	41750-41755	einem	_	_	
89-15	41756-41770	Schwächeanfall	_	_	
89-16	41771-41773	in	_	_	
89-17	41774-41777	der	_	_	
89-18	41778-41784	ersten	_	_	
89-19	41785-41790	Woche	_	_	
89-20	41791-41795	fast	_	_	
89-21	41796-41800	eine	_	_	
89-22	41801-41806	halbe	_	_	
89-23	41807-41813	Stunde	_	_	
89-24	41814-41823	Rückstand	_	_	
89-25	41824-41825	,	_	_	
89-26	41826-41831	hielt	_	_	
89-27	41832-41836	aber	_	_	
89-28	41837-41844	dennoch	_	_	
89-29	41845-41850	durch	_	_	
89-30	41851-41854	und	_	_	
89-31	41855-41859	ließ	_	_	
89-32	41860-41864	sich	_	_	
89-33	41865-41871	letzte	_	_	
89-34	41872-41877	Woche	_	_	
89-35	41878-41882	auch	_	_	
89-36	41883-41888	durch	_	_	
89-37	41889-41892	die	_	_	
89-38	41893-41899	Geburt	_	_	
89-39	41900-41906	seines	_	_	
89-40	41907-41913	Sohnes	_	_	
89-41	41914-41915	(	_	_	
89-42	41916-41917	"	_	_	
89-43	41918-41920	er	_	_	
89-44	41921-41924	ist	_	_	
89-45	41925-41927	so	_	_	
89-46	41928-41935	häßlich	_	_	
89-47	41936-41939	wie	_	_	
89-48	41940-41943	ich	_	_	
89-49	41944-41945	"	_	_	
89-50	41946-41947	)	_	_	
89-51	41948-41953	nicht	_	_	
89-52	41954-41961	stoppen	_	_	
89-53	41962-41963	.	_	_	

#Text=In der PDS-Hochburg Marzahn / Hellersdorf wird die stellvertretende Kreisvorsitzende von Marzahn , Kerstin Raschke , ins Rennen gehen .
91-1	43127-43129	In	_	_	
91-2	43130-43133	der	_	_	
91-3	43134-43146	PDS-Hochburg	_	_	
91-4	43147-43154	Marzahn	_	_	
91-5	43155-43156	/	_	_	
91-6	43157-43168	Hellersdorf	_	_	
91-7	43169-43173	wird	_	_	
91-8	43174-43177	die	_	_	
91-9	43178-43194	stellvertretende	_	_	
91-10	43195-43211	Kreisvorsitzende	_	_	
91-11	43212-43215	von	_	_	
91-12	43216-43223	Marzahn	_	_	
91-13	43224-43225	,	_	_	
91-14	43226-43233	Kerstin	_	_	
91-15	43234-43241	Raschke	_	_	
91-16	43242-43243	,	_	_	
91-17	43244-43247	ins	*->46-1	non-literal-mwe[46]	
91-18	43248-43254	Rennen	*->46-2	*[46]	
91-19	43255-43260	gehen	*->46-3	*[46]	
91-20	43261-43262	.	_	_	

#Text=Stuttgart ( dpa ) - Der Deutsche Leichtathletik-Verband ( DLV ) muß bei den Hallen-Weltmeisterschaften vom 7 . bis 9 . März in Paris ohne Dieter Baumann ins Rennen gehen .
93-1	43772-43781	Stuttgart	_	_	
93-2	43782-43783	(	_	_	
93-3	43784-43787	dpa	_	_	
93-4	43788-43789	)	_	_	
93-5	43790-43791	-	_	_	
93-6	43792-43795	Der	_	_	
93-7	43796-43804	Deutsche	_	_	
93-8	43805-43827	Leichtathletik-Verband	_	_	
93-9	43828-43829	(	_	_	
93-10	43830-43833	DLV	_	_	
93-11	43834-43835	)	_	_	
93-12	43836-43839	muß	_	_	
93-13	43840-43843	bei	_	_	
93-14	43844-43847	den	_	_	
93-15	43848-43874	Hallen-Weltmeisterschaften	_	_	
93-16	43875-43878	vom	_	_	
93-17	43879-43880	7	_	_	
93-18	43881-43882	.	_	_	
93-19	43883-43886	bis	_	_	
93-20	43887-43888	9	_	_	
93-21	43889-43890	.	_	_	
93-22	43891-43895	März	_	_	
93-23	43896-43898	in	_	_	
93-24	43899-43904	Paris	_	_	
93-25	43905-43909	ohne	_	_	
93-26	43910-43916	Dieter	_	_	
93-27	43917-43924	Baumann	_	_	
93-28	43925-43928	ins	*->47-1	literal[47]	
93-29	43929-43935	Rennen	*->47-2	*[47]	
93-30	43936-43941	gehen	*->47-3	*[47]	
93-31	43942-43943	.	_	_	

#Text=Streppelhoff / Hoeltzenbein gingen nach der Devise " alles oder nichts " in das Rennen und legten mit einer 38er-Schlagfrequenz los .
95-1	44579-44591	Streppelhoff	_	_	
95-2	44592-44593	/	_	_	
95-3	44594-44606	Hoeltzenbein	_	_	
95-4	44607-44613	gingen	*->48-1	literal[48]	
95-5	44614-44618	nach	_	_	
95-6	44619-44622	der	_	_	
95-7	44623-44629	Devise	_	_	
95-8	44630-44631	"	_	_	
95-9	44632-44637	alles	_	_	
95-10	44638-44642	oder	_	_	
95-11	44643-44649	nichts	_	_	
95-12	44650-44651	"	_	_	
95-13	44652-44654	in	*->48-2	*[48]	
95-14	44655-44658	das	_	_	
95-15	44659-44665	Rennen	*->48-3	*[48]	
95-16	44666-44669	und	_	_	
95-17	44670-44676	legten	_	_	
95-18	44677-44680	mit	_	_	
95-19	44681-44686	einer	_	_	
95-20	44687-44706	38er-Schlagfrequenz	_	_	
95-21	44707-44710	los	_	_	
95-22	44711-44712	.	_	_	

#Text=Blauauge Paul Newman sowie Regisseur und Autor Robert Benton könnten mit " Nobody 's Fool " ins Rennen gehen , und Sir Anthony Hopkins ' Leistung in " Willkommen in Welville " gilt als stark oscarverdächtig .
97-1	45603-45611	Blauauge	_	_	
97-2	45612-45616	Paul	_	_	
97-3	45617-45623	Newman	_	_	
97-4	45624-45629	sowie	_	_	
97-5	45630-45639	Regisseur	_	_	
97-6	45640-45643	und	_	_	
97-7	45644-45649	Autor	_	_	
97-8	45650-45656	Robert	_	_	
97-9	45657-45663	Benton	_	_	
97-10	45664-45671	könnten	_	_	
97-11	45672-45675	mit	_	_	
97-12	45676-45677	"	_	_	
97-13	45678-45684	Nobody	_	_	
97-14	45685-45687	's	_	_	
97-15	45688-45692	Fool	_	_	
97-16	45693-45694	"	_	_	
97-17	45695-45698	ins	*->49-1	non-literal-mwe[49]	
97-18	45699-45705	Rennen	*->49-2	*[49]	
97-19	45706-45711	gehen	*->49-3	*[49]	
97-20	45712-45713	,	_	_	
97-21	45714-45717	und	_	_	
97-22	45718-45721	Sir	_	_	
97-23	45722-45729	Anthony	_	_	
97-24	45730-45737	Hopkins	_	_	
97-25	45738-45739	'	_	_	
97-26	45740-45748	Leistung	_	_	
97-27	45749-45751	in	_	_	
97-28	45752-45753	"	_	_	
97-29	45754-45764	Willkommen	_	_	
97-30	45765-45767	in	_	_	
97-31	45768-45776	Welville	_	_	
97-32	45777-45778	"	_	_	
97-33	45779-45783	gilt	_	_	
97-34	45784-45787	als	_	_	
97-35	45788-45793	stark	_	_	
97-36	45794-45809	oscarverdächtig	_	_	
97-37	45810-45811	.	_	_	

#Text=Er geht nun mit dem Stigma eines Verlierers in dieses Rennen - falls sich der 78jährige Politiker überhaupt noch der Wahl stellt .
99-1	47340-47342	Er	_	_	
99-2	47343-47347	geht	*->50-1	non-literal-mwe[50]	
99-3	47348-47351	nun	_	_	
99-4	47352-47355	mit	_	_	
99-5	47356-47359	dem	_	_	
99-6	47360-47366	Stigma	_	_	
99-7	47367-47372	eines	_	_	
99-8	47373-47383	Verlierers	_	_	
99-9	47384-47386	in	*->50-2	*[50]	
99-10	47387-47393	dieses	_	_	
99-11	47394-47400	Rennen	*->50-3	*[50]	
99-12	47401-47402	-	_	_	
99-13	47403-47408	falls	_	_	
99-14	47409-47413	sich	_	_	
99-15	47414-47417	der	_	_	
99-16	47418-47427	78jährige	_	_	
99-17	47428-47437	Politiker	_	_	
99-18	47438-47447	überhaupt	_	_	
99-19	47448-47452	noch	_	_	
99-20	47453-47456	der	_	_	
99-21	47457-47461	Wahl	_	_	
99-22	47462-47468	stellt	_	_	
99-23	47469-47470	.	_	_	

#Text=Jetzt geht der HTHC nach nur einer Niederlage in der Bundesliga gegen Halbfinalgegner Limburger HC sowie Titelverteidiger Rot-Weiß Köln und Feldmeister Dürkheimer HC , die sich im zweiten Semifinale gegenüberstehen , als Favorit ins Rennen .
101-1	48473-48478	Jetzt	_	_	
101-2	48479-48483	geht	*->51-1	non-literal-mwe[51]	
101-3	48484-48487	der	_	_	
101-4	48488-48492	HTHC	_	_	
101-5	48493-48497	nach	_	_	
101-6	48498-48501	nur	_	_	
101-7	48502-48507	einer	_	_	
101-8	48508-48518	Niederlage	_	_	
101-9	48519-48521	in	_	_	
101-10	48522-48525	der	_	_	
101-11	48526-48536	Bundesliga	_	_	
101-12	48537-48542	gegen	_	_	
101-13	48543-48558	Halbfinalgegner	_	_	
101-14	48559-48568	Limburger	_	_	
101-15	48569-48571	HC	_	_	
101-16	48572-48577	sowie	_	_	
101-17	48578-48594	Titelverteidiger	_	_	
101-18	48595-48603	Rot-Weiß	_	_	
101-19	48604-48608	Köln	_	_	
101-20	48609-48612	und	_	_	
101-21	48613-48624	Feldmeister	_	_	
101-22	48625-48635	Dürkheimer	_	_	
101-23	48636-48638	HC	_	_	
101-24	48639-48640	,	_	_	
101-25	48641-48644	die	_	_	
101-26	48645-48649	sich	_	_	
101-27	48650-48652	im	_	_	
101-28	48653-48660	zweiten	_	_	
101-29	48661-48671	Semifinale	_	_	
101-30	48672-48687	gegenüberstehen	_	_	
101-31	48688-48689	,	_	_	
101-32	48690-48693	als	_	_	
101-33	48694-48701	Favorit	_	_	
101-34	48702-48705	ins	*->51-2	*[51]	
101-35	48706-48712	Rennen	*->51-3	*[51]	
101-36	48713-48714	.	_	_	

#Text=Für die SPD geht in Berlin-Mitte Wolfgang Thierse ins Rennen .
103-1	49448-49451	Für	_	_	
103-2	49452-49455	die	_	_	
103-3	49456-49459	SPD	_	_	
103-4	49460-49464	geht	*->52-1	non-literal-mwe[52]	
103-5	49465-49467	in	_	_	
103-6	49468-49480	Berlin-Mitte	_	_	
103-7	49481-49489	Wolfgang	_	_	
103-8	49490-49497	Thierse	_	_	
103-9	49498-49501	ins	*->52-2	*[52]	
103-10	49502-49508	Rennen	*->52-3	*[52]	
103-11	49509-49510	.	_	_	

#Text=Die Nummer zwei in Golfdeutschland ging gut ins Rennen , fiel am Schluß aber noch auf Rang 55 zurück und resümierte : " Es war schlimmer als schrecklich .
105-1	49990-49993	Die	_	_	
105-2	49994-50000	Nummer	_	_	
105-3	50001-50005	zwei	_	_	
105-4	50006-50008	in	_	_	
105-5	50009-50024	Golfdeutschland	_	_	
105-6	50025-50029	ging	*->53-1	non-literal-mwe[53]	
105-7	50030-50033	gut	_	_	
105-8	50034-50037	ins	*->53-2	*[53]	
105-9	50038-50044	Rennen	*->53-3	*[53]	
105-10	50045-50046	,	_	_	
105-11	50047-50051	fiel	_	_	
105-12	50052-50054	am	_	_	
105-13	50055-50061	Schluß	_	_	
105-14	50062-50066	aber	_	_	
105-15	50067-50071	noch	_	_	
105-16	50072-50075	auf	_	_	
105-17	50076-50080	Rang	_	_	
105-18	50081-50083	55	_	_	
105-19	50084-50090	zurück	_	_	
105-20	50091-50094	und	_	_	
105-21	50095-50105	resümierte	_	_	
105-22	50106-50107	:	_	_	
105-23	50108-50109	"	_	_	
105-24	50110-50112	Es	_	_	
105-25	50113-50116	war	_	_	
105-26	50117-50126	schlimmer	_	_	
105-27	50127-50130	als	_	_	
105-28	50131-50142	schrecklich	_	_	
105-29	50143-50144	.	_	_	

#Text=Darf Finanzsenator Manfred Fluß nach dem Absturz als Bürgermeisterkandidat jetzt bald wieder in seiner Firma Regenwürmer einführen , oder geht er als Bürgerschaftspräsident ins Rennen ?
107-1	50856-50860	Darf	_	_	
107-2	50861-50874	Finanzsenator	_	_	
107-3	50875-50882	Manfred	_	_	
107-4	50883-50887	Fluß	_	_	
107-5	50888-50892	nach	_	_	
107-6	50893-50896	dem	_	_	
107-7	50897-50904	Absturz	_	_	
107-8	50905-50908	als	_	_	
107-9	50909-50930	Bürgermeisterkandidat	_	_	
107-10	50931-50936	jetzt	_	_	
107-11	50937-50941	bald	_	_	
107-12	50942-50948	wieder	_	_	
107-13	50949-50951	in	_	_	
107-14	50952-50958	seiner	_	_	
107-15	50959-50964	Firma	_	_	
107-16	50965-50976	Regenwürmer	*->63-1	non-literal[63]	
107-17	50977-50986	einführen	*->63-2	non-literal[63]	
107-18	50987-50988	,	_	_	
107-19	50989-50993	oder	_	_	
107-20	50994-50998	geht	*->54-1	non-literal-mwe[54]	
107-21	50999-51001	er	_	_	
107-22	51002-51005	als	_	_	
107-23	51006-51028	Bürgerschaftspräsident	_	_	
107-24	51029-51032	ins	*->54-2	*[54]	
107-25	51033-51039	Rennen	*->54-3	*[54]	
107-26	51040-51041	?	_	_	

#Text=Die Ökologisch- Demokratische Partei ( ÖDP ) , stramm auf Anti-Abtreibungs- Kurs , geht mit einer Landesliste ins Rennen , schaffte es aber mangels Personal nur zur Aufstellung von Wahlkreisbewerbern in 8 der 24 Berliner Bezirke .
109-1	51526-51529	Die	_	_	
109-2	51530-51541	Ökologisch-	_	_	
109-3	51542-51555	Demokratische	_	_	
109-4	51556-51562	Partei	_	_	
109-5	51563-51564	(	_	_	
109-6	51565-51568	ÖDP	_	_	
109-7	51569-51570	)	_	_	
109-8	51571-51572	,	_	_	
109-9	51573-51579	stramm	_	_	
109-10	51580-51583	auf	_	_	
109-11	51584-51601	Anti-Abtreibungs-	_	_	
109-12	51602-51606	Kurs	_	_	
109-13	51607-51608	,	_	_	
109-14	51609-51613	geht	*->55-1	non-literal-mwe[55]	
109-15	51614-51617	mit	_	_	
109-16	51618-51623	einer	_	_	
109-17	51624-51635	Landesliste	_	_	
109-18	51636-51639	ins	*->55-2	*[55]	
109-19	51640-51646	Rennen	*->55-3	*[55]	
109-20	51647-51648	,	_	_	
109-21	51649-51657	schaffte	_	_	
109-22	51658-51660	es	_	_	
109-23	51661-51665	aber	_	_	
109-24	51666-51673	mangels	_	_	
109-25	51674-51682	Personal	_	_	
109-26	51683-51686	nur	_	_	
109-27	51687-51690	zur	_	_	
109-28	51691-51702	Aufstellung	_	_	
109-29	51703-51706	von	_	_	
109-30	51707-51725	Wahlkreisbewerbern	_	_	
109-31	51726-51728	in	_	_	
109-32	51729-51730	8	_	_	
109-33	51731-51734	der	_	_	
109-34	51735-51737	24	_	_	
109-35	51738-51746	Berliner	_	_	
109-36	51747-51754	Bezirke	_	_	
109-37	51755-51756	.	_	_	

#Text=In über 70 Städten und Kommunen , so schätzt der Deutsche Städtetag , wollen lokale Unternehmen mit rechtlich eigenständigen Gesellschaften ins Rennen gehen .
111-1	52823-52825	In	_	_	
111-2	52826-52830	über	_	_	
111-3	52831-52833	70	_	_	
111-4	52834-52841	Städten	_	_	
111-5	52842-52845	und	_	_	
111-6	52846-52854	Kommunen	_	_	
111-7	52855-52856	,	_	_	
111-8	52857-52859	so	_	_	
111-9	52860-52867	schätzt	_	_	
111-10	52868-52871	der	_	_	
111-11	52872-52880	Deutsche	_	_	
111-12	52881-52890	Städtetag	_	_	
111-13	52891-52892	,	_	_	
111-14	52893-52899	wollen	_	_	
111-15	52900-52906	lokale	_	_	
111-16	52907-52918	Unternehmen	_	_	
111-17	52919-52922	mit	_	_	
111-18	52923-52932	rechtlich	_	_	
111-19	52933-52947	eigenständigen	_	_	
111-20	52948-52962	Gesellschaften	_	_	
111-21	52963-52966	ins	*->56-1	non-literal-mwe[56]	
111-22	52967-52973	Rennen	*->56-2	*[56]	
111-23	52974-52979	gehen	*->56-3	*[56]	
111-24	52980-52981	.	_	_	

#Text=Die meisten stellen einfach neue Kreditforderungen , so als sei die Arbeiterpartei noch an der Macht , andere gehen gleich richtig ins kapitalistische Rennen , stürzen sich in finanzielle Transaktionen und fangen , ohne alle Gewissensbisse , die wildesten Börsenspekulationen an .
113-1	53858-53861	Die	_	_	
113-2	53862-53869	meisten	_	_	
113-3	53870-53877	stellen	_	_	
113-4	53878-53885	einfach	_	_	
113-5	53886-53890	neue	_	_	
113-6	53891-53908	Kreditforderungen	_	_	
113-7	53909-53910	,	_	_	
113-8	53911-53913	so	_	_	
113-9	53914-53917	als	_	_	
113-10	53918-53921	sei	_	_	
113-11	53922-53925	die	_	_	
113-12	53926-53940	Arbeiterpartei	_	_	
113-13	53941-53945	noch	_	_	
113-14	53946-53948	an	_	_	
113-15	53949-53952	der	_	_	
113-16	53953-53958	Macht	_	_	
113-17	53959-53960	,	_	_	
113-18	53961-53967	andere	_	_	
113-19	53968-53973	gehen	*->57-1	non-literal-mwe[57]	
113-20	53974-53980	gleich	_	_	
113-21	53981-53988	richtig	_	_	
113-22	53989-53992	ins	*->57-2	*[57]	
113-23	53993-54008	kapitalistische	_	_	
113-24	54009-54015	Rennen	*->57-3	*[57]	
113-25	54016-54017	,	_	_	
113-26	54018-54025	stürzen	_	_	
113-27	54026-54030	sich	_	_	
113-28	54031-54033	in	_	_	
113-29	54034-54045	finanzielle	_	_	
113-30	54046-54059	Transaktionen	_	_	
113-31	54060-54063	und	_	_	
113-32	54064-54070	fangen	_	_	
113-33	54071-54072	,	_	_	
113-34	54073-54077	ohne	_	_	
113-35	54078-54082	alle	_	_	
113-36	54083-54097	Gewissensbisse	_	_	
113-37	54098-54099	,	_	_	
113-38	54100-54103	die	_	_	
113-39	54104-54113	wildesten	_	_	
113-40	54114-54133	Börsenspekulationen	_	_	
113-41	54134-54136	an	_	_	
113-42	54137-54138	.	_	_	

#Text=Die Frauen , die ins politische Rennen gingen , leiden unter akuter Atemnot in der dünnen Luft der Macht oder haben sich ganz aus dem " Kriegsgebiet " der Frauenpolitik zurückgezogen .
115-1	55033-55036	Die	_	_	
115-2	55037-55043	Frauen	_	_	
115-3	55044-55045	,	_	_	
115-4	55046-55049	die	_	_	
115-5	55050-55053	ins	*->58-1	non-literal-mwe[58]	
115-6	55054-55064	politische	_	_	
115-7	55065-55071	Rennen	*->58-2	*[58]	
115-8	55072-55078	gingen	*->58-3	*[58]	
115-9	55079-55080	,	_	_	
115-10	55081-55087	leiden	_	_	
115-11	55088-55093	unter	_	_	
115-12	55094-55100	akuter	_	_	
115-13	55101-55108	Atemnot	_	_	
115-14	55109-55111	in	_	_	
115-15	55112-55115	der	_	_	
115-16	55116-55122	dünnen	_	_	
115-17	55123-55127	Luft	_	_	
115-18	55128-55131	der	_	_	
115-19	55132-55137	Macht	_	_	
115-20	55138-55142	oder	_	_	
115-21	55143-55148	haben	_	_	
115-22	55149-55153	sich	_	_	
115-23	55154-55158	ganz	_	_	
115-24	55159-55162	aus	_	_	
115-25	55163-55166	dem	_	_	
115-26	55167-55168	"	_	_	
115-27	55169-55181	Kriegsgebiet	_	_	
115-28	55182-55183	"	_	_	
115-29	55184-55187	der	_	_	
115-30	55188-55201	Frauenpolitik	_	_	
115-31	55202-55215	zurückgezogen	_	_	
115-32	55216-55217	.	_	_	

#Text=Zeitgleich ging auch Hamburg ins Rennen , nachdem GAL-Umweltsenator Alexander Porschke das Umwelt-Glück in die landeseigene Lottogesellschaft puschte .
119-1	57365-57375	Zeitgleich	_	_	
119-2	57376-57380	ging	*->60-1	non-literal-mwe[60]	
119-3	57381-57385	auch	_	_	
119-4	57386-57393	Hamburg	_	_	
119-5	57394-57397	ins	*->60-2	*[60]	
119-6	57398-57404	Rennen	*->60-3	*[60]	
119-7	57405-57406	,	_	_	
119-8	57407-57414	nachdem	_	_	
119-9	57415-57432	GAL-Umweltsenator	_	_	
119-10	57433-57442	Alexander	_	_	
119-11	57443-57451	Porschke	_	_	
119-12	57452-57455	das	_	_	
119-13	57456-57468	Umwelt-Glück	_	_	
119-14	57469-57471	in	_	_	
119-15	57472-57475	die	_	_	
119-16	57476-57488	landeseigene	_	_	
119-17	57489-57506	Lottogesellschaft	_	_	
119-18	57507-57514	puschte	_	_	
119-19	57515-57516	.	_	_	

#Text=Mit Walter Momper , so lautet ihre Hoffnung , wird einer ins Rennen gehen , der nicht nur den Schröder-Effekt in die Hauptstadt bringen , sondern den Wählern den Willen zu einem rot-grünen Wechsel als einziger glaubhaft vermitteln kann .
121-1	58722-58725	Mit	_	_	
121-2	58726-58732	Walter	_	_	
121-3	58733-58739	Momper	_	_	
121-4	58740-58741	,	_	_	
121-5	58742-58744	so	_	_	
121-6	58745-58751	lautet	_	_	
121-7	58752-58756	ihre	_	_	
121-8	58757-58765	Hoffnung	_	_	
121-9	58766-58767	,	_	_	
121-10	58768-58772	wird	_	_	
121-11	58773-58778	einer	_	_	
121-12	58779-58782	ins	*->61-1	non-literal-mwe[61]	
121-13	58783-58789	Rennen	*->61-2	*[61]	
121-14	58790-58795	gehen	*->61-3	*[61]	
121-15	58796-58797	,	_	_	
121-16	58798-58801	der	_	_	
121-17	58802-58807	nicht	_	_	
121-18	58808-58811	nur	_	_	
121-19	58812-58815	den	_	_	
121-20	58816-58831	Schröder-Effekt	_	_	
121-21	58832-58834	in	_	_	
121-22	58835-58838	die	_	_	
121-23	58839-58849	Hauptstadt	_	_	
121-24	58850-58857	bringen	_	_	
121-25	58858-58859	,	_	_	
121-26	58860-58867	sondern	_	_	
121-27	58868-58871	den	_	_	
121-28	58872-58879	Wählern	_	_	
121-29	58880-58883	den	_	_	
121-30	58884-58890	Willen	_	_	
121-31	58891-58893	zu	_	_	
121-32	58894-58899	einem	_	_	
121-33	58900-58910	rot-grünen	_	_	
121-34	58911-58918	Wechsel	_	_	
121-35	58919-58922	als	_	_	
121-36	58923-58931	einziger	_	_	
121-37	58932-58941	glaubhaft	_	_	
121-38	58942-58952	vermitteln	_	_	
121-39	58953-58957	kann	_	_	
121-40	58958-58959	.	_	_	

#Text=Die jetzige Lübecker Umweltsenatorin Beate Hoffmann ( parteilos ) soll für die CDU in das Rennen um das Bürgermeisteramt der Stadt gehen .
123-1	59698-59701	Die	_	_	
123-2	59702-59709	jetzige	_	_	
123-3	59710-59718	Lübecker	_	_	
123-4	59719-59734	Umweltsenatorin	_	_	
123-5	59735-59740	Beate	_	_	
123-6	59741-59749	Hoffmann	_	_	
123-7	59750-59751	(	_	_	
123-8	59752-59761	parteilos	_	_	
123-9	59762-59763	)	_	_	
123-10	59764-59768	soll	_	_	
123-11	59769-59772	für	_	_	
123-12	59773-59776	die	_	_	
123-13	59777-59780	CDU	_	_	
123-14	59781-59783	in	*->62-1	non-literal-mwe[62]	
123-15	59784-59787	das	_	_	
123-16	59788-59794	Rennen	*->62-2	*[62]	
123-17	59795-59797	um	_	_	
123-18	59798-59801	das	_	_	
123-19	59802-59818	Bürgermeisteramt	_	_	
123-20	59819-59822	der	_	_	
123-21	59823-59828	Stadt	_	_	
123-22	59829-59834	gehen	*->62-3	*[62]	
123-23	59835-59836	.	_	_	

