#Text=Denn die Konferenz für Sicherheit und Zusammenarbeit in Europa , beim Pariser Gipfel noch von Euphorie getragen , steht jetzt im Schatten der Nato .
1-1	0-4	Denn	_	_	
1-2	5-8	die	_	_	
1-3	9-18	Konferenz	_	_	
1-4	19-22	für	_	_	
1-5	23-33	Sicherheit	_	_	
1-6	34-37	und	_	_	
1-7	38-52	Zusammenarbeit	_	_	
1-8	53-55	in	_	_	
1-9	56-62	Europa	_	_	
1-10	63-64	,	_	_	
1-11	65-69	beim	_	_	
1-12	70-77	Pariser	_	_	
1-13	78-84	Gipfel	_	_	
1-14	85-89	noch	_	_	
1-15	90-93	von	_	_	
1-16	94-102	Euphorie	_	_	
1-17	103-111	getragen	_	_	
1-18	112-113	,	_	_	
1-19	114-119	steht	*->1-1	non-literal-mwe[1]	
1-20	120-125	jetzt	_	_	
1-21	126-128	im	*->1-2	*[1]	
1-22	129-137	Schatten	*->1-3	*[1]	
1-23	138-141	der	_	_	
1-24	142-146	Nato	_	_	
1-25	147-148	.	_	_	

#Text=In der touristischen Bekanntheitsskala steht die Marken weit im Schatten des benachbarten Umbrien oder der Toskana .
3-1	501-503	In	_	_	
3-2	504-507	der	_	_	
3-3	508-521	touristischen	_	_	
3-4	522-539	Bekanntheitsskala	_	_	
3-5	540-545	steht	*->2-1	non-literal-mwe[2]	
3-6	546-549	die	_	_	
3-7	550-556	Marken	_	_	
3-8	557-561	weit	_	_	
3-9	562-564	im	*->2-2	*[2]	
3-10	565-573	Schatten	*->2-3	*[2]	
3-11	574-577	des	_	_	
3-12	578-590	benachbarten	_	_	
3-13	591-598	Umbrien	_	_	
3-14	599-603	oder	_	_	
3-15	604-607	der	_	_	
3-16	608-615	Toskana	_	_	
3-17	616-617	.	_	_	

#Text=Und dort im Schatten der Laterne stand er , den Pinsel mit dunkler Farbe noch in der Hand , das schwarze Lederjöppchen über dem eher schmalen Rücken .
5-1	1616-1619	Und	_	_	
5-2	1620-1624	dort	_	_	
5-3	1625-1627	im	*->3-1	literal[3]	
5-4	1628-1636	Schatten	*->3-2	*[3]	
5-5	1637-1640	der	_	_	
5-6	1641-1648	Laterne	_	_	
5-7	1649-1654	stand	*->3-3	*[3]	
5-8	1655-1657	er	_	_	
5-9	1658-1659	,	_	_	
5-10	1660-1663	den	_	_	
5-11	1664-1670	Pinsel	_	_	
5-12	1671-1674	mit	_	_	
5-13	1675-1682	dunkler	_	_	
5-14	1683-1688	Farbe	_	_	
5-15	1689-1693	noch	_	_	
5-16	1694-1696	in	_	_	
5-17	1697-1700	der	_	_	
5-18	1701-1705	Hand	_	_	
5-19	1706-1707	,	_	_	
5-20	1708-1711	das	_	_	
5-21	1712-1720	schwarze	_	_	
5-22	1721-1734	Lederjöppchen	_	_	
5-23	1735-1739	über	_	_	
5-24	1740-1743	dem	_	_	
5-25	1744-1748	eher	_	_	
5-26	1749-1757	schmalen	_	_	
5-27	1758-1764	Rücken	_	_	
5-28	1765-1766	.	_	_	

#Text=Alle konsumnahen und technischen Bereiche liegen auf der Sonnenseite , während die Vorstufen im Schatten stehen , sagte Wolf Dieter Kruse , Präsident von Gesamttextil , am Montag in Frankfurt .
7-1	2026-2030	Alle	_	_	
7-2	2031-2042	konsumnahen	_	_	
7-3	2043-2046	und	_	_	
7-4	2047-2058	technischen	_	_	
7-5	2059-2067	Bereiche	_	_	
7-6	2068-2074	liegen	_	_	
7-7	2075-2078	auf	_	_	
7-8	2079-2082	der	_	_	
7-9	2083-2094	Sonnenseite	_	_	
7-10	2095-2096	,	_	_	
7-11	2097-2104	während	_	_	
7-12	2105-2108	die	_	_	
7-13	2109-2118	Vorstufen	_	_	
7-14	2119-2121	im	*->4-1	non-literal-mwe[4]	
7-15	2122-2130	Schatten	*->4-2	*[4]	
7-16	2131-2137	stehen	*->4-3	*[4]	
7-17	2138-2139	,	_	_	
7-18	2140-2145	sagte	_	_	
7-19	2146-2150	Wolf	_	_	
7-20	2151-2157	Dieter	_	_	
7-21	2158-2163	Kruse	_	_	
7-22	2164-2165	,	_	_	
7-23	2166-2175	Präsident	_	_	
7-24	2176-2179	von	_	_	
7-25	2180-2192	Gesamttextil	_	_	
7-26	2193-2194	,	_	_	
7-27	2195-2197	am	_	_	
7-28	2198-2204	Montag	_	_	
7-29	2205-2207	in	_	_	
7-30	2208-2217	Frankfurt	_	_	
7-31	2218-2219	.	_	_	

#Text=Wieso denn nicht den Firmen jetzt das Ruder geben , die von vornherein keine oder nur wenig Rüstungsgüter produziert haben , ihnen den Lohn dafür geben , daß sie sich nicht in das schmutzige Geschäft gehängt haben und dafür , daß sie jahre- , jahrzehntelang im Schatten der Rüstungsgiganten standen ?
9-1	2811-2816	Wieso	_	_	
9-2	2817-2821	denn	_	_	
9-3	2822-2827	nicht	_	_	
9-4	2828-2831	den	_	_	
9-5	2832-2838	Firmen	_	_	
9-6	2839-2844	jetzt	_	_	
9-7	2845-2848	das	_	_	
9-8	2849-2854	Ruder	*->61-1	non-literal[61]	
9-9	2855-2860	geben	*->61-2	non-literal[61]	
9-10	2861-2862	,	_	_	
9-11	2863-2866	die	_	_	
9-12	2867-2870	von	_	_	
9-13	2871-2881	vornherein	_	_	
9-14	2882-2887	keine	_	_	
9-15	2888-2892	oder	_	_	
9-16	2893-2896	nur	_	_	
9-17	2897-2902	wenig	_	_	
9-18	2903-2916	Rüstungsgüter	_	_	
9-19	2917-2927	produziert	_	_	
9-20	2928-2933	haben	_	_	
9-21	2934-2935	,	_	_	
9-22	2936-2941	ihnen	_	_	
9-23	2942-2945	den	_	_	
9-24	2946-2950	Lohn	_	_	
9-25	2951-2956	dafür	_	_	
9-26	2957-2962	geben	_	_	
9-27	2963-2964	,	_	_	
9-28	2965-2968	daß	_	_	
9-29	2969-2972	sie	_	_	
9-30	2973-2977	sich	_	_	
9-31	2978-2983	nicht	_	_	
9-32	2984-2986	in	_	_	
9-33	2987-2990	das	_	_	
9-34	2991-3001	schmutzige	_	_	
9-35	3002-3010	Geschäft	_	_	
9-36	3011-3018	gehängt	_	_	
9-37	3019-3024	haben	_	_	
9-38	3025-3028	und	_	_	
9-39	3029-3034	dafür	_	_	
9-40	3035-3036	,	_	_	
9-41	3037-3040	daß	_	_	
9-42	3041-3044	sie	_	_	
9-43	3045-3051	jahre-	_	_	
9-44	3052-3053	,	_	_	
9-45	3054-3068	jahrzehntelang	_	_	
9-46	3069-3071	im	*->5-1	non-literal-mwe[5]	
9-47	3072-3080	Schatten	*->5-2	*[5]	
9-48	3081-3084	der	_	_	
9-49	3085-3101	Rüstungsgiganten	_	_	
9-50	3102-3109	standen	*->5-3	*[5]	
9-51	3110-3111	?	_	_	

#Text=Gipfeltreffen der Staats- und Regierungschefs in Luxemburg stand im Schatten der Jugoslawien-Krise
11-1	3922-3935	Gipfeltreffen	_	_	
11-2	3936-3939	der	_	_	
11-3	3940-3947	Staats-	_	_	
11-4	3948-3951	und	_	_	
11-5	3952-3967	Regierungschefs	_	_	
11-6	3968-3970	in	_	_	
11-7	3971-3980	Luxemburg	_	_	
11-8	3981-3986	stand	*->6-1	non-literal-mwe[6]	
11-9	3987-3989	im	*->6-2	*[6]	
11-10	3990-3998	Schatten	*->6-3	*[6]	
11-11	3999-4002	der	_	_	
11-12	4003-4020	Jugoslawien-Krise	_	_	

#Text=Stets im Schatten des großen Yannick Noah stehend , hatten seine Erfolge in Frankreich nie die gebührende Anerkennung gefunden , und selbst , als er 1988 ins Finale der French Open vordrang , bekam er nach einer glatten Dreisatzniederlage gegen Mats Wilander nichts als Schmähungen und gellende Pfiffe zu hören .
13-1	4120-4125	Stets	_	_	
13-2	4126-4128	im	*->7-1	non-literal-mwe[7]	
13-3	4129-4137	Schatten	*->7-2	*[7]	
13-4	4138-4141	des	_	_	
13-5	4142-4148	großen	_	_	
13-6	4149-4156	Yannick	_	_	
13-7	4157-4161	Noah	_	_	
13-8	4162-4169	stehend	*->7-3	*[7]	
13-9	4170-4171	,	_	_	
13-10	4172-4178	hatten	_	_	
13-11	4179-4184	seine	_	_	
13-12	4185-4192	Erfolge	_	_	
13-13	4193-4195	in	_	_	
13-14	4196-4206	Frankreich	_	_	
13-15	4207-4210	nie	_	_	
13-16	4211-4214	die	_	_	
13-17	4215-4225	gebührende	_	_	
13-18	4226-4237	Anerkennung	_	_	
13-19	4238-4246	gefunden	_	_	
13-20	4247-4248	,	_	_	
13-21	4249-4252	und	_	_	
13-22	4253-4259	selbst	_	_	
13-23	4260-4261	,	_	_	
13-24	4262-4265	als	_	_	
13-25	4266-4268	er	_	_	
13-26	4269-4273	1988	_	_	
13-27	4274-4277	ins	_	_	
13-28	4278-4284	Finale	_	_	
13-29	4285-4288	der	_	_	
13-30	4289-4295	French	_	_	
13-31	4296-4300	Open	_	_	
13-32	4301-4309	vordrang	_	_	
13-33	4310-4311	,	_	_	
13-34	4312-4317	bekam	_	_	
13-35	4318-4320	er	_	_	
13-36	4321-4325	nach	_	_	
13-37	4326-4331	einer	_	_	
13-38	4332-4339	glatten	_	_	
13-39	4340-4358	Dreisatzniederlage	_	_	
13-40	4359-4364	gegen	_	_	
13-41	4365-4369	Mats	_	_	
13-42	4370-4378	Wilander	_	_	
13-43	4379-4385	nichts	_	_	
13-44	4386-4389	als	_	_	
13-45	4390-4401	Schmähungen	_	_	
13-46	4402-4405	und	_	_	
13-47	4406-4414	gellende	_	_	
13-48	4415-4421	Pfiffe	_	_	
13-49	4422-4424	zu	_	_	
13-50	4425-4430	hören	_	_	
13-51	4431-4432	.	_	_	

#Text=Damit steht sie im Frauenfußball noch im Schatten von Carolina Morace , die in Kürze als erste Spielerin der Welt ihr 100 .
15-1	5371-5376	Damit	_	_	
15-2	5377-5382	steht	*->8-1	non-literal-mwe[8]	
15-3	5383-5386	sie	_	_	
15-4	5387-5389	im	_	_	
15-5	5390-5403	Frauenfußball	_	_	
15-6	5404-5408	noch	_	_	
15-7	5409-5411	im	*->8-2	*[8]	
15-8	5412-5420	Schatten	*->8-3	*[8]	
15-9	5421-5424	von	_	_	
15-10	5425-5433	Carolina	_	_	
15-11	5434-5440	Morace	_	_	
15-12	5441-5442	,	_	_	
15-13	5443-5446	die	_	_	
15-14	5447-5449	in	_	_	
15-15	5450-5455	Kürze	_	_	
15-16	5456-5459	als	_	_	
15-17	5460-5465	erste	_	_	
15-18	5466-5475	Spielerin	_	_	
15-19	5476-5479	der	_	_	
15-20	5480-5484	Welt	_	_	
15-21	5485-5488	ihr	_	_	
15-22	5489-5492	100	_	_	
15-23	5493-5494	.	_	_	

#Text=Drewermann , der eben noch die Rolle seines eigenen Priesterideals auf der Kanzel gespielt hat , steht jetzt im Schatten ( in spürbarer Nähe ) zum Redner , sein warmer Blick ruht konzentriert auf ihm , als der mit gebrochener Stimme fragt : " Aber woher nehme ich die Kraft , meinen Mitmenschen und mir selbst wirklich zu begegnen ?
17-1	5943-5953	Drewermann	_	_	
17-2	5954-5955	,	_	_	
17-3	5956-5959	der	_	_	
17-4	5960-5964	eben	_	_	
17-5	5965-5969	noch	_	_	
17-6	5970-5973	die	_	_	
17-7	5974-5979	Rolle	_	_	
17-8	5980-5986	seines	_	_	
17-9	5987-5994	eigenen	_	_	
17-10	5995-6009	Priesterideals	_	_	
17-11	6010-6013	auf	_	_	
17-12	6014-6017	der	_	_	
17-13	6018-6024	Kanzel	_	_	
17-14	6025-6033	gespielt	_	_	
17-15	6034-6037	hat	_	_	
17-16	6038-6039	,	_	_	
17-17	6040-6045	steht	*->9-1	non-literal-mwe[9]	
17-18	6046-6051	jetzt	_	_	
17-19	6052-6054	im	*->9-2	*[9]	
17-20	6055-6063	Schatten	*->9-3	*[9]	
17-21	6064-6065	(	_	_	
17-22	6066-6068	in	_	_	
17-23	6069-6078	spürbarer	_	_	
17-24	6079-6083	Nähe	_	_	
17-25	6084-6085	)	_	_	
17-26	6086-6089	zum	_	_	
17-27	6090-6096	Redner	_	_	
17-28	6097-6098	,	_	_	
17-29	6099-6103	sein	_	_	
17-30	6104-6110	warmer	_	_	
17-31	6111-6116	Blick	_	_	
17-32	6117-6121	ruht	_	_	
17-33	6122-6134	konzentriert	_	_	
17-34	6135-6138	auf	_	_	
17-35	6139-6142	ihm	_	_	
17-36	6143-6144	,	_	_	
17-37	6145-6148	als	_	_	
17-38	6149-6152	der	_	_	
17-39	6153-6156	mit	_	_	
17-40	6157-6168	gebrochener	_	_	
17-41	6169-6175	Stimme	_	_	
17-42	6176-6181	fragt	_	_	
17-43	6182-6183	:	_	_	
17-44	6184-6185	"	_	_	
17-45	6186-6190	Aber	_	_	
17-46	6191-6196	woher	_	_	
17-47	6197-6202	nehme	_	_	
17-48	6203-6206	ich	_	_	
17-49	6207-6210	die	_	_	
17-50	6211-6216	Kraft	_	_	
17-51	6217-6218	,	_	_	
17-52	6219-6225	meinen	_	_	
17-53	6226-6237	Mitmenschen	_	_	
17-54	6238-6241	und	_	_	
17-55	6242-6245	mir	_	_	
17-56	6246-6252	selbst	_	_	
17-57	6253-6261	wirklich	_	_	
17-58	6262-6264	zu	_	_	
17-59	6265-6273	begegnen	_	_	
17-60	6274-6275	?	_	_	

#Text=Trotzdem stand Angouleme 91 weithin im Schatten des Infernos am Golf : Sowenig Besucher wie lange nicht mehr ( bis dato : mehr als 250.000 ) , verschärfte Sicherheitskontrollen an den Eingängen und nervöse Sicherheitskräfte prägten die Atmosphäre dieses ohnehin in ( intern bedingter ) Endzeitstimmung abgehaltenen europäischen Comic-Ereignisses .
19-1	7729-7737	Trotzdem	_	_	
19-2	7738-7743	stand	*->10-1	non-literal-mwe[10]	
19-3	7744-7753	Angouleme	_	_	
19-4	7754-7756	91	_	_	
19-5	7757-7764	weithin	_	_	
19-6	7765-7767	im	*->10-2	*[10]	
19-7	7768-7776	Schatten	*->10-3	*[10]	
19-8	7777-7780	des	_	_	
19-9	7781-7789	Infernos	_	_	
19-10	7790-7792	am	_	_	
19-11	7793-7797	Golf	_	_	
19-12	7798-7799	:	_	_	
19-13	7800-7807	Sowenig	_	_	
19-14	7808-7816	Besucher	_	_	
19-15	7817-7820	wie	_	_	
19-16	7821-7826	lange	_	_	
19-17	7827-7832	nicht	_	_	
19-18	7833-7837	mehr	_	_	
19-19	7838-7839	(	_	_	
19-20	7840-7843	bis	_	_	
19-21	7844-7848	dato	_	_	
19-22	7849-7850	:	_	_	
19-23	7851-7855	mehr	_	_	
19-24	7856-7859	als	_	_	
19-25	7860-7867	250.000	_	_	
19-26	7868-7869	)	_	_	
19-27	7870-7871	,	_	_	
19-28	7872-7883	verschärfte	_	_	
19-29	7884-7905	Sicherheitskontrollen	_	_	
19-30	7906-7908	an	_	_	
19-31	7909-7912	den	_	_	
19-32	7913-7922	Eingängen	_	_	
19-33	7923-7926	und	_	_	
19-34	7927-7934	nervöse	_	_	
19-35	7935-7952	Sicherheitskräfte	_	_	
19-36	7953-7960	prägten	_	_	
19-37	7961-7964	die	_	_	
19-38	7965-7975	Atmosphäre	_	_	
19-39	7976-7982	dieses	_	_	
19-40	7983-7990	ohnehin	_	_	
19-41	7991-7993	in	_	_	
19-42	7994-7995	(	_	_	
19-43	7996-8002	intern	_	_	
19-44	8003-8012	bedingter	_	_	
19-45	8013-8014	)	_	_	
19-46	8015-8030	Endzeitstimmung	_	_	
19-47	8031-8043	abgehaltenen	_	_	
19-48	8044-8056	europäischen	_	_	
19-49	8057-8074	Comic-Ereignisses	_	_	
19-50	8075-8076	.	_	_	

#Text=In Nina Grosses Tote leben nicht allein ist es die sensibele Vera Bergmann ( Myriem Roussel ) , die ihr ganzes Leben im Schatten ihrer dominanten Cousine Simone ( Judith Pfistner ) stand .
21-1	8756-8758	In	_	_	
21-2	8759-8763	Nina	_	_	
21-3	8764-8771	Grosses	_	_	
21-4	8772-8776	Tote	_	_	
21-5	8777-8782	leben	_	_	
21-6	8783-8788	nicht	_	_	
21-7	8789-8795	allein	_	_	
21-8	8796-8799	ist	_	_	
21-9	8800-8802	es	_	_	
21-10	8803-8806	die	_	_	
21-11	8807-8816	sensibele	_	_	
21-12	8817-8821	Vera	_	_	
21-13	8822-8830	Bergmann	_	_	
21-14	8831-8832	(	_	_	
21-15	8833-8839	Myriem	_	_	
21-16	8840-8847	Roussel	_	_	
21-17	8848-8849	)	_	_	
21-18	8850-8851	,	_	_	
21-19	8852-8855	die	_	_	
21-20	8856-8859	ihr	_	_	
21-21	8860-8866	ganzes	_	_	
21-22	8867-8872	Leben	_	_	
21-23	8873-8875	im	*->11-1	non-literal-mwe[11]	
21-24	8876-8884	Schatten	*->11-2	*[11]	
21-25	8885-8890	ihrer	_	_	
21-26	8891-8901	dominanten	_	_	
21-27	8902-8909	Cousine	_	_	
21-28	8910-8916	Simone	_	_	
21-29	8917-8918	(	_	_	
21-30	8919-8925	Judith	_	_	
21-31	8926-8934	Pfistner	_	_	
21-32	8935-8936	)	_	_	
21-33	8937-8942	stand	*->11-3	*[11]	
21-34	8943-8944	.	_	_	

#Text=Doch sie war in der Leipziger Zeit die politisch Aktivere , stand keineswegs im Schatten des großen Philosophen .
23-1	9483-9487	Doch	_	_	
23-2	9488-9491	sie	_	_	
23-3	9492-9495	war	_	_	
23-4	9496-9498	in	_	_	
23-5	9499-9502	der	_	_	
23-6	9503-9512	Leipziger	_	_	
23-7	9513-9517	Zeit	_	_	
23-8	9518-9521	die	_	_	
23-9	9522-9531	politisch	_	_	
23-10	9532-9540	Aktivere	_	_	
23-11	9541-9542	,	_	_	
23-12	9543-9548	stand	*->12-1	non-literal-mwe[12]	
23-13	9549-9559	keineswegs	_	_	
23-14	9560-9562	im	*->12-2	*[12]	
23-15	9563-9571	Schatten	*->12-3	*[12]	
23-16	9572-9575	des	_	_	
23-17	9576-9582	großen	_	_	
23-18	9583-9594	Philosophen	_	_	
23-19	9595-9596	.	_	_	

#Text=Letztere steht ganz im Schatten der DDR-Volkskammerwahlen , die CSU-Prominenz hält sich mehr bei ihren DSU-Parteifreunden in Sachsen und Thüringen auf als in heimischen Gefilden .
25-1	10480-10488	Letztere	_	_	
25-2	10489-10494	steht	*->13-1	non-literal-mwe[13]	
25-3	10495-10499	ganz	_	_	
25-4	10500-10502	im	*->13-2	*[13]	
25-5	10503-10511	Schatten	*->13-3	*[13]	
25-6	10512-10515	der	_	_	
25-7	10516-10537	DDR-Volkskammerwahlen	_	_	
25-8	10538-10539	,	_	_	
25-9	10540-10543	die	_	_	
25-10	10544-10557	CSU-Prominenz	_	_	
25-11	10558-10562	hält	_	_	
25-12	10563-10567	sich	_	_	
25-13	10568-10572	mehr	_	_	
25-14	10573-10576	bei	_	_	
25-15	10577-10582	ihren	_	_	
25-16	10583-10601	DSU-Parteifreunden	_	_	
25-17	10602-10604	in	_	_	
25-18	10605-10612	Sachsen	_	_	
25-19	10613-10616	und	_	_	
25-20	10617-10626	Thüringen	_	_	
25-21	10627-10630	auf	_	_	
25-22	10631-10634	als	_	_	
25-23	10635-10637	in	_	_	
25-24	10638-10648	heimischen	_	_	
25-25	10649-10657	Gefilden	_	_	
25-26	10658-10659	.	_	_	

#Text=Doch zum Abschluß eines verkorksten Jahres , in dem die Partei der Spaltung nahe war , sich in der Deutschlandpolitik nahezu abgemeldet hat und in der öffentlichen Wahrnehmung im Schatten stand , gilt allerorts die Parole " runterkochen " .
27-1	11443-11447	Doch	_	_	
27-2	11448-11451	zum	_	_	
27-3	11452-11460	Abschluß	_	_	
27-4	11461-11466	eines	_	_	
27-5	11467-11478	verkorksten	_	_	
27-6	11479-11485	Jahres	_	_	
27-7	11486-11487	,	_	_	
27-8	11488-11490	in	_	_	
27-9	11491-11494	dem	_	_	
27-10	11495-11498	die	_	_	
27-11	11499-11505	Partei	_	_	
27-12	11506-11509	der	_	_	
27-13	11510-11518	Spaltung	_	_	
27-14	11519-11523	nahe	_	_	
27-15	11524-11527	war	_	_	
27-16	11528-11529	,	_	_	
27-17	11530-11534	sich	_	_	
27-18	11535-11537	in	_	_	
27-19	11538-11541	der	_	_	
27-20	11542-11560	Deutschlandpolitik	_	_	
27-21	11561-11567	nahezu	_	_	
27-22	11568-11578	abgemeldet	_	_	
27-23	11579-11582	hat	_	_	
27-24	11583-11586	und	_	_	
27-25	11587-11589	in	_	_	
27-26	11590-11593	der	_	_	
27-27	11594-11606	öffentlichen	_	_	
27-28	11607-11618	Wahrnehmung	_	_	
27-29	11619-11621	im	*->14-1	non-literal-mwe[14]	
27-30	11622-11630	Schatten	*->14-2	*[14]	
27-31	11631-11636	stand	*->14-3	*[14]	
27-32	11637-11638	,	_	_	
27-33	11639-11643	gilt	_	_	
27-34	11644-11653	allerorts	_	_	
27-35	11654-11657	die	_	_	
27-36	11658-11664	Parole	_	_	
27-37	11665-11666	"	_	_	
27-38	11667-11679	runterkochen	_	_	
27-39	11680-11681	"	_	_	
27-40	11682-11683	.	_	_	

#Text=» Die sitzen in der Sonne , und ich stehe im Schatten « , erregt er sich - in seiner Küche das Mahl für die Ersatzgruppe bereitend .
29-1	12742-12743	»	_	_	
29-2	12744-12747	Die	_	_	
29-3	12748-12754	sitzen	_	_	
29-4	12755-12757	in	_	_	
29-5	12758-12761	der	_	_	
29-6	12762-12767	Sonne	_	_	
29-7	12768-12769	,	_	_	
29-8	12770-12773	und	_	_	
29-9	12774-12777	ich	_	_	
29-10	12778-12783	stehe	*->15-1	non-literal-mwe[15]	
29-11	12784-12786	im	*->15-2	*[15]	
29-12	12787-12795	Schatten	*->15-3	*[15]	
29-13	12796-12797	«	_	_	
29-14	12798-12799	,	_	_	
29-15	12800-12806	erregt	_	_	
29-16	12807-12809	er	_	_	
29-17	12810-12814	sich	_	_	
29-18	12815-12816	-	_	_	
29-19	12817-12819	in	_	_	
29-20	12820-12826	seiner	_	_	
29-21	12827-12832	Küche	_	_	
29-22	12833-12836	das	_	_	
29-23	12837-12841	Mahl	_	_	
29-24	12842-12845	für	_	_	
29-25	12846-12849	die	_	_	
29-26	12850-12862	Ersatzgruppe	_	_	
29-27	12863-12872	bereitend	_	_	
29-28	12873-12874	.	_	_	

#Text=Mit etwa 25 neu zu besetzenden Stellen im Orchester wird es bei den Berliner Philharmonikern in den nächsten vier Jahren einen größeren Wechsel geben , der aber im Schatten der gegenwärtigen schweren Finanzprobleme der Stadt steht : Im öffentlichen Dienst Berlins gibt es zur Zeit eine Stellensperre .
31-1	14028-14031	Mit	_	_	
31-2	14032-14036	etwa	_	_	
31-3	14037-14039	25	_	_	
31-4	14040-14043	neu	_	_	
31-5	14044-14046	zu	_	_	
31-6	14047-14058	besetzenden	_	_	
31-7	14059-14066	Stellen	_	_	
31-8	14067-14069	im	_	_	
31-9	14070-14079	Orchester	_	_	
31-10	14080-14084	wird	_	_	
31-11	14085-14087	es	_	_	
31-12	14088-14091	bei	_	_	
31-13	14092-14095	den	_	_	
31-14	14096-14104	Berliner	_	_	
31-15	14105-14120	Philharmonikern	_	_	
31-16	14121-14123	in	_	_	
31-17	14124-14127	den	_	_	
31-18	14128-14136	nächsten	_	_	
31-19	14137-14141	vier	_	_	
31-20	14142-14148	Jahren	_	_	
31-21	14149-14154	einen	_	_	
31-22	14155-14163	größeren	_	_	
31-23	14164-14171	Wechsel	_	_	
31-24	14172-14177	geben	_	_	
31-25	14178-14179	,	_	_	
31-26	14180-14183	der	_	_	
31-27	14184-14188	aber	_	_	
31-28	14189-14191	im	*->16-1	non-literal-mwe[16]	
31-29	14192-14200	Schatten	*->16-2	*[16]	
31-30	14201-14204	der	_	_	
31-31	14205-14218	gegenwärtigen	_	_	
31-32	14219-14227	schweren	_	_	
31-33	14228-14242	Finanzprobleme	_	_	
31-34	14243-14246	der	_	_	
31-35	14247-14252	Stadt	_	_	
31-36	14253-14258	steht	*->16-3	*[16]	
31-37	14259-14260	:	_	_	
31-38	14261-14263	Im	_	_	
31-39	14264-14276	öffentlichen	_	_	
31-40	14277-14283	Dienst	_	_	
31-41	14284-14291	Berlins	_	_	
31-42	14292-14296	gibt	_	_	
31-43	14297-14299	es	_	_	
31-44	14300-14303	zur	_	_	
31-45	14304-14308	Zeit	_	_	
31-46	14309-14313	eine	_	_	
31-47	14314-14327	Stellensperre	_	_	
31-48	14328-14329	.	_	_	

#Text=Bierkästen stehen noch halb voll unter den Sitzbänken im Schatten , Kühltruhen im Mittelgang , Scherben schwimmen in Bierpfützen .
33-1	15604-15614	Bierkästen	_	_	
33-2	15615-15621	stehen	*->17-1	literal[17]	
33-3	15622-15626	noch	_	_	
33-4	15627-15631	halb	_	_	
33-5	15632-15636	voll	_	_	
33-6	15637-15642	unter	_	_	
33-7	15643-15646	den	_	_	
33-8	15647-15657	Sitzbänken	_	_	
33-9	15658-15660	im	*->17-2	*[17]	
33-10	15661-15669	Schatten	*->17-3	*[17]	
33-11	15670-15671	,	_	_	
33-12	15672-15682	Kühltruhen	_	_	
33-13	15683-15685	im	_	_	
33-14	15686-15696	Mittelgang	_	_	
33-15	15697-15698	,	_	_	
33-16	15699-15707	Scherben	_	_	
33-17	15708-15717	schwimmen	_	_	
33-18	15718-15720	in	_	_	
33-19	15721-15732	Bierpfützen	_	_	
33-20	15733-15734	.	_	_	

#Text=Im Schatten riesiger Bambusstauden steht ein Dutzend Bewaffneter , Frauen und Kinder drängen sich in den Türen der zehn Hütten .
35-1	16426-16428	Im	*->18-1	literal[18]	
35-2	16429-16437	Schatten	*->18-2	*[18]	
35-3	16438-16446	riesiger	_	_	
35-4	16447-16460	Bambusstauden	_	_	
35-5	16461-16466	steht	*->18-3	*[18]	
35-6	16467-16470	ein	_	_	
35-7	16471-16478	Dutzend	_	_	
35-8	16479-16490	Bewaffneter	_	_	
35-9	16491-16492	,	_	_	
35-10	16493-16499	Frauen	_	_	
35-11	16500-16503	und	_	_	
35-12	16504-16510	Kinder	_	_	
35-13	16511-16518	drängen	_	_	
35-14	16519-16523	sich	_	_	
35-15	16524-16526	in	_	_	
35-16	16527-16530	den	_	_	
35-17	16531-16536	Türen	_	_	
35-18	16537-16540	der	_	_	
35-19	16541-16545	zehn	_	_	
35-20	16546-16552	Hütten	_	_	
35-21	16553-16554	.	_	_	

#Text=Am Bergisel in Innsbruck stand Thoma wie die Vertreter fast aller anderen Nationen eindeutig im Schatten der Österreicher , die getragen vom Jubel der 25.000 Zuschauer , der Konkurrenz davonflogen .
37-1	17063-17065	Am	_	_	
37-2	17066-17074	Bergisel	_	_	
37-3	17075-17077	in	_	_	
37-4	17078-17087	Innsbruck	_	_	
37-5	17088-17093	stand	*->19-1	non-literal-mwe[19]	
37-6	17094-17099	Thoma	_	_	
37-7	17100-17103	wie	_	_	
37-8	17104-17107	die	_	_	
37-9	17108-17117	Vertreter	_	_	
37-10	17118-17122	fast	_	_	
37-11	17123-17128	aller	_	_	
37-12	17129-17136	anderen	_	_	
37-13	17137-17145	Nationen	_	_	
37-14	17146-17155	eindeutig	_	_	
37-15	17156-17158	im	*->19-2	*[19]	
37-16	17159-17167	Schatten	*->19-3	*[19]	
37-17	17168-17171	der	_	_	
37-18	17172-17184	Österreicher	_	_	
37-19	17185-17186	,	_	_	
37-20	17187-17190	die	_	_	
37-21	17191-17199	getragen	_	_	
37-22	17200-17203	vom	_	_	
37-23	17204-17209	Jubel	_	_	
37-24	17210-17213	der	_	_	
37-25	17214-17220	25.000	_	_	
37-26	17221-17230	Zuschauer	_	_	
37-27	17231-17232	,	_	_	
37-28	17233-17236	der	_	_	
37-29	17237-17247	Konkurrenz	_	_	
37-30	17248-17259	davonflogen	_	_	
37-31	17260-17261	.	_	_	

#Text=Ebner , als Junioren-Nationaltorwart vom VfL Günzburg gekommen , stand in Essen immer im Schatten von Nationaltorhüter Stefan Hecker .
39-1	18170-18175	Ebner	_	_	
39-2	18176-18177	,	_	_	
39-3	18178-18181	als	_	_	
39-4	18182-18206	Junioren-Nationaltorwart	_	_	
39-5	18207-18210	vom	_	_	
39-6	18211-18214	VfL	_	_	
39-7	18215-18223	Günzburg	_	_	
39-8	18224-18232	gekommen	_	_	
39-9	18233-18234	,	_	_	
39-10	18235-18240	stand	*->20-1	non-literal-mwe[20]	
39-11	18241-18243	in	_	_	
39-12	18244-18249	Essen	_	_	
39-13	18250-18255	immer	_	_	
39-14	18256-18258	im	*->20-2	*[20]	
39-15	18259-18267	Schatten	*->20-3	*[20]	
39-16	18268-18271	von	_	_	
39-17	18272-18288	Nationaltorhüter	_	_	
39-18	18289-18295	Stefan	_	_	
39-19	18296-18302	Hecker	_	_	
39-20	18303-18304	.	_	_	

#Text=Schön , dieses Ensemble in Berlin zu hören , steht es doch manchmal , obwohl längst auf allen wichtigen Festivals präsent , ein wenig im Schatten des ebenfalls in Köln ansässigen Ensemble Modern .
41-1	18873-18878	Schön	_	_	
41-2	18879-18880	,	_	_	
41-3	18881-18887	dieses	_	_	
41-4	18888-18896	Ensemble	_	_	
41-5	18897-18899	in	_	_	
41-6	18900-18906	Berlin	_	_	
41-7	18907-18909	zu	_	_	
41-8	18910-18915	hören	_	_	
41-9	18916-18917	,	_	_	
41-10	18918-18923	steht	*->21-1	non-literal-mwe[21]	
41-11	18924-18926	es	_	_	
41-12	18927-18931	doch	_	_	
41-13	18932-18940	manchmal	_	_	
41-14	18941-18942	,	_	_	
41-15	18943-18949	obwohl	_	_	
41-16	18950-18956	längst	_	_	
41-17	18957-18960	auf	_	_	
41-18	18961-18966	allen	_	_	
41-19	18967-18976	wichtigen	_	_	
41-20	18977-18986	Festivals	_	_	
41-21	18987-18994	präsent	_	_	
41-22	18995-18996	,	_	_	
41-23	18997-19000	ein	_	_	
41-24	19001-19006	wenig	_	_	
41-25	19007-19009	im	*->21-2	*[21]	
41-26	19010-19018	Schatten	*->21-3	*[21]	
41-27	19019-19022	des	_	_	
41-28	19023-19032	ebenfalls	_	_	
41-29	19033-19035	in	_	_	
41-30	19036-19040	Köln	_	_	
41-31	19041-19051	ansässigen	_	_	
41-32	19052-19060	Ensemble	_	_	
41-33	19061-19067	Modern	_	_	
41-34	19068-19069	.	_	_	

#Text=Das verschafft an dieser Stelle die Gelegenheit , durchaus ebenbürtige Persönlichkeiten des öffentlichen Lebens vorzustellen , die bislang in Quayles Schatten standen .
43-1	19384-19387	Das	_	_	
43-2	19388-19398	verschafft	_	_	
43-3	19399-19401	an	_	_	
43-4	19402-19408	dieser	_	_	
43-5	19409-19415	Stelle	_	_	
43-6	19416-19419	die	_	_	
43-7	19420-19431	Gelegenheit	_	_	
43-8	19432-19433	,	_	_	
43-9	19434-19442	durchaus	_	_	
43-10	19443-19454	ebenbürtige	_	_	
43-11	19455-19471	Persönlichkeiten	_	_	
43-12	19472-19475	des	_	_	
43-13	19476-19488	öffentlichen	_	_	
43-14	19489-19495	Lebens	_	_	
43-15	19496-19508	vorzustellen	_	_	
43-16	19509-19510	,	_	_	
43-17	19511-19514	die	_	_	
43-18	19515-19522	bislang	_	_	
43-19	19523-19525	in	*->22-1	non-literal-mwe[22]	
43-20	19526-19533	Quayles	_	_	
43-21	19534-19542	Schatten	*->22-2	*[22]	
43-22	19543-19550	standen	*->22-3	*[22]	
43-23	19551-19552	.	_	_	

#Text=Marktlage gibt das Stichwort für einen weiteren Themenschwerpunkt , der ein wenig im Schatten der " Formerneuerer " stand : Die Stimmung in Ostdeutschland wurde mal neorealistisch ( " Eine Hunds-Lektion " von Achim Scholz ) gespiegelt , mal im poetischen Realismus mit den " Birnen von Ribbeck " ( Friedrich Christian Delius ) heraufbeschworen .
45-1	20044-20053	Marktlage	_	_	
45-2	20054-20058	gibt	_	_	
45-3	20059-20062	das	_	_	
45-4	20063-20072	Stichwort	_	_	
45-5	20073-20076	für	_	_	
45-6	20077-20082	einen	_	_	
45-7	20083-20091	weiteren	_	_	
45-8	20092-20109	Themenschwerpunkt	_	_	
45-9	20110-20111	,	_	_	
45-10	20112-20115	der	_	_	
45-11	20116-20119	ein	_	_	
45-12	20120-20125	wenig	_	_	
45-13	20126-20128	im	*->23-1	non-literal-mwe[23]	
45-14	20129-20137	Schatten	*->23-2	*[23]	
45-15	20138-20141	der	_	_	
45-16	20142-20143	"	_	_	
45-17	20144-20157	Formerneuerer	_	_	
45-18	20158-20159	"	_	_	
45-19	20160-20165	stand	*->23-3	*[23]	
45-20	20166-20167	:	_	_	
45-21	20168-20171	Die	_	_	
45-22	20172-20180	Stimmung	_	_	
45-23	20181-20183	in	_	_	
45-24	20184-20198	Ostdeutschland	_	_	
45-25	20199-20204	wurde	_	_	
45-26	20205-20208	mal	_	_	
45-27	20209-20223	neorealistisch	_	_	
45-28	20224-20225	(	_	_	
45-29	20226-20227	"	_	_	
45-30	20228-20232	Eine	_	_	
45-31	20233-20246	Hunds-Lektion	_	_	
45-32	20247-20248	"	_	_	
45-33	20249-20252	von	_	_	
45-34	20253-20258	Achim	_	_	
45-35	20259-20265	Scholz	_	_	
45-36	20266-20267	)	_	_	
45-37	20268-20278	gespiegelt	_	_	
45-38	20279-20280	,	_	_	
45-39	20281-20284	mal	_	_	
45-40	20285-20287	im	_	_	
45-41	20288-20298	poetischen	_	_	
45-42	20299-20308	Realismus	_	_	
45-43	20309-20312	mit	_	_	
45-44	20313-20316	den	_	_	
45-45	20317-20318	"	_	_	
45-46	20319-20325	Birnen	_	_	
45-47	20326-20329	von	_	_	
45-48	20330-20337	Ribbeck	_	_	
45-49	20338-20339	"	_	_	
45-50	20340-20341	(	_	_	
45-51	20342-20351	Friedrich	_	_	
45-52	20352-20361	Christian	_	_	
45-53	20362-20368	Delius	_	_	
45-54	20369-20370	)	_	_	
45-55	20371-20387	heraufbeschworen	_	_	
45-56	20388-20389	.	_	_	

#Text=Alles , was in den folgenden Jahren bei Manchester United geschah , stand im Schatten dieser Tragödie .
47-1	21281-21286	Alles	_	_	
47-2	21287-21288	,	_	_	
47-3	21289-21292	was	_	_	
47-4	21293-21295	in	_	_	
47-5	21296-21299	den	_	_	
47-6	21300-21309	folgenden	_	_	
47-7	21310-21316	Jahren	_	_	
47-8	21317-21320	bei	_	_	
47-9	21321-21331	Manchester	_	_	
47-10	21332-21338	United	_	_	
47-11	21339-21346	geschah	_	_	
47-12	21347-21348	,	_	_	
47-13	21349-21354	stand	*->24-1	non-literal-mwe[24]	
47-14	21355-21357	im	*->24-2	*[24]	
47-15	21358-21366	Schatten	*->24-3	*[24]	
47-16	21367-21373	dieser	_	_	
47-17	21374-21382	Tragödie	_	_	
47-18	21383-21384	.	_	_	

#Text=Rund 190 Zeichnungen Modersohns , der gewöhnlich im Schatten seiner populäreren Frau , der Malerin Paula Becker-Modersohn steht , zeigt vom Sonntag an bis zum 30 . Oktober das Westfälische Landesmuseum in Münster .
49-1	21865-21869	Rund	_	_	
49-2	21870-21873	190	_	_	
49-3	21874-21885	Zeichnungen	_	_	
49-4	21886-21896	Modersohns	_	_	
49-5	21897-21898	,	_	_	
49-6	21899-21902	der	_	_	
49-7	21903-21913	gewöhnlich	_	_	
49-8	21914-21916	im	*->25-1	non-literal-mwe[25]	
49-9	21917-21925	Schatten	*->25-2	*[25]	
49-10	21926-21932	seiner	_	_	
49-11	21933-21944	populäreren	_	_	
49-12	21945-21949	Frau	_	_	
49-13	21950-21951	,	_	_	
49-14	21952-21955	der	_	_	
49-15	21956-21963	Malerin	_	_	
49-16	21964-21969	Paula	_	_	
49-17	21970-21986	Becker-Modersohn	_	_	
49-18	21987-21992	steht	*->25-3	*[25]	
49-19	21993-21994	,	_	_	
49-20	21995-22000	zeigt	_	_	
49-21	22001-22004	vom	_	_	
49-22	22005-22012	Sonntag	_	_	
49-23	22013-22015	an	_	_	
49-24	22016-22019	bis	_	_	
49-25	22020-22023	zum	_	_	
49-26	22024-22026	30	_	_	
49-27	22027-22028	.	_	_	
49-28	22029-22036	Oktober	_	_	
49-29	22037-22040	das	_	_	
49-30	22041-22053	Westfälische	_	_	
49-31	22054-22066	Landesmuseum	_	_	
49-32	22067-22069	in	_	_	
49-33	22070-22077	Münster	_	_	
49-34	22078-22079	.	_	_	

#Text=" Ich habe keine Lust im Schatten einer spekulativen und skandalösen Arbeit wie Martin Scorseses Film ' The Last Temptation of Christ ` ( der ebenfalls in Venedig uraufgeführt wird ) zu stehen .
51-1	22741-22742	"	_	_	
51-2	22743-22746	Ich	_	_	
51-3	22747-22751	habe	_	_	
51-4	22752-22757	keine	_	_	
51-5	22758-22762	Lust	_	_	
51-6	22763-22765	im	*->26-1	non-literal-mwe[26]	
51-7	22766-22774	Schatten	*->26-2	*[26]	
51-8	22775-22780	einer	_	_	
51-9	22781-22793	spekulativen	_	_	
51-10	22794-22797	und	_	_	
51-11	22798-22809	skandalösen	_	_	
51-12	22810-22816	Arbeit	_	_	
51-13	22817-22820	wie	_	_	
51-14	22821-22827	Martin	_	_	
51-15	22828-22837	Scorseses	_	_	
51-16	22838-22842	Film	_	_	
51-17	22843-22844	'	_	_	
51-18	22845-22848	The	_	_	
51-19	22849-22853	Last	_	_	
51-20	22854-22864	Temptation	_	_	
51-21	22865-22867	of	_	_	
51-22	22868-22874	Christ	_	_	
51-23	22875-22876	`	_	_	
51-24	22877-22878	(	_	_	
51-25	22879-22882	der	_	_	
51-26	22883-22892	ebenfalls	_	_	
51-27	22893-22895	in	_	_	
51-28	22896-22903	Venedig	_	_	
51-29	22904-22916	uraufgeführt	_	_	
51-30	22917-22921	wird	_	_	
51-31	22922-22923	)	_	_	
51-32	22924-22926	zu	_	_	
51-33	22927-22933	stehen	*->26-3	*[26]	
51-34	22934-22935	.	_	_	

#Text=Damit bringt sich eine Behörde in Erinnerung , die seit Etablierung der Koalition immer im Schatten des Umweltministeriums stand und deshalb häufig herbe Kritik einstecken mußte .
53-1	23841-23846	Damit	_	_	
53-2	23847-23853	bringt	_	_	
53-3	23854-23858	sich	_	_	
53-4	23859-23863	eine	_	_	
53-5	23864-23871	Behörde	_	_	
53-6	23872-23874	in	_	_	
53-7	23875-23885	Erinnerung	_	_	
53-8	23886-23887	,	_	_	
53-9	23888-23891	die	_	_	
53-10	23892-23896	seit	_	_	
53-11	23897-23908	Etablierung	_	_	
53-12	23909-23912	der	_	_	
53-13	23913-23922	Koalition	_	_	
53-14	23923-23928	immer	_	_	
53-15	23929-23931	im	*->27-1	non-literal-mwe[27]	
53-16	23932-23940	Schatten	*->27-2	*[27]	
53-17	23941-23944	des	_	_	
53-18	23945-23963	Umweltministeriums	_	_	
53-19	23964-23969	stand	*->27-3	*[27]	
53-20	23970-23973	und	_	_	
53-21	23974-23981	deshalb	_	_	
53-22	23982-23988	häufig	_	_	
53-23	23989-23994	herbe	_	_	
53-24	23995-24001	Kritik	_	_	
53-25	24002-24012	einstecken	_	_	
53-26	24013-24018	mußte	_	_	
53-27	24019-24020	.	_	_	

#Text=" Hilfe für Drogenabhängige darf nicht im Schatten strafrechtlicher Verfolgung stehen " , heißt es zum Beispiel in der drogenpolitischen Positionsbestimmung , wie etliche europäische Städte sie fordern .
55-1	24515-24516	"	_	_	
55-2	24517-24522	Hilfe	_	_	
55-3	24523-24526	für	_	_	
55-4	24527-24542	Drogenabhängige	_	_	
55-5	24543-24547	darf	_	_	
55-6	24548-24553	nicht	_	_	
55-7	24554-24556	im	*->28-1	non-literal-mwe[28]	
55-8	24557-24565	Schatten	*->28-2	*[28]	
55-9	24566-24582	strafrechtlicher	_	_	
55-10	24583-24593	Verfolgung	_	_	
55-11	24594-24600	stehen	*->28-3	*[28]	
55-12	24601-24602	"	_	_	
55-13	24603-24604	,	_	_	
55-14	24605-24610	heißt	_	_	
55-15	24611-24613	es	_	_	
55-16	24614-24617	zum	_	_	
55-17	24618-24626	Beispiel	_	_	
55-18	24627-24629	in	_	_	
55-19	24630-24633	der	_	_	
55-20	24634-24651	drogenpolitischen	_	_	
55-21	24652-24671	Positionsbestimmung	_	_	
55-22	24672-24673	,	_	_	
55-23	24674-24677	wie	_	_	
55-24	24678-24685	etliche	_	_	
55-25	24686-24697	europäische	_	_	
55-26	24698-24704	Städte	_	_	
55-27	24705-24708	sie	_	_	
55-28	24709-24716	fordern	_	_	
55-29	24717-24718	.	_	_	

#Text=Der letzte Gig der Band in der Fabrik stand leider im Schatten des Diebstahls des Arbeitsgerätes von Sänger und Gitarrist Rick Sims .
57-1	25300-25303	Der	_	_	
57-2	25304-25310	letzte	_	_	
57-3	25311-25314	Gig	_	_	
57-4	25315-25318	der	_	_	
57-5	25319-25323	Band	_	_	
57-6	25324-25326	in	_	_	
57-7	25327-25330	der	_	_	
57-8	25331-25337	Fabrik	_	_	
57-9	25338-25343	stand	*->29-1	non-literal-mwe[29]	
57-10	25344-25350	leider	_	_	
57-11	25351-25353	im	*->29-2	*[29]	
57-12	25354-25362	Schatten	*->29-3	*[29]	
57-13	25363-25366	des	_	_	
57-14	25367-25377	Diebstahls	_	_	
57-15	25378-25381	des	_	_	
57-16	25382-25396	Arbeitsgerätes	_	_	
57-17	25397-25400	von	_	_	
57-18	25401-25407	Sänger	_	_	
57-19	25408-25411	und	_	_	
57-20	25412-25421	Gitarrist	_	_	
57-21	25422-25426	Rick	_	_	
57-22	25427-25431	Sims	_	_	
57-23	25432-25433	.	_	_	

#Text=Zusammen mit seinem Bruder Robert , in dessen Schatten er stets stand , verbrach er 1943 den B-Movie The Son Of Dracula .
59-1	26426-26434	Zusammen	_	_	
59-2	26435-26438	mit	_	_	
59-3	26439-26445	seinem	_	_	
59-4	26446-26452	Bruder	_	_	
59-5	26453-26459	Robert	_	_	
59-6	26460-26461	,	_	_	
59-7	26462-26464	in	*->30-1	non-literal-mwe[30]	
59-8	26465-26471	dessen	_	_	
59-9	26472-26480	Schatten	*->30-2	*[30]	
59-10	26481-26483	er	_	_	
59-11	26484-26489	stets	_	_	
59-12	26490-26495	stand	*->30-3	*[30]	
59-13	26496-26497	,	_	_	
59-14	26498-26506	verbrach	_	_	
59-15	26507-26509	er	_	_	
59-16	26510-26514	1943	_	_	
59-17	26515-26518	den	_	_	
59-18	26519-26526	B-Movie	_	_	
59-19	26527-26530	The	_	_	
59-20	26531-26534	Son	_	_	
59-21	26535-26537	Of	_	_	
59-22	26538-26545	Dracula	_	_	
59-23	26546-26547	.	_	_	

#Text=Adolf Endler , der 1979 mit einem großen Essay die Dichterin Inge Müller einem breiteren Publikum vorstellte , meinte zu Biermanns Text : " Es wird ein feministisches Grundmuster in dem Gedicht bedient : Die Dichter-Frauen stehen nicht nur im Schatten ihrer Männer , sondern werden von ihnen ausgesaugt .
61-1	26996-27001	Adolf	_	_	
61-2	27002-27008	Endler	_	_	
61-3	27009-27010	,	_	_	
61-4	27011-27014	der	_	_	
61-5	27015-27019	1979	_	_	
61-6	27020-27023	mit	_	_	
61-7	27024-27029	einem	_	_	
61-8	27030-27036	großen	_	_	
61-9	27037-27042	Essay	_	_	
61-10	27043-27046	die	_	_	
61-11	27047-27056	Dichterin	_	_	
61-12	27057-27061	Inge	_	_	
61-13	27062-27068	Müller	_	_	
61-14	27069-27074	einem	_	_	
61-15	27075-27084	breiteren	_	_	
61-16	27085-27093	Publikum	_	_	
61-17	27094-27104	vorstellte	_	_	
61-18	27105-27106	,	_	_	
61-19	27107-27113	meinte	_	_	
61-20	27114-27116	zu	_	_	
61-21	27117-27126	Biermanns	_	_	
61-22	27127-27131	Text	_	_	
61-23	27132-27133	:	_	_	
61-24	27134-27135	"	_	_	
61-25	27136-27138	Es	_	_	
61-26	27139-27143	wird	_	_	
61-27	27144-27147	ein	_	_	
61-28	27148-27162	feministisches	_	_	
61-29	27163-27174	Grundmuster	_	_	
61-30	27175-27177	in	_	_	
61-31	27178-27181	dem	_	_	
61-32	27182-27189	Gedicht	_	_	
61-33	27190-27197	bedient	_	_	
61-34	27198-27199	:	_	_	
61-35	27200-27203	Die	_	_	
61-36	27204-27218	Dichter-Frauen	_	_	
61-37	27219-27225	stehen	*->31-1	non-literal-mwe[31]	
61-38	27226-27231	nicht	_	_	
61-39	27232-27235	nur	_	_	
61-40	27236-27238	im	*->31-2	*[31]	
61-41	27239-27247	Schatten	*->31-3	*[31]	
61-42	27248-27253	ihrer	_	_	
61-43	27254-27260	Männer	_	_	
61-44	27261-27262	,	_	_	
61-45	27263-27270	sondern	_	_	
61-46	27271-27277	werden	_	_	
61-47	27278-27281	von	_	_	
61-48	27282-27287	ihnen	_	_	
61-49	27288-27298	ausgesaugt	_	_	
61-50	27299-27300	.	_	_	

#Text=Sie ließ zudem ihre große Rivalin , Deutschlands Schwimm-Star Franziska van Almsick , in deren Schatten die 22jährige seit Jahren steht , um drei Plätze hinter sich .
63-1	27913-27916	Sie	_	_	
63-2	27917-27921	ließ	_	_	
63-3	27922-27927	zudem	_	_	
63-4	27928-27932	ihre	_	_	
63-5	27933-27938	große	_	_	
63-6	27939-27946	Rivalin	_	_	
63-7	27947-27948	,	_	_	
63-8	27949-27961	Deutschlands	_	_	
63-9	27962-27974	Schwimm-Star	_	_	
63-10	27975-27984	Franziska	_	_	
63-11	27985-27988	van	_	_	
63-12	27989-27996	Almsick	_	_	
63-13	27997-27998	,	_	_	
63-14	27999-28001	in	*->32-1	non-literal-mwe[32]	
63-15	28002-28007	deren	_	_	
63-16	28008-28016	Schatten	*->32-2	*[32]	
63-17	28017-28020	die	_	_	
63-18	28021-28030	22jährige	_	_	
63-19	28031-28035	seit	_	_	
63-20	28036-28042	Jahren	_	_	
63-21	28043-28048	steht	*->32-3	*[32]	
63-22	28049-28050	,	_	_	
63-23	28051-28053	um	_	_	
63-24	28054-28058	drei	_	_	
63-25	28059-28065	Plätze	_	_	
63-26	28066-28072	hinter	_	_	
63-27	28073-28077	sich	_	_	
63-28	28078-28079	.	_	_	

#Text=Zu Unrecht stehe das Kulturleben in dieser Region im Schatten von Hamburg und Bremen .
65-1	28557-28559	Zu	_	_	
65-2	28560-28567	Unrecht	_	_	
65-3	28568-28573	stehe	*->33-1	non-literal-mwe[33]	
65-4	28574-28577	das	_	_	
65-5	28578-28589	Kulturleben	_	_	
65-6	28590-28592	in	_	_	
65-7	28593-28599	dieser	_	_	
65-8	28600-28606	Region	_	_	
65-9	28607-28609	im	*->33-2	*[33]	
65-10	28610-28618	Schatten	*->33-3	*[33]	
65-11	28619-28622	von	_	_	
65-12	28623-28630	Hamburg	_	_	
65-13	28631-28634	und	_	_	
65-14	28635-28641	Bremen	_	_	
65-15	28642-28643	.	_	_	

#Text=Auch in der Lombardei ist die Industrie ansehnlich vertreten , steht allerdings stark im Schatten des Finanzsektors : Börse und Großbanken .
67-1	29413-29417	Auch	_	_	
67-2	29418-29420	in	_	_	
67-3	29421-29424	der	_	_	
67-4	29425-29434	Lombardei	_	_	
67-5	29435-29438	ist	_	_	
67-6	29439-29442	die	_	_	
67-7	29443-29452	Industrie	_	_	
67-8	29453-29463	ansehnlich	_	_	
67-9	29464-29473	vertreten	_	_	
67-10	29474-29475	,	_	_	
67-11	29476-29481	steht	*->34-1	non-literal-mwe[34]	
67-12	29482-29492	allerdings	_	_	
67-13	29493-29498	stark	_	_	
67-14	29499-29501	im	*->34-2	*[34]	
67-15	29502-29510	Schatten	*->34-3	*[34]	
67-16	29511-29514	des	_	_	
67-17	29515-29528	Finanzsektors	_	_	
67-18	29529-29530	:	_	_	
67-19	29531-29536	Börse	_	_	
67-20	29537-29540	und	_	_	
67-21	29541-29551	Großbanken	_	_	
67-22	29552-29553	.	_	_	

#Text=Die Schenkung eines 7.000 Quadratmeter großen Areals , das den ehemaligen Appellplatz umfaßt , brachte zwar Bewegung in die Diskussion um die stets im Schatten von Dachau stehende Gedenkstätte .
69-1	30149-30152	Die	_	_	
69-2	30153-30162	Schenkung	_	_	
69-3	30163-30168	eines	_	_	
69-4	30169-30174	7.000	_	_	
69-5	30175-30187	Quadratmeter	_	_	
69-6	30188-30194	großen	_	_	
69-7	30195-30201	Areals	_	_	
69-8	30202-30203	,	_	_	
69-9	30204-30207	das	_	_	
69-10	30208-30211	den	_	_	
69-11	30212-30222	ehemaligen	_	_	
69-12	30223-30234	Appellplatz	_	_	
69-13	30235-30241	umfaßt	_	_	
69-14	30242-30243	,	_	_	
69-15	30244-30251	brachte	_	_	
69-16	30252-30256	zwar	_	_	
69-17	30257-30265	Bewegung	_	_	
69-18	30266-30268	in	_	_	
69-19	30269-30272	die	_	_	
69-20	30273-30283	Diskussion	_	_	
69-21	30284-30286	um	_	_	
69-22	30287-30290	die	_	_	
69-23	30291-30296	stets	_	_	
69-24	30297-30299	im	*->35-1	non-literal-mwe[35]	
69-25	30300-30308	Schatten	*->35-2	*[35]	
69-26	30309-30312	von	_	_	
69-27	30313-30319	Dachau	_	_	
69-28	30320-30328	stehende	*->35-3	*[35]	
69-29	30329-30341	Gedenkstätte	_	_	
69-30	30342-30343	.	_	_	

#Text=Die diesjährige Tagung der beiden großen Finanzinstitutionen steht ganz im Schatten der Krisen in Asien und Rußland .
71-1	30844-30847	Die	_	_	
71-2	30848-30859	diesjährige	_	_	
71-3	30860-30866	Tagung	_	_	
71-4	30867-30870	der	_	_	
71-5	30871-30877	beiden	_	_	
71-6	30878-30884	großen	_	_	
71-7	30885-30904	Finanzinstitutionen	_	_	
71-8	30905-30910	steht	*->36-1	non-literal-mwe[36]	
71-9	30911-30915	ganz	_	_	
71-10	30916-30918	im	*->36-2	*[36]	
71-11	30919-30927	Schatten	*->36-3	*[36]	
71-12	30928-30931	der	_	_	
71-13	30932-30938	Krisen	_	_	
71-14	30939-30941	in	_	_	
71-15	30942-30947	Asien	_	_	
71-16	30948-30951	und	_	_	
71-17	30952-30959	Rußland	_	_	
71-18	30960-30961	.	_	_	

#Text=Schon bei seinem Einstieg in die große , bunte Welt des Jazz , als Altsaxophonist in Art Blakey 's Jazz Messengers , stand er im Schatten seines ein gutes Jahr jüngeren Bruders Wynton .
73-1	31221-31226	Schon	_	_	
73-2	31227-31230	bei	_	_	
73-3	31231-31237	seinem	_	_	
73-4	31238-31246	Einstieg	_	_	
73-5	31247-31249	in	_	_	
73-6	31250-31253	die	_	_	
73-7	31254-31259	große	_	_	
73-8	31260-31261	,	_	_	
73-9	31262-31267	bunte	_	_	
73-10	31268-31272	Welt	_	_	
73-11	31273-31276	des	_	_	
73-12	31277-31281	Jazz	_	_	
73-13	31282-31283	,	_	_	
73-14	31284-31287	als	_	_	
73-15	31288-31302	Altsaxophonist	_	_	
73-16	31303-31305	in	_	_	
73-17	31306-31309	Art	_	_	
73-18	31310-31316	Blakey	_	_	
73-19	31317-31319	's	_	_	
73-20	31320-31324	Jazz	_	_	
73-21	31325-31335	Messengers	_	_	
73-22	31336-31337	,	_	_	
73-23	31338-31343	stand	*->37-1	non-literal-mwe[37]	
73-24	31344-31346	er	_	_	
73-25	31347-31349	im	*->37-2	*[37]	
73-26	31350-31358	Schatten	*->37-3	*[37]	
73-27	31359-31365	seines	_	_	
73-28	31366-31369	ein	_	_	
73-29	31370-31375	gutes	_	_	
73-30	31376-31380	Jahr	_	_	
73-31	31381-31389	jüngeren	_	_	
73-32	31390-31397	Bruders	_	_	
73-33	31398-31404	Wynton	_	_	
73-34	31405-31406	.	_	_	

#Text=Die beiden jungen Mönche in ihren gelben Roben stehen ein bißchen abseits , im Schatten der Bäume , denn schon kurz vor sieben Uhr morgens brennt die Sonne vom Himmel .
75-1	32195-32198	Die	_	_	
75-2	32199-32205	beiden	_	_	
75-3	32206-32212	jungen	_	_	
75-4	32213-32219	Mönche	_	_	
75-5	32220-32222	in	_	_	
75-6	32223-32228	ihren	_	_	
75-7	32229-32235	gelben	_	_	
75-8	32236-32241	Roben	_	_	
75-9	32242-32248	stehen	*->38-1	literal[38]	
75-10	32249-32252	ein	_	_	
75-11	32253-32260	bißchen	_	_	
75-12	32261-32268	abseits	_	_	
75-13	32269-32270	,	_	_	
75-14	32271-32273	im	*->38-2	*[38]	
75-15	32274-32282	Schatten	*->38-3	*[38]	
75-16	32283-32286	der	_	_	
75-17	32287-32292	Bäume	_	_	
75-18	32293-32294	,	_	_	
75-19	32295-32299	denn	_	_	
75-20	32300-32305	schon	_	_	
75-21	32306-32310	kurz	_	_	
75-22	32311-32314	vor	_	_	
75-23	32315-32321	sieben	_	_	
75-24	32322-32325	Uhr	_	_	
75-25	32326-32333	morgens	_	_	
75-26	32334-32340	brennt	_	_	
75-27	32341-32344	die	_	_	
75-28	32345-32350	Sonne	_	_	
75-29	32351-32354	vom	_	_	
75-30	32355-32361	Himmel	_	_	
75-31	32362-32363	.	_	_	

#Text=Und was sich momentan am Horizont abzeichnet , das sieht so recht nach einem Zeitenwechsel aus : Die 80er Jahre standen im Schatten von Politikern wie Reagan , Kohl und Thatcher , in den 90er Jahren schwingt das Pendel wieder zurück , und die Welt nähert sich unter der Führung neuer Köpfe , neuer Allianzen und unter neuen politischen Vorzeichen der Schwelle zum nächsten Jahrtausend .
77-1	32949-32952	Und	_	_	
77-2	32953-32956	was	_	_	
77-3	32957-32961	sich	_	_	
77-4	32962-32970	momentan	_	_	
77-5	32971-32973	am	_	_	
77-6	32974-32982	Horizont	_	_	
77-7	32983-32993	abzeichnet	_	_	
77-8	32994-32995	,	_	_	
77-9	32996-32999	das	_	_	
77-10	33000-33005	sieht	_	_	
77-11	33006-33008	so	_	_	
77-12	33009-33014	recht	_	_	
77-13	33015-33019	nach	_	_	
77-14	33020-33025	einem	_	_	
77-15	33026-33039	Zeitenwechsel	_	_	
77-16	33040-33043	aus	_	_	
77-17	33044-33045	:	_	_	
77-18	33046-33049	Die	_	_	
77-19	33050-33054	80er	_	_	
77-20	33055-33060	Jahre	_	_	
77-21	33061-33068	standen	*->39-1	non-literal-mwe[39]	
77-22	33069-33071	im	*->39-2	*[39]	
77-23	33072-33080	Schatten	*->39-3	*[39]	
77-24	33081-33084	von	_	_	
77-25	33085-33095	Politikern	_	_	
77-26	33096-33099	wie	_	_	
77-27	33100-33106	Reagan	_	_	
77-28	33107-33108	,	_	_	
77-29	33109-33113	Kohl	_	_	
77-30	33114-33117	und	_	_	
77-31	33118-33126	Thatcher	_	_	
77-32	33127-33128	,	_	_	
77-33	33129-33131	in	_	_	
77-34	33132-33135	den	_	_	
77-35	33136-33140	90er	_	_	
77-36	33141-33147	Jahren	_	_	
77-37	33148-33156	schwingt	_	_	
77-38	33157-33160	das	_	_	
77-39	33161-33167	Pendel	_	_	
77-40	33168-33174	wieder	_	_	
77-41	33175-33181	zurück	_	_	
77-42	33182-33183	,	_	_	
77-43	33184-33187	und	_	_	
77-44	33188-33191	die	_	_	
77-45	33192-33196	Welt	_	_	
77-46	33197-33203	nähert	_	_	
77-47	33204-33208	sich	_	_	
77-48	33209-33214	unter	_	_	
77-49	33215-33218	der	_	_	
77-50	33219-33226	Führung	_	_	
77-51	33227-33232	neuer	_	_	
77-52	33233-33238	Köpfe	_	_	
77-53	33239-33240	,	_	_	
77-54	33241-33246	neuer	_	_	
77-55	33247-33256	Allianzen	_	_	
77-56	33257-33260	und	_	_	
77-57	33261-33266	unter	_	_	
77-58	33267-33272	neuen	_	_	
77-59	33273-33284	politischen	_	_	
77-60	33285-33295	Vorzeichen	_	_	
77-61	33296-33299	der	_	_	
77-62	33300-33308	Schwelle	_	_	
77-63	33309-33312	zum	_	_	
77-64	33313-33321	nächsten	_	_	
77-65	33322-33333	Jahrtausend	_	_	
77-66	33334-33335	.	_	_	

#Text=Im Kreis der vielen Nachahmer andernorts belegt es durchaus einen respektablen Platz , steht aber in Berlin ein wenig im Schatten des renommierteren DSO - zumal der Name des gestrengen Chefdirigenten Rafael Frühbeck de Burgos nach einer glanzlosen Amtsperiode als Generalmusikdirektor der Deutschen Oper ein wenig in Verruf geraten ist .
79-1	34305-34307	Im	_	_	
79-2	34308-34313	Kreis	_	_	
79-3	34314-34317	der	_	_	
79-4	34318-34324	vielen	_	_	
79-5	34325-34334	Nachahmer	_	_	
79-6	34335-34345	andernorts	_	_	
79-7	34346-34352	belegt	_	_	
79-8	34353-34355	es	_	_	
79-9	34356-34364	durchaus	_	_	
79-10	34365-34370	einen	_	_	
79-11	34371-34383	respektablen	_	_	
79-12	34384-34389	Platz	_	_	
79-13	34390-34391	,	_	_	
79-14	34392-34397	steht	*->40-1	non-literal-mwe[40]	
79-15	34398-34402	aber	_	_	
79-16	34403-34405	in	_	_	
79-17	34406-34412	Berlin	_	_	
79-18	34413-34416	ein	_	_	
79-19	34417-34422	wenig	_	_	
79-20	34423-34425	im	*->40-2	*[40]	
79-21	34426-34434	Schatten	*->40-3	*[40]	
79-22	34435-34438	des	_	_	
79-23	34439-34453	renommierteren	_	_	
79-24	34454-34457	DSO	_	_	
79-25	34458-34459	-	_	_	
79-26	34460-34465	zumal	_	_	
79-27	34466-34469	der	_	_	
79-28	34470-34474	Name	_	_	
79-29	34475-34478	des	_	_	
79-30	34479-34489	gestrengen	_	_	
79-31	34490-34504	Chefdirigenten	_	_	
79-32	34505-34511	Rafael	_	_	
79-33	34512-34520	Frühbeck	_	_	
79-34	34521-34523	de	_	_	
79-35	34524-34530	Burgos	_	_	
79-36	34531-34535	nach	_	_	
79-37	34536-34541	einer	_	_	
79-38	34542-34552	glanzlosen	_	_	
79-39	34553-34564	Amtsperiode	_	_	
79-40	34565-34568	als	_	_	
79-41	34569-34589	Generalmusikdirektor	_	_	
79-42	34590-34593	der	_	_	
79-43	34594-34603	Deutschen	_	_	
79-44	34604-34608	Oper	_	_	
79-45	34609-34612	ein	_	_	
79-46	34613-34618	wenig	_	_	
79-47	34619-34621	in	_	_	
79-48	34622-34628	Verruf	_	_	
79-49	34629-34636	geraten	_	_	
79-50	34637-34640	ist	_	_	
79-51	34641-34642	.	_	_	

#Text=Seit vergangene Woche in einem Briefing des Generalstabs die Regierung Erbakan und die Wohlfahrtspartei attackiert und offen mit einem Putsch gedroht wurde , steht das Parlament im Schatten der Generäle .
81-1	35280-35284	Seit	_	_	
81-2	35285-35295	vergangene	_	_	
81-3	35296-35301	Woche	_	_	
81-4	35302-35304	in	_	_	
81-5	35305-35310	einem	_	_	
81-6	35311-35319	Briefing	_	_	
81-7	35320-35323	des	_	_	
81-8	35324-35336	Generalstabs	_	_	
81-9	35337-35340	die	_	_	
81-10	35341-35350	Regierung	_	_	
81-11	35351-35358	Erbakan	_	_	
81-12	35359-35362	und	_	_	
81-13	35363-35366	die	_	_	
81-14	35367-35383	Wohlfahrtspartei	_	_	
81-15	35384-35394	attackiert	_	_	
81-16	35395-35398	und	_	_	
81-17	35399-35404	offen	_	_	
81-18	35405-35408	mit	_	_	
81-19	35409-35414	einem	_	_	
81-20	35415-35421	Putsch	_	_	
81-21	35422-35429	gedroht	_	_	
81-22	35430-35435	wurde	_	_	
81-23	35436-35437	,	_	_	
81-24	35438-35443	steht	*->41-1	non-literal-mwe[41]	
81-25	35444-35447	das	_	_	
81-26	35448-35457	Parlament	_	_	
81-27	35458-35460	im	*->41-2	*[41]	
81-28	35461-35469	Schatten	*->41-3	*[41]	
81-29	35470-35473	der	_	_	
81-30	35474-35482	Generäle	_	_	
81-31	35483-35484	.	_	_	

#Text=" Es gibt auch in Deutschland gute Erzähler , doch die stehen im Schatten dieses furchtbaren , globalen Bestseller-Getues .
83-1	36231-36232	"	_	_	
83-2	36233-36235	Es	_	_	
83-3	36236-36240	gibt	_	_	
83-4	36241-36245	auch	_	_	
83-5	36246-36248	in	_	_	
83-6	36249-36260	Deutschland	_	_	
83-7	36261-36265	gute	_	_	
83-8	36266-36274	Erzähler	_	_	
83-9	36275-36276	,	_	_	
83-10	36277-36281	doch	_	_	
83-11	36282-36285	die	_	_	
83-12	36286-36292	stehen	*->42-1	non-literal-mwe[42]	
83-13	36293-36295	im	*->42-2	*[42]	
83-14	36296-36304	Schatten	*->42-3	*[42]	
83-15	36305-36311	dieses	_	_	
83-16	36312-36323	furchtbaren	_	_	
83-17	36324-36325	,	_	_	
83-18	36326-36334	globalen	_	_	
83-19	36335-36352	Bestseller-Getues	_	_	
83-20	36353-36354	.	_	_	

#Text=Die Zeiten , in denen Maceo Parker im Schatten der " sex machine " stand , sind vorbei .
85-1	36713-36716	Die	_	_	
85-2	36717-36723	Zeiten	_	_	
85-3	36724-36725	,	_	_	
85-4	36726-36728	in	_	_	
85-5	36729-36734	denen	_	_	
85-6	36735-36740	Maceo	_	_	
85-7	36741-36747	Parker	_	_	
85-8	36748-36750	im	*->43-1	non-literal-mwe[43]	
85-9	36751-36759	Schatten	*->43-2	*[43]	
85-10	36760-36763	der	_	_	
85-11	36764-36765	"	_	_	
85-12	36766-36769	sex	_	_	
85-13	36770-36777	machine	_	_	
85-14	36778-36779	"	_	_	
85-15	36780-36785	stand	*->43-3	*[43]	
85-16	36786-36787	,	_	_	
85-17	36788-36792	sind	_	_	
85-18	36793-36799	vorbei	_	_	
85-19	36800-36801	.	_	_	

#Text=Ganz im Schatten dieser Ereignisse stand die Vorstellung von Ghedina , der sich mit seinem zweiten Saisonsieg zum zweiten Topfavoriten für die WM Anfang Februar in Sestriere neben dem Franzosen Luc Alphand aufschwang .
87-1	37232-37236	Ganz	_	_	
87-2	37237-37239	im	*->44-1	non-literal-mwe[44]	
87-3	37240-37248	Schatten	*->44-2	*[44]	
87-4	37249-37255	dieser	_	_	
87-5	37256-37266	Ereignisse	_	_	
87-6	37267-37272	stand	*->44-3	*[44]	
87-7	37273-37276	die	_	_	
87-8	37277-37288	Vorstellung	_	_	
87-9	37289-37292	von	_	_	
87-10	37293-37300	Ghedina	_	_	
87-11	37301-37302	,	_	_	
87-12	37303-37306	der	_	_	
87-13	37307-37311	sich	_	_	
87-14	37312-37315	mit	_	_	
87-15	37316-37322	seinem	_	_	
87-16	37323-37330	zweiten	_	_	
87-17	37331-37341	Saisonsieg	_	_	
87-18	37342-37345	zum	_	_	
87-19	37346-37353	zweiten	_	_	
87-20	37354-37366	Topfavoriten	_	_	
87-21	37367-37370	für	_	_	
87-22	37371-37374	die	_	_	
87-23	37375-37377	WM	_	_	
87-24	37378-37384	Anfang	_	_	
87-25	37385-37392	Februar	_	_	
87-26	37393-37395	in	_	_	
87-27	37396-37405	Sestriere	_	_	
87-28	37406-37411	neben	_	_	
87-29	37412-37415	dem	_	_	
87-30	37416-37425	Franzosen	_	_	
87-31	37426-37429	Luc	_	_	
87-32	37430-37437	Alphand	_	_	
87-33	37438-37448	aufschwang	_	_	
87-34	37449-37450	.	_	_	

#Text=Bassisten standen in den Golden Years of Rock'n'Roll zumeist im Schatten exaltierter Gitarrenvirtuosen , hielten ihr Sustain und sich selbst im Bühnenhintergrund , begnügten sich mit ihren vier Saiten und wiegten bedächtig den oftmals mähnenbehangenen Schädel ( Bill Wyman ) .
89-1	38207-38216	Bassisten	_	_	
89-2	38217-38224	standen	*->45-1	non-literal-mwe[45]	
89-3	38225-38227	in	_	_	
89-4	38228-38231	den	_	_	
89-5	38232-38238	Golden	_	_	
89-6	38239-38244	Years	_	_	
89-7	38245-38247	of	_	_	
89-8	38248-38259	Rock'n'Roll	_	_	
89-9	38260-38267	zumeist	_	_	
89-10	38268-38270	im	*->45-2	*[45]	
89-11	38271-38279	Schatten	*->45-3	*[45]	
89-12	38280-38291	exaltierter	_	_	
89-13	38292-38309	Gitarrenvirtuosen	_	_	
89-14	38310-38311	,	_	_	
89-15	38312-38319	hielten	_	_	
89-16	38320-38323	ihr	_	_	
89-17	38324-38331	Sustain	_	_	
89-18	38332-38335	und	_	_	
89-19	38336-38340	sich	_	_	
89-20	38341-38347	selbst	_	_	
89-21	38348-38350	im	_	_	
89-22	38351-38368	Bühnenhintergrund	_	_	
89-23	38369-38370	,	_	_	
89-24	38371-38380	begnügten	_	_	
89-25	38381-38385	sich	_	_	
89-26	38386-38389	mit	_	_	
89-27	38390-38395	ihren	_	_	
89-28	38396-38400	vier	_	_	
89-29	38401-38407	Saiten	_	_	
89-30	38408-38411	und	_	_	
89-31	38412-38419	wiegten	_	_	
89-32	38420-38429	bedächtig	_	_	
89-33	38430-38433	den	_	_	
89-34	38434-38441	oftmals	_	_	
89-35	38442-38458	mähnenbehangenen	_	_	
89-36	38459-38466	Schädel	_	_	
89-37	38467-38468	(	_	_	
89-38	38469-38473	Bill	_	_	
89-39	38474-38479	Wyman	_	_	
89-40	38480-38481	)	_	_	
89-41	38482-38483	.	_	_	

#Text=Zu sehr stand er im Schatten des übermächtigen Umberto Bossi , der die Ligen in fast monarchischer Manier leitet .
91-1	39313-39315	Zu	_	_	
91-2	39316-39320	sehr	_	_	
91-3	39321-39326	stand	*->46-1	non-literal-mwe[46]	
91-4	39327-39329	er	_	_	
91-5	39330-39332	im	*->46-2	*[46]	
91-6	39333-39341	Schatten	*->46-3	*[46]	
91-7	39342-39345	des	_	_	
91-8	39346-39359	übermächtigen	_	_	
91-9	39360-39367	Umberto	_	_	
91-10	39368-39373	Bossi	_	_	
91-11	39374-39375	,	_	_	
91-12	39376-39379	der	_	_	
91-13	39380-39383	die	_	_	
91-14	39384-39389	Ligen	_	_	
91-15	39390-39392	in	_	_	
91-16	39393-39397	fast	_	_	
91-17	39398-39411	monarchischer	_	_	
91-18	39412-39418	Manier	_	_	
91-19	39419-39425	leitet	_	_	
91-20	39426-39427	.	_	_	

#Text=Kate Elder , genannt Bignose Kate , steht bis heute im Schatten ihres ständigen Begleiters Doc Holliday , der in die legendäre Schießerei am O.K. Corral verwickelt war .
93-1	40400-40404	Kate	_	_	
93-2	40405-40410	Elder	_	_	
93-3	40411-40412	,	_	_	
93-4	40413-40420	genannt	_	_	
93-5	40421-40428	Bignose	_	_	
93-6	40429-40433	Kate	_	_	
93-7	40434-40435	,	_	_	
93-8	40436-40441	steht	*->47-1	non-literal-mwe[47]	
93-9	40442-40445	bis	_	_	
93-10	40446-40451	heute	_	_	
93-11	40452-40454	im	*->47-2	*[47]	
93-12	40455-40463	Schatten	*->47-3	*[47]	
93-13	40464-40469	ihres	_	_	
93-14	40470-40479	ständigen	_	_	
93-15	40480-40490	Begleiters	_	_	
93-16	40491-40494	Doc	_	_	
93-17	40495-40503	Holliday	_	_	
93-18	40504-40505	,	_	_	
93-19	40506-40509	der	_	_	
93-20	40510-40512	in	_	_	
93-21	40513-40516	die	_	_	
93-22	40517-40526	legendäre	_	_	
93-23	40527-40537	Schießerei	_	_	
93-24	40538-40540	am	_	_	
93-25	40541-40545	O.K.	_	_	
93-26	40546-40552	Corral	_	_	
93-27	40553-40563	verwickelt	_	_	
93-28	40564-40567	war	_	_	
93-29	40568-40569	.	_	_	

#Text=Selbst Bürgermeister Wolfgang Röken , auch ein Strippenzieher von hohen Gnaden , wenn es um das eigene Fortkommen ging , stand in seinem Schatten .
95-1	41251-41257	Selbst	_	_	
95-2	41258-41271	Bürgermeister	_	_	
95-3	41272-41280	Wolfgang	_	_	
95-4	41281-41286	Röken	_	_	
95-5	41287-41288	,	_	_	
95-6	41289-41293	auch	_	_	
95-7	41294-41297	ein	_	_	
95-8	41298-41312	Strippenzieher	_	_	
95-9	41313-41316	von	_	_	
95-10	41317-41322	hohen	_	_	
95-11	41323-41329	Gnaden	_	_	
95-12	41330-41331	,	_	_	
95-13	41332-41336	wenn	_	_	
95-14	41337-41339	es	_	_	
95-15	41340-41342	um	_	_	
95-16	41343-41346	das	_	_	
95-17	41347-41353	eigene	_	_	
95-18	41354-41364	Fortkommen	_	_	
95-19	41365-41369	ging	_	_	
95-20	41370-41371	,	_	_	
95-21	41372-41377	stand	*->48-1	non-literal-mwe[48]	
95-22	41378-41380	in	*->48-2	*[48]	
95-23	41381-41387	seinem	_	_	
95-24	41388-41396	Schatten	*->48-3	*[48]	
95-25	41397-41398	.	_	_	

#Text=Fortan steht das Leben in ihrem Schatten .
97-1	43139-43145	Fortan	_	_	
97-2	43146-43151	steht	*->49-1	non-literal-mwe[49]	
97-3	43152-43155	das	_	_	
97-4	43156-43161	Leben	_	_	
97-5	43162-43164	in	*->49-2	*[49]	
97-6	43165-43170	ihrem	_	_	
97-7	43171-43179	Schatten	*->49-3	*[49]	
97-8	43180-43181	.	_	_	

#Text=Die Oilers , Houstons Footballteam , spielen seit Jahren im Mittelfeld der NFL und stehen im Schatten der Cowboys aus Dallas , die in den letzten Jahren zweimal den Superbowl gewannen .
99-1	43609-43612	Die	_	_	
99-2	43613-43619	Oilers	_	_	
99-3	43620-43621	,	_	_	
99-4	43622-43630	Houstons	_	_	
99-5	43631-43643	Footballteam	_	_	
99-6	43644-43645	,	_	_	
99-7	43646-43653	spielen	_	_	
99-8	43654-43658	seit	_	_	
99-9	43659-43665	Jahren	_	_	
99-10	43666-43668	im	_	_	
99-11	43669-43679	Mittelfeld	_	_	
99-12	43680-43683	der	_	_	
99-13	43684-43687	NFL	_	_	
99-14	43688-43691	und	_	_	
99-15	43692-43698	stehen	*->50-1	non-literal-mwe[50]	
99-16	43699-43701	im	*->50-2	*[50]	
99-17	43702-43710	Schatten	*->50-3	*[50]	
99-18	43711-43714	der	_	_	
99-19	43715-43722	Cowboys	_	_	
99-20	43723-43726	aus	_	_	
99-21	43727-43733	Dallas	_	_	
99-22	43734-43735	,	_	_	
99-23	43736-43739	die	_	_	
99-24	43740-43742	in	_	_	
99-25	43743-43746	den	_	_	
99-26	43747-43754	letzten	_	_	
99-27	43755-43761	Jahren	_	_	
99-28	43762-43769	zweimal	_	_	
99-29	43770-43773	den	_	_	
99-30	43774-43783	Superbowl	_	_	
99-31	43784-43792	gewannen	_	_	
99-32	43793-43794	.	_	_	

#Text=Die Abstimmung stand im Schatten einer großen Arbeiterdemonstration in Ankara , die gegen Ciller gerichtet war .
101-1	44549-44552	Die	_	_	
101-2	44553-44563	Abstimmung	_	_	
101-3	44564-44569	stand	*->51-1	non-literal-mwe[51]	
101-4	44570-44572	im	*->51-2	*[51]	
101-5	44573-44581	Schatten	*->51-3	*[51]	
101-6	44582-44587	einer	_	_	
101-7	44588-44594	großen	_	_	
101-8	44595-44616	Arbeiterdemonstration	_	_	
101-9	44617-44619	in	_	_	
101-10	44620-44626	Ankara	_	_	
101-11	44627-44628	,	_	_	
101-12	44629-44632	die	_	_	
101-13	44633-44638	gegen	_	_	
101-14	44639-44645	Ciller	_	_	
101-15	44646-44655	gerichtet	_	_	
101-16	44656-44659	war	_	_	
101-17	44660-44661	.	_	_	

#Text=Sichtbarer Protest dagegen , daß das " denkmalgeschützte Gebäude-emsemble " in Zukunft im Schatten eines Bürokolosses stehen könnte , mit dem das Elbufer zugepflastert werden soll .
103-1	45259-45269	Sichtbarer	_	_	
103-2	45270-45277	Protest	_	_	
103-3	45278-45285	dagegen	_	_	
103-4	45286-45287	,	_	_	
103-5	45288-45291	daß	_	_	
103-6	45292-45295	das	_	_	
103-7	45296-45297	"	_	_	
103-8	45298-45315	denkmalgeschützte	_	_	
103-9	45316-45332	Gebäude-emsemble	_	_	
103-10	45333-45334	"	_	_	
103-11	45335-45337	in	_	_	
103-12	45338-45345	Zukunft	_	_	
103-13	45346-45348	im	*->52-1	non-literal-mwe[52]	
103-14	45349-45357	Schatten	*->52-2	*[52]	
103-15	45358-45363	eines	_	_	
103-16	45364-45376	Bürokolosses	_	_	
103-17	45377-45383	stehen	*->52-3	*[52]	
103-18	45384-45390	könnte	_	_	
103-19	45391-45392	,	_	_	
103-20	45393-45396	mit	_	_	
103-21	45397-45400	dem	_	_	
103-22	45401-45404	das	_	_	
103-23	45405-45412	Elbufer	_	_	
103-24	45413-45426	zugepflastert	_	_	
103-25	45427-45433	werden	_	_	
103-26	45434-45438	soll	_	_	
103-27	45439-45440	.	_	_	

#Text=In der Straße zum Ort verkauften Frauen Gebäck und Getränke , standen Menschengruppen im Schatten der Bäume beisammen , unterhielt man sich über die Masken , die Tänzer und die vielen Besucher - und darüber , daß Seydou , wenn er hier fremd sei , auch am See der Krokodile die beiden dicken Reptilien von ganz nah anschauen müsse .
105-1	45809-45811	In	_	_	
105-2	45812-45815	der	_	_	
105-3	45816-45822	Straße	_	_	
105-4	45823-45826	zum	_	_	
105-5	45827-45830	Ort	_	_	
105-6	45831-45841	verkauften	_	_	
105-7	45842-45848	Frauen	_	_	
105-8	45849-45855	Gebäck	_	_	
105-9	45856-45859	und	_	_	
105-10	45860-45868	Getränke	_	_	
105-11	45869-45870	,	_	_	
105-12	45871-45878	standen	*->53-1	literal[53]	
105-13	45879-45894	Menschengruppen	_	_	
105-14	45895-45897	im	*->53-2	*[53]	
105-15	45898-45906	Schatten	*->53-3	*[53]	
105-16	45907-45910	der	_	_	
105-17	45911-45916	Bäume	_	_	
105-18	45917-45926	beisammen	_	_	
105-19	45927-45928	,	_	_	
105-20	45929-45939	unterhielt	_	_	
105-21	45940-45943	man	_	_	
105-22	45944-45948	sich	_	_	
105-23	45949-45953	über	_	_	
105-24	45954-45957	die	_	_	
105-25	45958-45964	Masken	_	_	
105-26	45965-45966	,	_	_	
105-27	45967-45970	die	_	_	
105-28	45971-45977	Tänzer	_	_	
105-29	45978-45981	und	_	_	
105-30	45982-45985	die	_	_	
105-31	45986-45992	vielen	_	_	
105-32	45993-46001	Besucher	_	_	
105-33	46002-46003	-	_	_	
105-34	46004-46007	und	_	_	
105-35	46008-46015	darüber	_	_	
105-36	46016-46017	,	_	_	
105-37	46018-46021	daß	_	_	
105-38	46022-46028	Seydou	_	_	
105-39	46029-46030	,	_	_	
105-40	46031-46035	wenn	_	_	
105-41	46036-46038	er	_	_	
105-42	46039-46043	hier	_	_	
105-43	46044-46049	fremd	_	_	
105-44	46050-46053	sei	_	_	
105-45	46054-46055	,	_	_	
105-46	46056-46060	auch	_	_	
105-47	46061-46063	am	_	_	
105-48	46064-46067	See	_	_	
105-49	46068-46071	der	_	_	
105-50	46072-46081	Krokodile	_	_	
105-51	46082-46085	die	_	_	
105-52	46086-46092	beiden	_	_	
105-53	46093-46099	dicken	_	_	
105-54	46100-46109	Reptilien	_	_	
105-55	46110-46113	von	_	_	
105-56	46114-46118	ganz	_	_	
105-57	46119-46122	nah	_	_	
105-58	46123-46132	anschauen	_	_	
105-59	46133-46138	müsse	_	_	
105-60	46139-46140	.	_	_	

#Text=Franz Kline , 1920 in Wilkes- Barre , Pennsylvania , geboren , stand in der Publikumsgunst immer im Schatten seines Freundes Jackson Pollock , beide Vertreter der sogenannten New York School beziehungsweise des " Abstract Expressionism " .
107-1	46871-46876	Franz	_	_	
107-2	46877-46882	Kline	_	_	
107-3	46883-46884	,	_	_	
107-4	46885-46889	1920	_	_	
107-5	46890-46892	in	_	_	
107-6	46893-46900	Wilkes-	_	_	
107-7	46901-46906	Barre	_	_	
107-8	46907-46908	,	_	_	
107-9	46909-46921	Pennsylvania	_	_	
107-10	46922-46923	,	_	_	
107-11	46924-46931	geboren	_	_	
107-12	46932-46933	,	_	_	
107-13	46934-46939	stand	*->54-1	non-literal-mwe[54]	
107-14	46940-46942	in	_	_	
107-15	46943-46946	der	_	_	
107-16	46947-46961	Publikumsgunst	_	_	
107-17	46962-46967	immer	_	_	
107-18	46968-46970	im	*->54-2	*[54]	
107-19	46971-46979	Schatten	*->54-3	*[54]	
107-20	46980-46986	seines	_	_	
107-21	46987-46995	Freundes	_	_	
107-22	46996-47003	Jackson	_	_	
107-23	47004-47011	Pollock	_	_	
107-24	47012-47013	,	_	_	
107-25	47014-47019	beide	_	_	
107-26	47020-47029	Vertreter	_	_	
107-27	47030-47033	der	_	_	
107-28	47034-47045	sogenannten	_	_	
107-29	47046-47049	New	_	_	
107-30	47050-47054	York	_	_	
107-31	47055-47061	School	_	_	
107-32	47062-47077	beziehungsweise	_	_	
107-33	47078-47081	des	_	_	
107-34	47082-47083	"	_	_	
107-35	47084-47092	Abstract	_	_	
107-36	47093-47106	Expressionism	_	_	
107-37	47107-47108	"	_	_	
107-38	47109-47110	.	_	_	

#Text=Ohnehin werden beide Klubs gerne als Arbeitervereine verklärt , die sich als die kleineren Metropolenklubs gegen die Etablierten behaupten müssen : St. Pauli steht ( noch ) im Schatten des HSV , die Glasgow Rangers liefen Celtic in den vergangenen Jahren den Rang ab .
109-1	48642-48649	Ohnehin	_	_	
109-2	48650-48656	werden	_	_	
109-3	48657-48662	beide	_	_	
109-4	48663-48668	Klubs	_	_	
109-5	48669-48674	gerne	_	_	
109-6	48675-48678	als	_	_	
109-7	48679-48694	Arbeitervereine	_	_	
109-8	48695-48703	verklärt	_	_	
109-9	48704-48705	,	_	_	
109-10	48706-48709	die	_	_	
109-11	48710-48714	sich	_	_	
109-12	48715-48718	als	_	_	
109-13	48719-48722	die	_	_	
109-14	48723-48732	kleineren	_	_	
109-15	48733-48748	Metropolenklubs	_	_	
109-16	48749-48754	gegen	_	_	
109-17	48755-48758	die	_	_	
109-18	48759-48770	Etablierten	_	_	
109-19	48771-48780	behaupten	_	_	
109-20	48781-48787	müssen	_	_	
109-21	48788-48789	:	_	_	
109-22	48790-48793	St.	_	_	
109-23	48794-48799	Pauli	_	_	
109-24	48800-48805	steht	*->55-1	non-literal-mwe[55]	
109-25	48806-48807	(	_	_	
109-26	48808-48812	noch	_	_	
109-27	48813-48814	)	_	_	
109-28	48815-48817	im	*->55-2	*[55]	
109-29	48818-48826	Schatten	*->55-3	*[55]	
109-30	48827-48830	des	_	_	
109-31	48831-48834	HSV	_	_	
109-32	48835-48836	,	_	_	
109-33	48837-48840	die	_	_	
109-34	48841-48848	Glasgow	_	_	
109-35	48849-48856	Rangers	_	_	
109-36	48857-48863	liefen	_	_	
109-37	48864-48870	Celtic	_	_	
109-38	48871-48873	in	_	_	
109-39	48874-48877	den	_	_	
109-40	48878-48889	vergangenen	_	_	
109-41	48890-48896	Jahren	_	_	
109-42	48897-48900	den	_	_	
109-43	48901-48905	Rang	_	_	
109-44	48906-48908	ab	_	_	
109-45	48909-48910	.	_	_	

#Text=In Deutschland aber steht die sogenannte Ausländerfrage im Schatten der nationalsozialistischen Rassenpolitik .
111-1	49418-49420	In	_	_	
111-2	49421-49432	Deutschland	_	_	
111-3	49433-49437	aber	_	_	
111-4	49438-49443	steht	*->56-1	non-literal-mwe[56]	
111-5	49444-49447	die	_	_	
111-6	49448-49458	sogenannte	_	_	
111-7	49459-49473	Ausländerfrage	_	_	
111-8	49474-49476	im	*->56-2	*[56]	
111-9	49477-49485	Schatten	*->56-3	*[56]	
111-10	49486-49489	der	_	_	
111-11	49490-49513	nationalsozialistischen	_	_	
111-12	49514-49527	Rassenpolitik	_	_	
111-13	49528-49529	.	_	_	

#Text=Heute stehen sie ganz im Schatten der Verfahrenstricks , mit denen das neue Asylrecht versucht , Flüchtlingen sogar ein faires Asylverfahren in der Bundesrepublik zu verwehren .
113-1	50225-50230	Heute	_	_	
113-2	50231-50237	stehen	*->57-1	non-literal-mwe[57]	
113-3	50238-50241	sie	_	_	
113-4	50242-50246	ganz	_	_	
113-5	50247-50249	im	*->57-2	*[57]	
113-6	50250-50258	Schatten	*->57-3	*[57]	
113-7	50259-50262	der	_	_	
113-8	50263-50279	Verfahrenstricks	_	_	
113-9	50280-50281	,	_	_	
113-10	50282-50285	mit	_	_	
113-11	50286-50291	denen	_	_	
113-12	50292-50295	das	_	_	
113-13	50296-50300	neue	_	_	
113-14	50301-50310	Asylrecht	_	_	
113-15	50311-50319	versucht	_	_	
113-16	50320-50321	,	_	_	
113-17	50322-50334	Flüchtlingen	_	_	
113-18	50335-50340	sogar	_	_	
113-19	50341-50344	ein	_	_	
113-20	50345-50351	faires	_	_	
113-21	50352-50365	Asylverfahren	_	_	
113-22	50366-50368	in	_	_	
113-23	50369-50372	der	_	_	
113-24	50373-50387	Bundesrepublik	_	_	
113-25	50388-50390	zu	_	_	
113-26	50391-50400	verwehren	_	_	
113-27	50401-50402	.	_	_	

#Text=In den Augen der Öffentlichkeit steht Harry Evans längst im Schatten seiner Frau .
115-1	51375-51377	In	_	_	
115-2	51378-51381	den	_	_	
115-3	51382-51387	Augen	_	_	
115-4	51388-51391	der	_	_	
115-5	51392-51406	Öffentlichkeit	_	_	
115-6	51407-51412	steht	*->58-1	non-literal-mwe[58]	
115-7	51413-51418	Harry	_	_	
115-8	51419-51424	Evans	_	_	
115-9	51425-51431	längst	_	_	
115-10	51432-51434	im	*->58-2	*[58]	
115-11	51435-51443	Schatten	*->58-3	*[58]	
115-12	51444-51450	seiner	_	_	
115-13	51451-51455	Frau	_	_	
115-14	51456-51457	.	_	_	

#Text=Und hinter Ulli Wickert steht abends in seinem Schatten Diemuth Roether , und wenn er was Schlaues sagt , ist 's von ihr .
117-1	52313-52316	Und	_	_	
117-2	52317-52323	hinter	_	_	
117-3	52324-52328	Ulli	_	_	
117-4	52329-52336	Wickert	_	_	
117-5	52337-52342	steht	*->59-1	non-literal-mwe[59]	
117-6	52343-52349	abends	_	_	
117-7	52350-52352	in	*->59-2	*[59]	
117-8	52353-52359	seinem	_	_	
117-9	52360-52368	Schatten	*->59-3	*[59]	
117-10	52369-52376	Diemuth	_	_	
117-11	52377-52384	Roether	_	_	
117-12	52385-52386	,	_	_	
117-13	52387-52390	und	_	_	
117-14	52391-52395	wenn	_	_	
117-15	52396-52398	er	_	_	
117-16	52399-52402	was	_	_	
117-17	52403-52411	Schlaues	_	_	
117-18	52412-52416	sagt	_	_	
117-19	52417-52418	,	_	_	
117-20	52419-52422	ist	_	_	
117-21	52423-52425	's	_	_	
117-22	52426-52429	von	_	_	
117-23	52430-52433	ihr	_	_	
117-24	52434-52435	.	_	_	

#Text=In ihrem Schatten steht die schmächtige pubertierenden Tochter ( Jane Horrocks ) .
119-1	53298-53300	In	*->60-1	non-literal-mwe[60]	
119-2	53301-53306	ihrem	_	_	
119-3	53307-53315	Schatten	*->60-2	*[60]	
119-4	53316-53321	steht	*->60-3	*[60]	
119-5	53322-53325	die	_	_	
119-6	53326-53337	schmächtige	_	_	
119-7	53338-53352	pubertierenden	_	_	
119-8	53353-53360	Tochter	_	_	
119-9	53361-53362	(	_	_	
119-10	53363-53367	Jane	_	_	
119-11	53368-53376	Horrocks	_	_	
119-12	53377-53378	)	_	_	
119-13	53379-53380	.	_	_	

