#Text=Tausende dieser Kassen sind in den letzten Jahren wegen widriger Zinsentwicklungen und als Folge großzügigen Entgegenkommens der Regierung , die Spekulationsgeschäfte zuließ und selbst dabei den Sparern die Sicherheit ihrer Einlagen garantierte , durch Mißwirtschaft in eine Schieflage geraten , die ihre Existenz bedroht .
1-1	0-8	Tausende	_	_	
1-2	9-15	dieser	_	_	
1-3	16-22	Kassen	_	_	
1-4	23-27	sind	_	_	
1-5	28-30	in	_	_	
1-6	31-34	den	_	_	
1-7	35-42	letzten	_	_	
1-8	43-49	Jahren	_	_	
1-9	50-55	wegen	_	_	
1-10	56-64	widriger	_	_	
1-11	65-82	Zinsentwicklungen	_	_	
1-12	83-86	und	_	_	
1-13	87-90	als	_	_	
1-14	91-96	Folge	_	_	
1-15	97-108	großzügigen	_	_	
1-16	109-124	Entgegenkommens	_	_	
1-17	125-128	der	_	_	
1-18	129-138	Regierung	_	_	
1-19	139-140	,	_	_	
1-20	141-144	die	_	_	
1-21	145-166	Spekulationsgeschäfte	_	_	
1-22	167-173	zuließ	_	_	
1-23	174-177	und	_	_	
1-24	178-184	selbst	_	_	
1-25	185-190	dabei	_	_	
1-26	191-194	den	_	_	
1-27	195-202	Sparern	_	_	
1-28	203-206	die	_	_	
1-29	207-217	Sicherheit	_	_	
1-30	218-223	ihrer	_	_	
1-31	224-232	Einlagen	_	_	
1-32	233-244	garantierte	_	_	
1-33	245-246	,	_	_	
1-34	247-252	durch	_	_	
1-35	253-266	Mißwirtschaft	_	_	
1-36	267-269	in	*->1-1	non-literal-mwe[1]	
1-37	270-274	eine	_	_	
1-38	275-285	Schieflage	*->1-2	*[1]	
1-39	286-293	geraten	*->1-3	*[1]	
1-40	294-295	,	_	_	
1-41	296-299	die	_	_	
1-42	300-304	ihre	_	_	
1-43	305-313	Existenz	_	_	
1-44	314-321	bedroht	_	_	
1-45	322-323	.	_	_	

#Text=Zwar bemühte sich Triumph-Adler schon früh , bei der Produktion elektrischer Schreibmaschinen mit der Entwicklung Schritt zu halten , geriet jedoch immer wieder in wirtschaftliche Schieflagen .
3-1	954-958	Zwar	_	_	
3-2	959-966	bemühte	_	_	
3-3	967-971	sich	_	_	
3-4	972-985	Triumph-Adler	_	_	
3-5	986-991	schon	_	_	
3-6	992-996	früh	_	_	
3-7	997-998	,	_	_	
3-8	999-1002	bei	_	_	
3-9	1003-1006	der	_	_	
3-10	1007-1017	Produktion	_	_	
3-11	1018-1030	elektrischer	_	_	
3-12	1031-1047	Schreibmaschinen	_	_	
3-13	1048-1051	mit	_	_	
3-14	1052-1055	der	_	_	
3-15	1056-1067	Entwicklung	_	_	
3-16	1068-1075	Schritt	_	_	
3-17	1076-1078	zu	_	_	
3-18	1079-1085	halten	_	_	
3-19	1086-1087	,	_	_	
3-20	1088-1094	geriet	*->2-1	non-literal-mwe[2]	
3-21	1095-1101	jedoch	_	_	
3-22	1102-1107	immer	_	_	
3-23	1108-1114	wieder	_	_	
3-24	1115-1117	in	*->2-2	*[2]	
3-25	1118-1133	wirtschaftliche	_	_	
3-26	1134-1145	Schieflagen	*->2-3	*[2]	
3-27	1146-1147	.	_	_	

#Text=Gott ist der Loch in im Käse unseres Leben , ( wobei ich einräumen muß : spätestestens ab hier schien mir das gewählte Bild in Schieflage zu geraten ) ein Spalt zwischen privat bewußtlosem Dahindümpeln und in Unordnung geratener Welt .
5-1	1674-1678	Gott	_	_	
5-2	1679-1682	ist	_	_	
5-3	1683-1686	der	_	_	
5-4	1687-1691	Loch	_	_	
5-5	1692-1694	in	_	_	
5-6	1695-1697	im	_	_	
5-7	1698-1702	Käse	_	_	
5-8	1703-1710	unseres	_	_	
5-9	1711-1716	Leben	_	_	
5-10	1717-1718	,	_	_	
5-11	1719-1720	(	_	_	
5-12	1721-1726	wobei	_	_	
5-13	1727-1730	ich	_	_	
5-14	1731-1740	einräumen	_	_	
5-15	1741-1744	muß	_	_	
5-16	1745-1746	:	_	_	
5-17	1747-1760	spätestestens	_	_	
5-18	1761-1763	ab	_	_	
5-19	1764-1768	hier	_	_	
5-20	1769-1775	schien	_	_	
5-21	1776-1779	mir	_	_	
5-22	1780-1783	das	_	_	
5-23	1784-1792	gewählte	_	_	
5-24	1793-1797	Bild	_	_	
5-25	1798-1800	in	*->3-1	non-literal-mwe[3]	
5-26	1801-1811	Schieflage	*->3-2	*[3]	
5-27	1812-1814	zu	_	_	
5-28	1815-1822	geraten	*->3-3	*[3]	
5-29	1823-1824	)	_	_	
5-30	1825-1828	ein	_	_	
5-31	1829-1834	Spalt	_	_	
5-32	1835-1843	zwischen	_	_	
5-33	1844-1850	privat	_	_	
5-34	1851-1862	bewußtlosem	_	_	
5-35	1863-1875	Dahindümpeln	_	_	
5-36	1876-1879	und	_	_	
5-37	1880-1882	in	_	_	
5-38	1883-1892	Unordnung	_	_	
5-39	1893-1902	geratener	_	_	
5-40	1903-1907	Welt	_	_	
5-41	1908-1909	.	_	_	

#Text=Dynamisch sprintet er kreuz und quer , aktiviert , als ob er die vielen Fäden eines in Schieflage geratenen Unternehmens aufzugreifen hätte .
7-1	2769-2778	Dynamisch	_	_	
7-2	2779-2787	sprintet	_	_	
7-3	2788-2790	er	_	_	
7-4	2791-2796	kreuz	_	_	
7-5	2797-2800	und	_	_	
7-6	2801-2805	quer	_	_	
7-7	2806-2807	,	_	_	
7-8	2808-2817	aktiviert	_	_	
7-9	2818-2819	,	_	_	
7-10	2820-2823	als	_	_	
7-11	2824-2826	ob	_	_	
7-12	2827-2829	er	_	_	
7-13	2830-2833	die	_	_	
7-14	2834-2840	vielen	_	_	
7-15	2841-2846	Fäden	_	_	
7-16	2847-2852	eines	_	_	
7-17	2853-2855	in	*->4-1	non-literal-mwe[4]	
7-18	2856-2866	Schieflage	*->4-2	*[4]	
7-19	2867-2876	geratenen	*->4-3	*[4]	
7-20	2877-2889	Unternehmens	_	_	
7-21	2890-2902	aufzugreifen	_	_	
7-22	2903-2908	hätte	_	_	
7-23	2909-2910	.	_	_	

#Text=Firmenchefs , die dem Psycho-Kult angehören , haben häufig nichts Besseres zu tun , als der Sekte so viel Geld zu spenden , daß das Unternehmen in die wirtschaftliche Schieflage gerät .
9-1	3652-3663	Firmenchefs	_	_	
9-2	3664-3665	,	_	_	
9-3	3666-3669	die	_	_	
9-4	3670-3673	dem	_	_	
9-5	3674-3685	Psycho-Kult	_	_	
9-6	3686-3695	angehören	_	_	
9-7	3696-3697	,	_	_	
9-8	3698-3703	haben	_	_	
9-9	3704-3710	häufig	_	_	
9-10	3711-3717	nichts	_	_	
9-11	3718-3726	Besseres	_	_	
9-12	3727-3729	zu	_	_	
9-13	3730-3733	tun	_	_	
9-14	3734-3735	,	_	_	
9-15	3736-3739	als	_	_	
9-16	3740-3743	der	_	_	
9-17	3744-3749	Sekte	_	_	
9-18	3750-3752	so	_	_	
9-19	3753-3757	viel	_	_	
9-20	3758-3762	Geld	_	_	
9-21	3763-3765	zu	_	_	
9-22	3766-3773	spenden	_	_	
9-23	3774-3775	,	_	_	
9-24	3776-3779	daß	_	_	
9-25	3780-3783	das	_	_	
9-26	3784-3795	Unternehmen	_	_	
9-27	3796-3798	in	*->5-1	non-literal-mwe[5]	
9-28	3799-3802	die	_	_	
9-29	3803-3818	wirtschaftliche	_	_	
9-30	3819-3829	Schieflage	*->5-2	*[5]	
9-31	3830-3835	gerät	*->5-3	*[5]	
9-32	3836-3837	.	_	_	

#Text=Hamburg ( taz ) - In den nächsten drei Jahren will die Großgewerkschaft ÖTV mit Hilfe eines drastischen Sparprogramms ihre in Schieflage geratenen Finanzen wieder in Ordnung bringen .
11-1	5403-5410	Hamburg	_	_	
11-2	5411-5412	(	_	_	
11-3	5413-5416	taz	_	_	
11-4	5417-5418	)	_	_	
11-5	5419-5420	-	_	_	
11-6	5421-5423	In	_	_	
11-7	5424-5427	den	_	_	
11-8	5428-5436	nächsten	_	_	
11-9	5437-5441	drei	_	_	
11-10	5442-5448	Jahren	_	_	
11-11	5449-5453	will	_	_	
11-12	5454-5457	die	_	_	
11-13	5458-5474	Großgewerkschaft	_	_	
11-14	5475-5478	ÖTV	_	_	
11-15	5479-5482	mit	_	_	
11-16	5483-5488	Hilfe	_	_	
11-17	5489-5494	eines	_	_	
11-18	5495-5506	drastischen	_	_	
11-19	5507-5520	Sparprogramms	_	_	
11-20	5521-5525	ihre	_	_	
11-21	5526-5528	in	*->6-1	non-literal-mwe[6]	
11-22	5529-5539	Schieflage	*->6-2	*[6]	
11-23	5540-5549	geratenen	*->6-3	*[6]	
11-24	5550-5558	Finanzen	_	_	
11-25	5559-5565	wieder	_	_	
11-26	5566-5568	in	_	_	
11-27	5569-5576	Ordnung	_	_	
11-28	5577-5584	bringen	_	_	
11-29	5585-5586	.	_	_	

#Text=Denn die Bevölkerungsstruktur ist in eine ziemliche Schieflage geraten , die Wirtschaft ist völlig marode .
13-1	6385-6389	Denn	_	_	
13-2	6390-6393	die	_	_	
13-3	6394-6414	Bevölkerungsstruktur	_	_	
13-4	6415-6418	ist	_	_	
13-5	6419-6421	in	*->7-1	non-literal-mwe[7]	
13-6	6422-6426	eine	_	_	
13-7	6427-6436	ziemliche	_	_	
13-8	6437-6447	Schieflage	*->7-2	*[7]	
13-9	6448-6455	geraten	*->7-3	*[7]	
13-10	6456-6457	,	_	_	
13-11	6458-6461	die	_	_	
13-12	6462-6472	Wirtschaft	_	_	
13-13	6473-6476	ist	_	_	
13-14	6477-6483	völlig	_	_	
13-15	6484-6490	marode	_	_	
13-16	6491-6492	.	_	_	

#Text=Seit 1983 die AG Weser schloß , geriet der Stadtteil immer mehr in die soziale Schieflage .
15-1	7360-7364	Seit	_	_	
15-2	7365-7369	1983	_	_	
15-3	7370-7373	die	_	_	
15-4	7374-7376	AG	_	_	
15-5	7377-7382	Weser	_	_	
15-6	7383-7389	schloß	_	_	
15-7	7390-7391	,	_	_	
15-8	7392-7398	geriet	*->8-1	non-literal-mwe[8]	
15-9	7399-7402	der	_	_	
15-10	7403-7412	Stadtteil	_	_	
15-11	7413-7418	immer	_	_	
15-12	7419-7423	mehr	_	_	
15-13	7424-7426	in	*->8-2	*[8]	
15-14	7427-7430	die	_	_	
15-15	7431-7438	soziale	_	_	
15-16	7439-7449	Schieflage	*->8-3	*[8]	
15-17	7450-7451	.	_	_	

#Text=[ ... ] Nach der Anmoderation des ZDF-Reporters am 30.5 . in der Sendung " heute journal spezial " , welche lautete : " Im Bonner Außenministerium heute ebenfalls Entsetzen über die Gewalttat , ist doch abzusehen , daß erneut das Bild Deutschlands im Ausland in eine Schieflage geraten könnte " , erschienen Sie auf dem Bildschirm und sagten : " Ja , dies wird uns sicher ansehensmäßig im Ausland und im Inland schaden .
17-1	7877-7878	[	_	_	
17-2	7879-7882	...	_	_	
17-3	7883-7884	]	_	_	
17-4	7885-7889	Nach	_	_	
17-5	7890-7893	der	_	_	
17-6	7894-7906	Anmoderation	_	_	
17-7	7907-7910	des	_	_	
17-8	7911-7924	ZDF-Reporters	_	_	
17-9	7925-7927	am	_	_	
17-10	7928-7932	30.5	_	_	
17-11	7933-7934	.	_	_	
17-12	7935-7937	in	_	_	
17-13	7938-7941	der	_	_	
17-14	7942-7949	Sendung	_	_	
17-15	7950-7951	"	_	_	
17-16	7952-7957	heute	_	_	
17-17	7958-7965	journal	_	_	
17-18	7966-7973	spezial	_	_	
17-19	7974-7975	"	_	_	
17-20	7976-7977	,	_	_	
17-21	7978-7984	welche	_	_	
17-22	7985-7992	lautete	_	_	
17-23	7993-7994	:	_	_	
17-24	7995-7996	"	_	_	
17-25	7997-7999	Im	_	_	
17-26	8000-8006	Bonner	_	_	
17-27	8007-8023	Außenministerium	_	_	
17-28	8024-8029	heute	_	_	
17-29	8030-8039	ebenfalls	_	_	
17-30	8040-8049	Entsetzen	_	_	
17-31	8050-8054	über	_	_	
17-32	8055-8058	die	_	_	
17-33	8059-8068	Gewalttat	_	_	
17-34	8069-8070	,	_	_	
17-35	8071-8074	ist	_	_	
17-36	8075-8079	doch	_	_	
17-37	8080-8089	abzusehen	_	_	
17-38	8090-8091	,	_	_	
17-39	8092-8095	daß	_	_	
17-40	8096-8102	erneut	_	_	
17-41	8103-8106	das	_	_	
17-42	8107-8111	Bild	_	_	
17-43	8112-8124	Deutschlands	_	_	
17-44	8125-8127	im	_	_	
17-45	8128-8135	Ausland	_	_	
17-46	8136-8138	in	*->9-1	non-literal-mwe[9]	
17-47	8139-8143	eine	_	_	
17-48	8144-8154	Schieflage	*->9-2	*[9]	
17-49	8155-8162	geraten	*->9-3	*[9]	
17-50	8163-8169	könnte	_	_	
17-51	8170-8171	"	_	_	
17-52	8172-8173	,	_	_	
17-53	8174-8184	erschienen	_	_	
17-54	8185-8188	Sie	_	_	
17-55	8189-8192	auf	_	_	
17-56	8193-8196	dem	_	_	
17-57	8197-8207	Bildschirm	_	_	
17-58	8208-8211	und	_	_	
17-59	8212-8218	sagten	_	_	
17-60	8219-8220	:	_	_	
17-61	8221-8222	"	_	_	
17-62	8223-8225	Ja	_	_	
17-63	8226-8227	,	_	_	
17-64	8228-8232	dies	_	_	
17-65	8233-8237	wird	_	_	
17-66	8238-8241	uns	_	_	
17-67	8242-8248	sicher	_	_	
17-68	8249-8262	ansehensmäßig	_	_	
17-69	8263-8265	im	_	_	
17-70	8266-8273	Ausland	_	_	
17-71	8274-8277	und	_	_	
17-72	8278-8280	im	_	_	
17-73	8281-8287	Inland	_	_	
17-74	8288-8295	schaden	_	_	
17-75	8296-8297	.	_	_	

#Text=Durch die schleppende Zahlungsmoral der Produkt-Hersteller , die eifrig Grüne Punkte auf ihre Waren druckten , die fälligen Lizenz-Gebühren aber nur teilweise abführten , war das DSD in ökonomische Schieflage geraten und stellte seine Zahlungen an die kommunalen Müllsortierer ein .
19-1	9355-9360	Durch	_	_	
19-2	9361-9364	die	_	_	
19-3	9365-9376	schleppende	_	_	
19-4	9377-9390	Zahlungsmoral	_	_	
19-5	9391-9394	der	_	_	
19-6	9395-9413	Produkt-Hersteller	_	_	
19-7	9414-9415	,	_	_	
19-8	9416-9419	die	_	_	
19-9	9420-9426	eifrig	_	_	
19-10	9427-9432	Grüne	_	_	
19-11	9433-9439	Punkte	_	_	
19-12	9440-9443	auf	_	_	
19-13	9444-9448	ihre	_	_	
19-14	9449-9454	Waren	_	_	
19-15	9455-9463	druckten	_	_	
19-16	9464-9465	,	_	_	
19-17	9466-9469	die	_	_	
19-18	9470-9478	fälligen	_	_	
19-19	9479-9494	Lizenz-Gebühren	_	_	
19-20	9495-9499	aber	_	_	
19-21	9500-9503	nur	_	_	
19-22	9504-9513	teilweise	_	_	
19-23	9514-9523	abführten	_	_	
19-24	9524-9525	,	_	_	
19-25	9526-9529	war	_	_	
19-26	9530-9533	das	_	_	
19-27	9534-9537	DSD	_	_	
19-28	9538-9540	in	*->10-1	non-literal-mwe[10]	
19-29	9541-9552	ökonomische	_	_	
19-30	9553-9563	Schieflage	*->10-2	*[10]	
19-31	9564-9571	geraten	*->10-3	*[10]	
19-32	9572-9575	und	_	_	
19-33	9576-9583	stellte	_	_	
19-34	9584-9589	seine	_	_	
19-35	9590-9599	Zahlungen	_	_	
19-36	9600-9602	an	_	_	
19-37	9603-9606	die	_	_	
19-38	9607-9617	kommunalen	_	_	
19-39	9618-9631	Müllsortierer	_	_	
19-40	9632-9635	ein	_	_	
19-41	9636-9637	.	_	_	

#Text=Ein Hilfskonstrukt , um die Dinge aus einer Schieflage zu befreien , in die sie in den 70ern geraten waren .
21-1	10416-10419	Ein	_	_	
21-2	10420-10434	Hilfskonstrukt	_	_	
21-3	10435-10436	,	_	_	
21-4	10437-10439	um	_	_	
21-5	10440-10443	die	_	_	
21-6	10444-10449	Dinge	_	_	
21-7	10450-10453	aus	*->11-1	non-literal-mwe[11]	
21-8	10454-10459	einer	_	_	
21-9	10460-10470	Schieflage	*->11-2	*[11]	
21-10	10471-10473	zu	_	_	
21-11	10474-10482	befreien	_	_	
21-12	10483-10484	,	_	_	
21-13	10485-10487	in	_	_	
21-14	10488-10491	die	_	_	
21-15	10492-10495	sie	_	_	
21-16	10496-10498	in	_	_	
21-17	10499-10502	den	_	_	
21-18	10503-10508	70ern	_	_	
21-19	10509-10516	geraten	*->11-3	*[11]	
21-20	10517-10522	waren	_	_	
21-21	10523-10524	.	_	_	

#Text=Der Wohnungsmarkt in Polen ist durch die Wirtschaftsreform und besonders die Politik des knappen Geldes in eine kuriose Schieflage geraten .
23-1	12377-12380	Der	_	_	
23-2	12381-12394	Wohnungsmarkt	_	_	
23-3	12395-12397	in	_	_	
23-4	12398-12403	Polen	_	_	
23-5	12404-12407	ist	_	_	
23-6	12408-12413	durch	_	_	
23-7	12414-12417	die	_	_	
23-8	12418-12435	Wirtschaftsreform	_	_	
23-9	12436-12439	und	_	_	
23-10	12440-12449	besonders	_	_	
23-11	12450-12453	die	_	_	
23-12	12454-12461	Politik	_	_	
23-13	12462-12465	des	_	_	
23-14	12466-12473	knappen	_	_	
23-15	12474-12480	Geldes	_	_	
23-16	12481-12483	in	*->12-1	non-literal-mwe[12]	
23-17	12484-12488	eine	_	_	
23-18	12489-12496	kuriose	_	_	
23-19	12497-12507	Schieflage	*->12-2	*[12]	
23-20	12508-12515	geraten	*->12-3	*[12]	
23-21	12516-12517	.	_	_	

#Text=Ohne Andrej Kosyrew gerät die russische Außenpolitik in eine Schieflage .
25-1	13219-13223	Ohne	_	_	
25-2	13224-13230	Andrej	_	_	
25-3	13231-13238	Kosyrew	_	_	
25-4	13239-13244	gerät	*->13-1	non-literal-mwe[13]	
25-5	13245-13248	die	_	_	
25-6	13249-13258	russische	_	_	
25-7	13259-13271	Außenpolitik	_	_	
25-8	13272-13274	in	*->13-2	*[13]	
25-9	13275-13279	eine	_	_	
25-10	13280-13290	Schieflage	*->13-3	*[13]	
25-11	13291-13292	.	_	_	

#Text=Ein Schlepper des Schiffahrtsunternehmens Fehner war dort in Schieflage geraten , nachdem Wasser in das Boot eingedrungen war .
27-1	13451-13454	Ein	_	_	
27-2	13455-13464	Schlepper	_	_	
27-3	13465-13468	des	_	_	
27-4	13469-13492	Schiffahrtsunternehmens	_	_	
27-5	13493-13499	Fehner	_	_	
27-6	13500-13503	war	_	_	
27-7	13504-13508	dort	_	_	
27-8	13509-13511	in	*->14-1	literal[14]	
27-9	13512-13522	Schieflage	*->14-2	*[14]	
27-10	13523-13530	geraten	*->14-3	*[14]	
27-11	13531-13532	,	_	_	
27-12	13533-13540	nachdem	_	_	
27-13	13541-13547	Wasser	_	_	
27-14	13548-13550	in	_	_	
27-15	13551-13554	das	_	_	
27-16	13555-13559	Boot	_	_	
27-17	13560-13572	eingedrungen	_	_	
27-18	13573-13576	war	_	_	
27-19	13577-13578	.	_	_	

#Text=Schließlich seien alle Länder und Kommunen inzwischen in die gleiche haushaltspolitische Schieflage geraten .
29-1	13987-13998	Schließlich	_	_	
29-2	13999-14004	seien	_	_	
29-3	14005-14009	alle	_	_	
29-4	14010-14016	Länder	_	_	
29-5	14017-14020	und	_	_	
29-6	14021-14029	Kommunen	_	_	
29-7	14030-14040	inzwischen	_	_	
29-8	14041-14043	in	*->15-1	non-literal-mwe[15]	
29-9	14044-14047	die	_	_	
29-10	14048-14055	gleiche	_	_	
29-11	14056-14075	haushaltspolitische	_	_	
29-12	14076-14086	Schieflage	*->15-2	*[15]	
29-13	14087-14094	geraten	*->15-3	*[15]	
29-14	14095-14096	.	_	_	

#Text=Ein richtiger Immobiliencrash , wie jüngst in Norwegen , Teilen Großbritanniens , den USA und Tokio , steht Hamburg jedoch nicht bevor , weil die Banken fester stehen : Große Immobilienkrisen brechen gewöhnlich erst dann aus , wenn einzelne Banken in Schieflage geraten und anfangen , ihre nicht bedienten Hypotheken mit Zwangsversteigerungen zu versilbern .
31-1	14562-14565	Ein	_	_	
31-2	14566-14575	richtiger	_	_	
31-3	14576-14591	Immobiliencrash	_	_	
31-4	14592-14593	,	_	_	
31-5	14594-14597	wie	_	_	
31-6	14598-14604	jüngst	_	_	
31-7	14605-14607	in	_	_	
31-8	14608-14616	Norwegen	_	_	
31-9	14617-14618	,	_	_	
31-10	14619-14625	Teilen	_	_	
31-11	14626-14641	Großbritanniens	_	_	
31-12	14642-14643	,	_	_	
31-13	14644-14647	den	_	_	
31-14	14648-14651	USA	_	_	
31-15	14652-14655	und	_	_	
31-16	14656-14661	Tokio	_	_	
31-17	14662-14663	,	_	_	
31-18	14664-14669	steht	_	_	
31-19	14670-14677	Hamburg	_	_	
31-20	14678-14684	jedoch	_	_	
31-21	14685-14690	nicht	_	_	
31-22	14691-14696	bevor	_	_	
31-23	14697-14698	,	_	_	
31-24	14699-14703	weil	_	_	
31-25	14704-14707	die	_	_	
31-26	14708-14714	Banken	_	_	
31-27	14715-14721	fester	*->45-1	non-literal[45]	
31-28	14722-14728	stehen	*->45-2	non-literal[45]	
31-29	14729-14730	:	_	_	
31-30	14731-14736	Große	_	_	
31-31	14737-14753	Immobilienkrisen	_	_	
31-32	14754-14761	brechen	_	_	
31-33	14762-14772	gewöhnlich	_	_	
31-34	14773-14777	erst	_	_	
31-35	14778-14782	dann	_	_	
31-36	14783-14786	aus	_	_	
31-37	14787-14788	,	_	_	
31-38	14789-14793	wenn	_	_	
31-39	14794-14802	einzelne	_	_	
31-40	14803-14809	Banken	_	_	
31-41	14810-14812	in	*->16-1	non-literal-mwe[16]	
31-42	14813-14823	Schieflage	*->16-2	*[16]	
31-43	14824-14831	geraten	*->16-3	*[16]	
31-44	14832-14835	und	_	_	
31-45	14836-14844	anfangen	_	_	
31-46	14845-14846	,	_	_	
31-47	14847-14851	ihre	_	_	
31-48	14852-14857	nicht	_	_	
31-49	14858-14867	bedienten	_	_	
31-50	14868-14878	Hypotheken	_	_	
31-51	14879-14882	mit	_	_	
31-52	14883-14904	Zwangsversteigerungen	_	_	
31-53	14905-14907	zu	_	_	
31-54	14908-14918	versilbern	_	_	
31-55	14919-14920	.	_	_	

#Text=Der Immobilienmarkt ist nach Ansicht des Chefs der Berliner Bankgesellschaft , Hubertus Moser , in eine Schieflage geraten .
33-1	15777-15780	Der	_	_	
33-2	15781-15796	Immobilienmarkt	_	_	
33-3	15797-15800	ist	_	_	
33-4	15801-15805	nach	_	_	
33-5	15806-15813	Ansicht	_	_	
33-6	15814-15817	des	_	_	
33-7	15818-15823	Chefs	_	_	
33-8	15824-15827	der	_	_	
33-9	15828-15836	Berliner	_	_	
33-10	15837-15853	Bankgesellschaft	_	_	
33-11	15854-15855	,	_	_	
33-12	15856-15864	Hubertus	_	_	
33-13	15865-15870	Moser	_	_	
33-14	15871-15872	,	_	_	
33-15	15873-15875	in	*->17-1	non-literal-mwe[17]	
33-16	15876-15880	eine	_	_	
33-17	15881-15891	Schieflage	*->17-2	*[17]	
33-18	15892-15899	geraten	*->17-3	*[17]	
33-19	15900-15901	.	_	_	

#Text=Die Vereinsführung ist nicht gut auf den JU-Chef zu sprechen , seit die BSI , an der auch der TuS beteiligt ist , in eine finanzielle Schieflage geraten ist .
35-1	16295-16298	Die	_	_	
35-2	16299-16313	Vereinsführung	_	_	
35-3	16314-16317	ist	_	_	
35-4	16318-16323	nicht	_	_	
35-5	16324-16327	gut	_	_	
35-6	16328-16331	auf	_	_	
35-7	16332-16335	den	_	_	
35-8	16336-16343	JU-Chef	_	_	
35-9	16344-16346	zu	_	_	
35-10	16347-16355	sprechen	_	_	
35-11	16356-16357	,	_	_	
35-12	16358-16362	seit	_	_	
35-13	16363-16366	die	_	_	
35-14	16367-16370	BSI	_	_	
35-15	16371-16372	,	_	_	
35-16	16373-16375	an	_	_	
35-17	16376-16379	der	_	_	
35-18	16380-16384	auch	_	_	
35-19	16385-16388	der	_	_	
35-20	16389-16392	TuS	_	_	
35-21	16393-16402	beteiligt	_	_	
35-22	16403-16406	ist	_	_	
35-23	16407-16408	,	_	_	
35-24	16409-16411	in	*->18-1	non-literal-mwe[18]	
35-25	16412-16416	eine	_	_	
35-26	16417-16428	finanzielle	_	_	
35-27	16429-16439	Schieflage	*->18-2	*[18]	
35-28	16440-16447	geraten	*->18-3	*[18]	
35-29	16448-16451	ist	_	_	
35-30	16452-16453	.	_	_	

#Text=Dadurch gerät die Sozialneid-Parabel in Schieflage : Die irrationale Logik , nach der einem , der nicht deutsch aussieht , Rechte , Glück und Zuwendung abspenstig gemacht werden , erschließt sich nicht .
37-1	17498-17505	Dadurch	_	_	
37-2	17506-17511	gerät	*->19-1	non-literal-mwe[19]	
37-3	17512-17515	die	_	_	
37-4	17516-17534	Sozialneid-Parabel	_	_	
37-5	17535-17537	in	*->19-2	*[19]	
37-6	17538-17548	Schieflage	*->19-3	*[19]	
37-7	17549-17550	:	_	_	
37-8	17551-17554	Die	_	_	
37-9	17555-17566	irrationale	_	_	
37-10	17567-17572	Logik	_	_	
37-11	17573-17574	,	_	_	
37-12	17575-17579	nach	_	_	
37-13	17580-17583	der	_	_	
37-14	17584-17589	einem	_	_	
37-15	17590-17591	,	_	_	
37-16	17592-17595	der	_	_	
37-17	17596-17601	nicht	_	_	
37-18	17602-17609	deutsch	_	_	
37-19	17610-17618	aussieht	_	_	
37-20	17619-17620	,	_	_	
37-21	17621-17627	Rechte	_	_	
37-22	17628-17629	,	_	_	
37-23	17630-17635	Glück	_	_	
37-24	17636-17639	und	_	_	
37-25	17640-17649	Zuwendung	_	_	
37-26	17650-17660	abspenstig	_	_	
37-27	17661-17668	gemacht	_	_	
37-28	17669-17675	werden	_	_	
37-29	17676-17677	,	_	_	
37-30	17678-17688	erschließt	_	_	
37-31	17689-17693	sich	_	_	
37-32	17694-17699	nicht	_	_	
37-33	17700-17701	.	_	_	

#Text=Und selbst wenn McDonald 's weniger Bouletten in Moskau verkauft , wird der Konzern deswegen nicht in finanzielle Schieflage geraten .
39-1	18054-18057	Und	_	_	
39-2	18058-18064	selbst	_	_	
39-3	18065-18069	wenn	_	_	
39-4	18070-18078	McDonald	_	_	
39-5	18079-18081	's	_	_	
39-6	18082-18089	weniger	_	_	
39-7	18090-18099	Bouletten	_	_	
39-8	18100-18102	in	_	_	
39-9	18103-18109	Moskau	_	_	
39-10	18110-18118	verkauft	_	_	
39-11	18119-18120	,	_	_	
39-12	18121-18125	wird	_	_	
39-13	18126-18129	der	_	_	
39-14	18130-18137	Konzern	_	_	
39-15	18138-18146	deswegen	_	_	
39-16	18147-18152	nicht	_	_	
39-17	18153-18155	in	*->20-1	non-literal-mwe[20]	
39-18	18156-18167	finanzielle	_	_	
39-19	18168-18178	Schieflage	*->20-2	*[20]	
39-20	18179-18186	geraten	*->20-3	*[20]	
39-21	18187-18188	.	_	_	

#Text=Paul Breuer ( CDU ) sagte an die Adresse der SPD : Wer mit " derartigen Chaoten Politik machen will " , gerate in eine politische Schieflage .
41-1	18898-18902	Paul	_	_	
41-2	18903-18909	Breuer	_	_	
41-3	18910-18911	(	_	_	
41-4	18912-18915	CDU	_	_	
41-5	18916-18917	)	_	_	
41-6	18918-18923	sagte	_	_	
41-7	18924-18926	an	_	_	
41-8	18927-18930	die	_	_	
41-9	18931-18938	Adresse	_	_	
41-10	18939-18942	der	_	_	
41-11	18943-18946	SPD	_	_	
41-12	18947-18948	:	_	_	
41-13	18949-18952	Wer	_	_	
41-14	18953-18956	mit	_	_	
41-15	18957-18958	"	_	_	
41-16	18959-18969	derartigen	_	_	
41-17	18970-18977	Chaoten	_	_	
41-18	18978-18985	Politik	_	_	
41-19	18986-18992	machen	_	_	
41-20	18993-18997	will	_	_	
41-21	18998-18999	"	_	_	
41-22	19000-19001	,	_	_	
41-23	19002-19008	gerate	*->21-1	non-literal-mwe[21]	
41-24	19009-19011	in	*->21-2	*[21]	
41-25	19012-19016	eine	_	_	
41-26	19017-19027	politische	_	_	
41-27	19028-19038	Schieflage	*->21-3	*[21]	
41-28	19039-19040	.	_	_	

#Text=Dieser habe viel zu spät bei der in Schieflage geratenen britischen Tochter eingegriffen .
43-1	19636-19642	Dieser	_	_	
43-2	19643-19647	habe	_	_	
43-3	19648-19652	viel	_	_	
43-4	19653-19655	zu	_	_	
43-5	19656-19660	spät	_	_	
43-6	19661-19664	bei	_	_	
43-7	19665-19668	der	_	_	
43-8	19669-19671	in	*->22-1	non-literal-mwe[22]	
43-9	19672-19682	Schieflage	*->22-2	*[22]	
43-10	19683-19692	geratenen	*->22-3	*[22]	
43-11	19693-19703	britischen	_	_	
43-12	19704-19711	Tochter	_	_	
43-13	19712-19724	eingegriffen	_	_	
43-14	19725-19726	.	_	_	

#Text=Das 120 Millionen Mark teure und privat geführte Festspielhaus war in den vergangenen Wochen in eine finanzielle Schieflage geraten , weil angeblich zwischen 6 und 6,5 Millionen Mark fehlen .
45-1	20529-20532	Das	_	_	
45-2	20533-20536	120	_	_	
45-3	20537-20546	Millionen	_	_	
45-4	20547-20551	Mark	_	_	
45-5	20552-20557	teure	_	_	
45-6	20558-20561	und	_	_	
45-7	20562-20568	privat	_	_	
45-8	20569-20577	geführte	_	_	
45-9	20578-20591	Festspielhaus	_	_	
45-10	20592-20595	war	_	_	
45-11	20596-20598	in	_	_	
45-12	20599-20602	den	_	_	
45-13	20603-20614	vergangenen	_	_	
45-14	20615-20621	Wochen	_	_	
45-15	20622-20624	in	*->23-1	non-literal-mwe[23]	
45-16	20625-20629	eine	_	_	
45-17	20630-20641	finanzielle	_	_	
45-18	20642-20652	Schieflage	*->23-2	*[23]	
45-19	20653-20660	geraten	*->23-3	*[23]	
45-20	20661-20662	,	_	_	
45-21	20663-20667	weil	_	_	
45-22	20668-20677	angeblich	_	_	
45-23	20678-20686	zwischen	_	_	
45-24	20687-20688	6	_	_	
45-25	20689-20692	und	_	_	
45-26	20693-20696	6,5	_	_	
45-27	20697-20706	Millionen	_	_	
45-28	20707-20711	Mark	_	_	
45-29	20712-20718	fehlen	_	_	
45-30	20719-20720	.	_	_	

#Text=Auch Situationen , die es in Wirklichkeit nicht gibt : Im verbotenen Tiefflug über Berlin ist die Boeing737 in gefährliche Schieflage geraten , droht hinter dem Schloß in die Spree zu stürzen .
47-1	21944-21948	Auch	_	_	
47-2	21949-21960	Situationen	_	_	
47-3	21961-21962	,	_	_	
47-4	21963-21966	die	_	_	
47-5	21967-21969	es	_	_	
47-6	21970-21972	in	_	_	
47-7	21973-21985	Wirklichkeit	_	_	
47-8	21986-21991	nicht	_	_	
47-9	21992-21996	gibt	_	_	
47-10	21997-21998	:	_	_	
47-11	21999-22001	Im	_	_	
47-12	22002-22012	verbotenen	_	_	
47-13	22013-22021	Tiefflug	_	_	
47-14	22022-22026	über	_	_	
47-15	22027-22033	Berlin	_	_	
47-16	22034-22037	ist	_	_	
47-17	22038-22041	die	_	_	
47-18	22042-22051	Boeing737	_	_	
47-19	22052-22054	in	*->24-1	literal[24]	
47-20	22055-22066	gefährliche	_	_	
47-21	22067-22077	Schieflage	*->24-2	*[24]	
47-22	22078-22085	geraten	*->24-3	*[24]	
47-23	22086-22087	,	_	_	
47-24	22088-22093	droht	_	_	
47-25	22094-22100	hinter	_	_	
47-26	22101-22104	dem	_	_	
47-27	22105-22111	Schloß	_	_	
47-28	22112-22114	in	_	_	
47-29	22115-22118	die	_	_	
47-30	22119-22124	Spree	_	_	
47-31	22125-22127	zu	_	_	
47-32	22128-22135	stürzen	_	_	
47-33	22136-22137	.	_	_	

#Text=Auch Abschreibungen der Bank in Höhe von 240 Millionen Mark wegen ihres Engagements bei dem in Schieflage geratenen Hedge Fonds LTCM belasteten das Ergebnis .
49-1	22845-22849	Auch	_	_	
49-2	22850-22864	Abschreibungen	_	_	
49-3	22865-22868	der	_	_	
49-4	22869-22873	Bank	_	_	
49-5	22874-22876	in	_	_	
49-6	22877-22881	Höhe	_	_	
49-7	22882-22885	von	_	_	
49-8	22886-22889	240	_	_	
49-9	22890-22899	Millionen	_	_	
49-10	22900-22904	Mark	_	_	
49-11	22905-22910	wegen	_	_	
49-12	22911-22916	ihres	_	_	
49-13	22917-22928	Engagements	_	_	
49-14	22929-22932	bei	_	_	
49-15	22933-22936	dem	_	_	
49-16	22937-22939	in	*->25-1	non-literal-mwe[25]	
49-17	22940-22950	Schieflage	*->25-2	*[25]	
49-18	22951-22960	geratenen	*->25-3	*[25]	
49-19	22961-22966	Hedge	_	_	
49-20	22967-22972	Fonds	_	_	
49-21	22973-22977	LTCM	_	_	
49-22	22978-22988	belasteten	_	_	
49-23	22989-22992	das	_	_	
49-24	22993-23001	Ergebnis	_	_	
49-25	23002-23003	.	_	_	

#Text=Unter Kohls Regentschaft geriet die Partei in eine Schieflage , das Goldene Zeitalter der Schwarzen ist vorüber .
51-1	23470-23475	Unter	_	_	
51-2	23476-23481	Kohls	_	_	
51-3	23482-23494	Regentschaft	_	_	
51-4	23495-23501	geriet	*->26-1	non-literal-mwe[26]	
51-5	23502-23505	die	_	_	
51-6	23506-23512	Partei	_	_	
51-7	23513-23515	in	*->26-2	*[26]	
51-8	23516-23520	eine	_	_	
51-9	23521-23531	Schieflage	*->26-3	*[26]	
51-10	23532-23533	,	_	_	
51-11	23534-23537	das	_	_	
51-12	23538-23545	Goldene	_	_	
51-13	23546-23555	Zeitalter	_	_	
51-14	23556-23559	der	_	_	
51-15	23560-23569	Schwarzen	_	_	
51-16	23570-23573	ist	_	_	
51-17	23574-23581	vorüber	_	_	
51-18	23582-23583	.	_	_	

#Text=Ist gefangen , gebannt , macht mit , schiebt den Körper in die Gegenrichtung , sobald das Ei in Schieflage gerät , und spürt der inneren Mitte nach .
53-1	24159-24162	Ist	_	_	
53-2	24163-24171	gefangen	_	_	
53-3	24172-24173	,	_	_	
53-4	24174-24181	gebannt	_	_	
53-5	24182-24183	,	_	_	
53-6	24184-24189	macht	_	_	
53-7	24190-24193	mit	_	_	
53-8	24194-24195	,	_	_	
53-9	24196-24203	schiebt	_	_	
53-10	24204-24207	den	_	_	
53-11	24208-24214	Körper	_	_	
53-12	24215-24217	in	_	_	
53-13	24218-24221	die	_	_	
53-14	24222-24235	Gegenrichtung	_	_	
53-15	24236-24237	,	_	_	
53-16	24238-24244	sobald	_	_	
53-17	24245-24248	das	_	_	
53-18	24249-24251	Ei	_	_	
53-19	24252-24254	in	*->27-1	literal[27]	
53-20	24255-24265	Schieflage	*->27-2	*[27]	
53-21	24266-24271	gerät	*->27-3	*[27]	
53-22	24272-24273	,	_	_	
53-23	24274-24277	und	_	_	
53-24	24278-24283	spürt	_	_	
53-25	24284-24287	der	_	_	
53-26	24288-24295	inneren	_	_	
53-27	24296-24301	Mitte	_	_	
53-28	24302-24306	nach	_	_	
53-29	24307-24308	.	_	_	

#Text=" Lesbierinnen " allerdings kommen kaum vor ( wahrscheinlich wegen der Kostüme , gell ) , weswegen der Film als historisches Vehikel etwas in Schieflage gerät .
55-1	24943-24944	"	_	_	
55-2	24945-24957	Lesbierinnen	_	_	
55-3	24958-24959	"	_	_	
55-4	24960-24970	allerdings	_	_	
55-5	24971-24977	kommen	_	_	
55-6	24978-24982	kaum	_	_	
55-7	24983-24986	vor	_	_	
55-8	24987-24988	(	_	_	
55-9	24989-25003	wahrscheinlich	_	_	
55-10	25004-25009	wegen	_	_	
55-11	25010-25013	der	_	_	
55-12	25014-25021	Kostüme	_	_	
55-13	25022-25023	,	_	_	
55-14	25024-25028	gell	_	_	
55-15	25029-25030	)	_	_	
55-16	25031-25032	,	_	_	
55-17	25033-25041	weswegen	_	_	
55-18	25042-25045	der	_	_	
55-19	25046-25050	Film	_	_	
55-20	25051-25054	als	_	_	
55-21	25055-25067	historisches	_	_	
55-22	25068-25075	Vehikel	_	_	
55-23	25076-25081	etwas	_	_	
55-24	25082-25084	in	*->28-1	non-literal-mwe[28]	
55-25	25085-25095	Schieflage	*->28-2	*[28]	
55-26	25096-25101	gerät	*->28-3	*[28]	
55-27	25102-25103	.	_	_	

#Text=" Doch nach weiteren Sitzungen sei die Konzeption in eine " Schieflage zugunsten der üblichen Struktur des Stadtforums geraten " , bemängelt der Politikprofessor .
57-1	25501-25502	"	_	_	
57-2	25503-25507	Doch	_	_	
57-3	25508-25512	nach	_	_	
57-4	25513-25521	weiteren	_	_	
57-5	25522-25531	Sitzungen	_	_	
57-6	25532-25535	sei	_	_	
57-7	25536-25539	die	_	_	
57-8	25540-25550	Konzeption	_	_	
57-9	25551-25553	in	*->29-1	non-literal-mwe[29]	
57-10	25554-25558	eine	_	_	
57-11	25559-25560	"	_	_	
57-12	25561-25571	Schieflage	*->29-2	*[29]	
57-13	25572-25581	zugunsten	_	_	
57-14	25582-25585	der	_	_	
57-15	25586-25594	üblichen	_	_	
57-16	25595-25603	Struktur	_	_	
57-17	25604-25607	des	_	_	
57-18	25608-25619	Stadtforums	_	_	
57-19	25620-25627	geraten	*->29-3	*[29]	
57-20	25628-25629	"	_	_	
57-21	25630-25631	,	_	_	
57-22	25632-25641	bemängelt	_	_	
57-23	25642-25645	der	_	_	
57-24	25646-25662	Politikprofessor	_	_	
57-25	25663-25664	.	_	_	

#Text=Die Ermittlungen beziehen sich aber auf Vorgänge aus dem Jahre 1995 , nachdem der Vulkan schon in Schieflage geraten war .
59-1	26389-26392	Die	_	_	
59-2	26393-26405	Ermittlungen	_	_	
59-3	26406-26414	beziehen	_	_	
59-4	26415-26419	sich	_	_	
59-5	26420-26424	aber	_	_	
59-6	26425-26428	auf	_	_	
59-7	26429-26437	Vorgänge	_	_	
59-8	26438-26441	aus	_	_	
59-9	26442-26445	dem	_	_	
59-10	26446-26451	Jahre	_	_	
59-11	26452-26456	1995	_	_	
59-12	26457-26458	,	_	_	
59-13	26459-26466	nachdem	_	_	
59-14	26467-26470	der	_	_	
59-15	26471-26477	Vulkan	_	_	
59-16	26478-26483	schon	_	_	
59-17	26484-26486	in	*->30-1	literal[30]	
59-18	26487-26497	Schieflage	*->30-2	*[30]	
59-19	26498-26505	geraten	*->30-3	*[30]	
59-20	26506-26509	war	_	_	
59-21	26510-26511	.	_	_	

#Text=Zwar wird Nathans Tochter vom jungen Tempelritter aus den Flammen errettet , doch der Feuerschein brennt ins Gedächtnis ein : Die Welt ist in die Schieflage geraten und auf die Maße eines Zwischendecks geschrumpft , unrettbar .
61-1	26748-26752	Zwar	_	_	
61-2	26753-26757	wird	_	_	
61-3	26758-26765	Nathans	_	_	
61-4	26766-26773	Tochter	_	_	
61-5	26774-26777	vom	_	_	
61-6	26778-26784	jungen	_	_	
61-7	26785-26797	Tempelritter	_	_	
61-8	26798-26801	aus	_	_	
61-9	26802-26805	den	_	_	
61-10	26806-26813	Flammen	_	_	
61-11	26814-26822	errettet	_	_	
61-12	26823-26824	,	_	_	
61-13	26825-26829	doch	_	_	
61-14	26830-26833	der	_	_	
61-15	26834-26845	Feuerschein	_	_	
61-16	26846-26852	brennt	_	_	
61-17	26853-26856	ins	_	_	
61-18	26857-26867	Gedächtnis	_	_	
61-19	26868-26871	ein	_	_	
61-20	26872-26873	:	_	_	
61-21	26874-26877	Die	_	_	
61-22	26878-26882	Welt	_	_	
61-23	26883-26886	ist	_	_	
61-24	26887-26889	in	*->31-1	non-literal-mwe[31]	
61-25	26890-26893	die	_	_	
61-26	26894-26904	Schieflage	*->31-2	*[31]	
61-27	26905-26912	geraten	*->31-3	*[31]	
61-28	26913-26916	und	_	_	
61-29	26917-26920	auf	_	_	
61-30	26921-26924	die	_	_	
61-31	26925-26929	Maße	_	_	
61-32	26930-26935	eines	_	_	
61-33	26936-26949	Zwischendecks	_	_	
61-34	26950-26961	geschrumpft	_	_	
61-35	26962-26963	,	_	_	
61-36	26964-26973	unrettbar	_	_	
61-37	26974-26975	.	_	_	

#Text=Es rückt vieles gerade , das auch im Zusammenhang mit dem UKE-Strahlenskandal in eine gehörige Schieflage geraten ist .
63-1	28288-28290	Es	_	_	
63-2	28291-28296	rückt	_	_	
63-3	28297-28303	vieles	_	_	
63-4	28304-28310	gerade	_	_	
63-5	28311-28312	,	_	_	
63-6	28313-28316	das	_	_	
63-7	28317-28321	auch	_	_	
63-8	28322-28324	im	_	_	
63-9	28325-28337	Zusammenhang	_	_	
63-10	28338-28341	mit	_	_	
63-11	28342-28345	dem	_	_	
63-12	28346-28365	UKE-Strahlenskandal	_	_	
63-13	28366-28368	in	*->32-1	non-literal-mwe[32]	
63-14	28369-28373	eine	_	_	
63-15	28374-28382	gehörige	_	_	
63-16	28383-28393	Schieflage	*->32-2	*[32]	
63-17	28394-28401	geraten	*->32-3	*[32]	
63-18	28402-28405	ist	_	_	
63-19	28406-28407	.	_	_	

#Text=So gerät die Kunstszene , die man eigentlich besser nach außen präsentieren will , in eine gefährliche Schieflage .
65-1	28672-28674	So	_	_	
65-2	28675-28680	gerät	*->33-1	non-literal-mwe[33]	
65-3	28681-28684	die	_	_	
65-4	28685-28695	Kunstszene	_	_	
65-5	28696-28697	,	_	_	
65-6	28698-28701	die	_	_	
65-7	28702-28705	man	_	_	
65-8	28706-28716	eigentlich	_	_	
65-9	28717-28723	besser	_	_	
65-10	28724-28728	nach	_	_	
65-11	28729-28734	außen	_	_	
65-12	28735-28747	präsentieren	_	_	
65-13	28748-28752	will	_	_	
65-14	28753-28754	,	_	_	
65-15	28755-28757	in	*->33-2	*[33]	
65-16	28758-28762	eine	_	_	
65-17	28763-28774	gefährliche	_	_	
65-18	28775-28785	Schieflage	*->33-3	*[33]	
65-19	28786-28787	.	_	_	

#Text=Die Interessen von Kreditgebern ( Banken , Immobilienfonds und Versicherungen ) und Spekulanten sind so eng miteinander verflochten , daß Immobilienkrisen meist erst dann ausbrechen , wenn einzelne Banken in Schieflage geraten und in Panik anfangen , ihre nicht bedienten Hypotheken durch Zwangsversteigerungen zu Geld zu machen .
67-1	29630-29633	Die	_	_	
67-2	29634-29644	Interessen	_	_	
67-3	29645-29648	von	_	_	
67-4	29649-29661	Kreditgebern	_	_	
67-5	29662-29663	(	_	_	
67-6	29664-29670	Banken	_	_	
67-7	29671-29672	,	_	_	
67-8	29673-29688	Immobilienfonds	_	_	
67-9	29689-29692	und	_	_	
67-10	29693-29707	Versicherungen	_	_	
67-11	29708-29709	)	_	_	
67-12	29710-29713	und	_	_	
67-13	29714-29725	Spekulanten	_	_	
67-14	29726-29730	sind	_	_	
67-15	29731-29733	so	_	_	
67-16	29734-29737	eng	_	_	
67-17	29738-29749	miteinander	_	_	
67-18	29750-29761	verflochten	_	_	
67-19	29762-29763	,	_	_	
67-20	29764-29767	daß	_	_	
67-21	29768-29784	Immobilienkrisen	_	_	
67-22	29785-29790	meist	_	_	
67-23	29791-29795	erst	_	_	
67-24	29796-29800	dann	_	_	
67-25	29801-29811	ausbrechen	_	_	
67-26	29812-29813	,	_	_	
67-27	29814-29818	wenn	_	_	
67-28	29819-29827	einzelne	_	_	
67-29	29828-29834	Banken	_	_	
67-30	29835-29837	in	*->34-1	non-literal-mwe[34]	
67-31	29838-29848	Schieflage	*->34-2	*[34]	
67-32	29849-29856	geraten	*->34-3	*[34]	
67-33	29857-29860	und	_	_	
67-34	29861-29863	in	_	_	
67-35	29864-29869	Panik	_	_	
67-36	29870-29878	anfangen	_	_	
67-37	29879-29880	,	_	_	
67-38	29881-29885	ihre	_	_	
67-39	29886-29891	nicht	_	_	
67-40	29892-29901	bedienten	_	_	
67-41	29902-29912	Hypotheken	_	_	
67-42	29913-29918	durch	_	_	
67-43	29919-29940	Zwangsversteigerungen	_	_	
67-44	29941-29943	zu	_	_	
67-45	29944-29948	Geld	_	_	
67-46	29949-29951	zu	_	_	
67-47	29952-29958	machen	_	_	
67-48	29959-29960	.	_	_	

#Text=Die Frage also , ob ein Verein aufgrund unglücklicher Umstände in die Schieflage geraten ist oder über einen längeren Zeitraum fragwürdig gewirtschaftet hat .
69-1	30412-30415	Die	_	_	
69-2	30416-30421	Frage	_	_	
69-3	30422-30426	also	_	_	
69-4	30427-30428	,	_	_	
69-5	30429-30431	ob	_	_	
69-6	30432-30435	ein	_	_	
69-7	30436-30442	Verein	_	_	
69-8	30443-30451	aufgrund	_	_	
69-9	30452-30465	unglücklicher	_	_	
69-10	30466-30474	Umstände	_	_	
69-11	30475-30477	in	*->35-1	non-literal-mwe[35]	
69-12	30478-30481	die	_	_	
69-13	30482-30492	Schieflage	*->35-2	*[35]	
69-14	30493-30500	geraten	*->35-3	*[35]	
69-15	30501-30504	ist	_	_	
69-16	30505-30509	oder	_	_	
69-17	30510-30514	über	_	_	
69-18	30515-30520	einen	_	_	
69-19	30521-30529	längeren	_	_	
69-20	30530-30538	Zeitraum	_	_	
69-21	30539-30549	fragwürdig	_	_	
69-22	30550-30564	gewirtschaftet	_	_	
69-23	30565-30568	hat	_	_	
69-24	30569-30570	.	_	_	

#Text=Solange der deutsche Staat nicht um diese Menschen wirbt , braucht man sich über die Schieflage , in die manche türkischen Bürger in Deutschland geraten , nicht zu wundern .
71-1	31333-31340	Solange	_	_	
71-2	31341-31344	der	_	_	
71-3	31345-31353	deutsche	_	_	
71-4	31354-31359	Staat	_	_	
71-5	31360-31365	nicht	_	_	
71-6	31366-31368	um	_	_	
71-7	31369-31374	diese	_	_	
71-8	31375-31383	Menschen	_	_	
71-9	31384-31389	wirbt	_	_	
71-10	31390-31391	,	_	_	
71-11	31392-31399	braucht	_	_	
71-12	31400-31403	man	_	_	
71-13	31404-31408	sich	_	_	
71-14	31409-31413	über	*->36-1	non-literal-mwe[36]	
71-15	31414-31417	die	_	_	
71-16	31418-31428	Schieflage	*->36-2	*[36]	
71-17	31429-31430	,	_	_	
71-18	31431-31433	in	_	_	
71-19	31434-31437	die	_	_	
71-20	31438-31444	manche	_	_	
71-21	31445-31455	türkischen	_	_	
71-22	31456-31462	Bürger	_	_	
71-23	31463-31465	in	_	_	
71-24	31466-31477	Deutschland	_	_	
71-25	31478-31485	geraten	*->36-3	*[36]	
71-26	31486-31487	,	_	_	
71-27	31488-31493	nicht	_	_	
71-28	31494-31496	zu	_	_	
71-29	31497-31504	wundern	_	_	
71-30	31505-31506	.	_	_	

#Text=Nick Leeson war am 26 . Februar in die Schlagzeilen geraten , als die Sunday Times die Schieflage der 1762 gegründeten Barings Bank meldete .
73-1	32225-32229	Nick	_	_	
73-2	32230-32236	Leeson	_	_	
73-3	32237-32240	war	_	_	
73-4	32241-32243	am	_	_	
73-5	32244-32246	26	_	_	
73-6	32247-32248	.	_	_	
73-7	32249-32256	Februar	_	_	
73-8	32257-32259	in	_	_	
73-9	32260-32263	die	_	_	
73-10	32264-32276	Schlagzeilen	_	_	
73-11	32277-32284	geraten	*->37-1	non-literal-mwe[37]	
73-12	32285-32286	,	_	_	
73-13	32287-32290	als	_	_	
73-14	32291-32294	die	_	_	
73-15	32295-32301	Sunday	_	_	
73-16	32302-32307	Times	_	_	
73-17	32308-32311	die	_	_	
73-18	32312-32322	Schieflage	*->37-2	*[37]	
73-19	32323-32326	der	_	_	
73-20	32327-32331	1762	_	_	
73-21	32332-32343	gegründeten	_	_	
73-22	32344-32351	Barings	_	_	
73-23	32352-32356	Bank	_	_	
73-24	32357-32364	meldete	_	_	
73-25	32365-32366	.	_	_	

#Text=Bosnien ist ein Schiff , das in Schieflage geraten ist .
75-1	32747-32754	Bosnien	_	_	
75-2	32755-32758	ist	_	_	
75-3	32759-32762	ein	_	_	
75-4	32763-32769	Schiff	_	_	
75-5	32770-32771	,	_	_	
75-6	32772-32775	das	_	_	
75-7	32776-32778	in	*->38-1	non-literal-mwe[38]	
75-8	32779-32789	Schieflage	*->38-2	*[38]	
75-9	32790-32797	geraten	*->38-3	*[38]	
75-10	32798-32801	ist	_	_	
75-11	32802-32803	.	_	_	

#Text=" Das Finanzierungssystem des ZDF ist insgesamt in eine strukturelle Schieflage geraten " , sagte Stolte .
77-1	33291-33292	"	_	_	
77-2	33293-33296	Das	_	_	
77-3	33297-33316	Finanzierungssystem	_	_	
77-4	33317-33320	des	_	_	
77-5	33321-33324	ZDF	_	_	
77-6	33325-33328	ist	_	_	
77-7	33329-33338	insgesamt	_	_	
77-8	33339-33341	in	*->39-1	non-literal-mwe[39]	
77-9	33342-33346	eine	_	_	
77-10	33347-33359	strukturelle	_	_	
77-11	33360-33370	Schieflage	*->39-2	*[39]	
77-12	33371-33378	geraten	*->39-3	*[39]	
77-13	33379-33380	"	_	_	
77-14	33381-33382	,	_	_	
77-15	33383-33388	sagte	_	_	
77-16	33389-33395	Stolte	_	_	
77-17	33396-33397	.	_	_	

#Text=Berlin ( taz ) - Leicht schräg sollte es sein , doch jetzt gerät das geplante Holocaust-Mahnmal in eine bedenkliche Schieflage .
79-1	33833-33839	Berlin	_	_	
79-2	33840-33841	(	_	_	
79-3	33842-33845	taz	_	_	
79-4	33846-33847	)	_	_	
79-5	33848-33849	-	_	_	
79-6	33850-33856	Leicht	_	_	
79-7	33857-33863	schräg	_	_	
79-8	33864-33870	sollte	_	_	
79-9	33871-33873	es	_	_	
79-10	33874-33878	sein	_	_	
79-11	33879-33880	,	_	_	
79-12	33881-33885	doch	_	_	
79-13	33886-33891	jetzt	_	_	
79-14	33892-33897	gerät	*->40-1	literal[40]	
79-15	33898-33901	das	_	_	
79-16	33902-33910	geplante	_	_	
79-17	33911-33928	Holocaust-Mahnmal	_	_	
79-18	33929-33931	in	*->40-2	*[40]	
79-19	33932-33936	eine	_	_	
79-20	33937-33948	bedenkliche	_	_	
79-21	33949-33959	Schieflage	*->40-3	*[40]	
79-22	33960-33961	.	_	_	

#Text=Der Zwickel-Vorstoß lasse außer acht , daß Unternehmen bei schlechter Auftragslage aufgrund der zusätzlichen Personalkosten in wirtschaftliche Schieflagen geraten könnten .
81-1	34380-34383	Der	_	_	
81-2	34384-34399	Zwickel-Vorstoß	_	_	
81-3	34400-34405	lasse	_	_	
81-4	34406-34411	außer	_	_	
81-5	34412-34416	acht	_	_	
81-6	34417-34418	,	_	_	
81-7	34419-34422	daß	_	_	
81-8	34423-34434	Unternehmen	_	_	
81-9	34435-34438	bei	_	_	
81-10	34439-34449	schlechter	_	_	
81-11	34450-34462	Auftragslage	_	_	
81-12	34463-34471	aufgrund	_	_	
81-13	34472-34475	der	_	_	
81-14	34476-34488	zusätzlichen	_	_	
81-15	34489-34503	Personalkosten	_	_	
81-16	34504-34506	in	*->41-1	non-literal-mwe[41]	
81-17	34507-34522	wirtschaftliche	_	_	
81-18	34523-34534	Schieflagen	*->41-2	*[41]	
81-19	34535-34542	geraten	*->41-3	*[41]	
81-20	34543-34550	könnten	_	_	
81-21	34551-34552	.	_	_	

#Text=Beide Institute sollen durch Kredite für Immobiliengeschäfte in finanzielle Schieflagen geraten sein .
83-1	35080-35085	Beide	_	_	
83-2	35086-35095	Institute	_	_	
83-3	35096-35102	sollen	_	_	
83-4	35103-35108	durch	_	_	
83-5	35109-35116	Kredite	_	_	
83-6	35117-35120	für	_	_	
83-7	35121-35140	Immobiliengeschäfte	_	_	
83-8	35141-35143	in	*->42-1	non-literal-mwe[42]	
83-9	35144-35155	finanzielle	_	_	
83-10	35156-35167	Schieflagen	*->42-2	*[42]	
83-11	35168-35175	geraten	*->42-3	*[42]	
83-12	35176-35180	sein	_	_	
83-13	35181-35182	.	_	_	

#Text=Es ist ein bißchen schade , wenn ein sorgfältig recherchierter Artikel durch seine unglückliche Überschrift in Schieflage gerät .
85-1	35794-35796	Es	_	_	
85-2	35797-35800	ist	_	_	
85-3	35801-35804	ein	_	_	
85-4	35805-35812	bißchen	_	_	
85-5	35813-35819	schade	_	_	
85-6	35820-35821	,	_	_	
85-7	35822-35826	wenn	_	_	
85-8	35827-35830	ein	_	_	
85-9	35831-35841	sorgfältig	_	_	
85-10	35842-35856	recherchierter	_	_	
85-11	35857-35864	Artikel	_	_	
85-12	35865-35870	durch	_	_	
85-13	35871-35876	seine	_	_	
85-14	35877-35889	unglückliche	_	_	
85-15	35890-35901	Überschrift	_	_	
85-16	35902-35904	in	*->43-1	non-literal-mwe[43]	
85-17	35905-35915	Schieflage	*->43-2	*[43]	
85-18	35916-35921	gerät	*->43-3	*[43]	
85-19	35922-35923	.	_	_	

#Text=Wie schnell es gehen kann , wenn die Basisindikatoren , wie Haushaltsbilanz oder Verschuldung in eine Schieflage geraten , hatten sowohl Brasilien als auch Ecuador in jüngster Zeit erleben müssen .
87-1	36651-36654	Wie	_	_	
87-2	36655-36662	schnell	_	_	
87-3	36663-36665	es	_	_	
87-4	36666-36671	gehen	_	_	
87-5	36672-36676	kann	_	_	
87-6	36677-36678	,	_	_	
87-7	36679-36683	wenn	_	_	
87-8	36684-36687	die	_	_	
87-9	36688-36704	Basisindikatoren	_	_	
87-10	36705-36706	,	_	_	
87-11	36707-36710	wie	_	_	
87-12	36711-36726	Haushaltsbilanz	_	_	
87-13	36727-36731	oder	_	_	
87-14	36732-36744	Verschuldung	_	_	
87-15	36745-36747	in	*->44-1	non-literal-mwe[44]	
87-16	36748-36752	eine	_	_	
87-17	36753-36763	Schieflage	*->44-2	*[44]	
87-18	36764-36771	geraten	*->44-3	*[44]	
87-19	36772-36773	,	_	_	
87-20	36774-36780	hatten	_	_	
87-21	36781-36787	sowohl	_	_	
87-22	36788-36797	Brasilien	_	_	
87-23	36798-36801	als	_	_	
87-24	36802-36806	auch	_	_	
87-25	36807-36814	Ecuador	_	_	
87-26	36815-36817	in	_	_	
87-27	36818-36826	jüngster	_	_	
87-28	36827-36831	Zeit	_	_	
87-29	36832-36839	erleben	_	_	
87-30	36840-36846	müssen	_	_	
87-31	36847-36848	.	_	_	

