#Text=" Sie haben mit dem Feuer gespielt " , sagte gestern ein PLO-Sprecher in Tunis .
1-1	0-1	"	_	_	
1-2	2-5	Sie	_	_	
1-3	6-11	haben	_	_	
1-4	12-15	mit	*->1-1	non-literal-mwe[1]	
1-5	16-19	dem	_	_	
1-6	20-25	Feuer	*->1-2	*[1]	
1-7	26-34	gespielt	*->1-3	*[1]	
1-8	35-36	"	_	_	
1-9	37-38	,	_	_	
1-10	39-44	sagte	_	_	
1-11	45-52	gestern	_	_	
1-12	53-56	ein	_	_	
1-13	57-69	PLO-Sprecher	_	_	
1-14	70-72	in	_	_	
1-15	73-78	Tunis	_	_	
1-16	79-80	.	_	_	

#Text=Sie spielen also weiter mit dem Feuer , und zwar öffentlich , heute , Mitte 1989 .
3-1	1070-1073	Sie	_	_	
3-2	1074-1081	spielen	*->2-1	non-literal-mwe[2]	
3-3	1082-1086	also	_	_	
3-4	1087-1093	weiter	_	_	
3-5	1094-1097	mit	*->2-2	*[2]	
3-6	1098-1101	dem	_	_	
3-7	1102-1107	Feuer	*->2-3	*[2]	
3-8	1108-1109	,	_	_	
3-9	1110-1113	und	_	_	
3-10	1114-1118	zwar	_	_	
3-11	1119-1129	öffentlich	_	_	
3-12	1130-1131	,	_	_	
3-13	1132-1137	heute	_	_	
3-14	1138-1139	,	_	_	
3-15	1140-1145	Mitte	_	_	
3-16	1146-1150	1989	_	_	
3-17	1151-1152	.	_	_	

#Text=Die Behörden der Zone wissen offenbar nicht , daß sie mit dem Feuer spielen .
5-1	1791-1794	Die	_	_	
5-2	1795-1803	Behörden	_	_	
5-3	1804-1807	der	_	_	
5-4	1808-1812	Zone	_	_	
5-5	1813-1819	wissen	_	_	
5-6	1820-1828	offenbar	_	_	
5-7	1829-1834	nicht	_	_	
5-8	1835-1836	,	_	_	
5-9	1837-1840	daß	_	_	
5-10	1841-1844	sie	_	_	
5-11	1845-1848	mit	*->3-1	non-literal-mwe[3]	
5-12	1849-1852	dem	_	_	
5-13	1853-1858	Feuer	*->3-2	*[3]	
5-14	1859-1866	spielen	*->3-3	*[3]	
5-15	1867-1868	.	_	_	

#Text=Es heißt aufpassen : Mitterrand spielt mit dem Feuer in einer Region , wo die Zündschnüre nur so herumliegen .
7-1	2461-2463	Es	_	_	
7-2	2464-2469	heißt	_	_	
7-3	2470-2479	aufpassen	_	_	
7-4	2480-2481	:	_	_	
7-5	2482-2492	Mitterrand	_	_	
7-6	2493-2499	spielt	*->4-1	non-literal-mwe[4]	
7-7	2500-2503	mit	*->4-2	*[4]	
7-8	2504-2507	dem	_	_	
7-9	2508-2513	Feuer	*->4-3	*[4]	
7-10	2514-2516	in	_	_	
7-11	2517-2522	einer	_	_	
7-12	2523-2529	Region	_	_	
7-13	2530-2531	,	_	_	
7-14	2532-2534	wo	_	_	
7-15	2535-2538	die	_	_	
7-16	2539-2550	Zündschnüre	_	_	
7-17	2551-2554	nur	_	_	
7-18	2555-2557	so	_	_	
7-19	2558-2569	herumliegen	_	_	
7-20	2570-2571	.	_	_	

#Text=Vor allem muß die westliche Allianz begreifen , daß sie einen schrecklichen Fehler machen würde , wenn sie begänne , mit dem Feuer des Nationalismus in Osteuropa zu spielen .
9-1	3700-3703	Vor	_	_	
9-2	3704-3709	allem	_	_	
9-3	3710-3713	muß	_	_	
9-4	3714-3717	die	_	_	
9-5	3718-3727	westliche	_	_	
9-6	3728-3735	Allianz	_	_	
9-7	3736-3745	begreifen	_	_	
9-8	3746-3747	,	_	_	
9-9	3748-3751	daß	_	_	
9-10	3752-3755	sie	_	_	
9-11	3756-3761	einen	_	_	
9-12	3762-3775	schrecklichen	_	_	
9-13	3776-3782	Fehler	_	_	
9-14	3783-3789	machen	_	_	
9-15	3790-3795	würde	_	_	
9-16	3796-3797	,	_	_	
9-17	3798-3802	wenn	_	_	
9-18	3803-3806	sie	_	_	
9-19	3807-3814	begänne	_	_	
9-20	3815-3816	,	_	_	
9-21	3817-3820	mit	*->5-1	non-literal-mwe[5]	
9-22	3821-3824	dem	_	_	
9-23	3825-3830	Feuer	*->5-2	*[5]	
9-24	3831-3834	des	_	_	
9-25	3835-3848	Nationalismus	_	_	
9-26	3849-3851	in	_	_	
9-27	3852-3861	Osteuropa	_	_	
9-28	3862-3864	zu	_	_	
9-29	3865-3872	spielen	*->5-3	*[5]	
9-30	3873-3874	.	_	_	

#Text=Zugleich spielt Ortega aber auch mit dem Feuer , denn die einhellige Sandinistenbeschimpfung durch die Heuchler im US - Kongreß muß er vorhergesehen haben .
11-1	5432-5440	Zugleich	_	_	
11-2	5441-5447	spielt	*->6-1	non-literal-mwe[6]	
11-3	5448-5454	Ortega	_	_	
11-4	5455-5459	aber	_	_	
11-5	5460-5464	auch	_	_	
11-6	5465-5468	mit	*->6-2	*[6]	
11-7	5469-5472	dem	_	_	
11-8	5473-5478	Feuer	*->6-3	*[6]	
11-9	5479-5480	,	_	_	
11-10	5481-5485	denn	_	_	
11-11	5486-5489	die	_	_	
11-12	5490-5500	einhellige	_	_	
11-13	5501-5524	Sandinistenbeschimpfung	_	_	
11-14	5525-5530	durch	_	_	
11-15	5531-5534	die	_	_	
11-16	5535-5543	Heuchler	_	_	
11-17	5544-5546	im	_	_	
11-18	5547-5549	US	_	_	
11-19	5550-5551	-	_	_	
11-20	5552-5559	Kongreß	_	_	
11-21	5560-5563	muß	_	_	
11-22	5564-5566	er	_	_	
11-23	5567-5580	vorhergesehen	_	_	
11-24	5581-5586	haben	_	_	
11-25	5587-5588	.	_	_	

#Text=Eine kürzlich ausgesprochene Drohung : " Die mit Feuer spielen , werden zu Asche verbrannt .
13-1	6185-6189	Eine	_	_	
13-2	6190-6198	kürzlich	_	_	
13-3	6199-6213	ausgesprochene	_	_	
13-4	6214-6221	Drohung	_	_	
13-5	6222-6223	:	_	_	
13-6	6224-6225	"	_	_	
13-7	6226-6229	Die	_	_	
13-8	6230-6233	mit	*->7-1	non-literal[7]	
13-9	6234-6239	Feuer	*->7-2	*[7]	
13-10	6240-6247	spielen	*->7-3	*[7]	
13-11	6248-6249	,	_	_	
13-12	6250-6256	werden	_	_	
13-13	6257-6259	zu	_	_	
13-14	6260-6265	Asche	_	_	
13-15	6266-6275	verbrannt	_	_	
13-16	6276-6277	.	_	_	

#Text=Der Schweinehirt Ho-ti , der eines Morgens in die Wälder gegangen war , um Mastfutter für seine Schweine zu sammeln , hatte seine Hütte in der Obhut seines Sohnes Bo-bo zurückgelassen , eines großen Lümmels , der wie alle Jungen seines Alters zu gerne mit Feuer spielte .
15-1	6982-6985	Der	_	_	
15-2	6986-6998	Schweinehirt	_	_	
15-3	6999-7004	Ho-ti	_	_	
15-4	7005-7006	,	_	_	
15-5	7007-7010	der	_	_	
15-6	7011-7016	eines	_	_	
15-7	7017-7024	Morgens	_	_	
15-8	7025-7027	in	_	_	
15-9	7028-7031	die	_	_	
15-10	7032-7038	Wälder	_	_	
15-11	7039-7047	gegangen	_	_	
15-12	7048-7051	war	_	_	
15-13	7052-7053	,	_	_	
15-14	7054-7056	um	_	_	
15-15	7057-7067	Mastfutter	_	_	
15-16	7068-7071	für	_	_	
15-17	7072-7077	seine	_	_	
15-18	7078-7086	Schweine	_	_	
15-19	7087-7089	zu	_	_	
15-20	7090-7097	sammeln	_	_	
15-21	7098-7099	,	_	_	
15-22	7100-7105	hatte	_	_	
15-23	7106-7111	seine	_	_	
15-24	7112-7117	Hütte	_	_	
15-25	7118-7120	in	_	_	
15-26	7121-7124	der	_	_	
15-27	7125-7130	Obhut	_	_	
15-28	7131-7137	seines	_	_	
15-29	7138-7144	Sohnes	_	_	
15-30	7145-7150	Bo-bo	_	_	
15-31	7151-7165	zurückgelassen	_	_	
15-32	7166-7167	,	_	_	
15-33	7168-7173	eines	_	_	
15-34	7174-7180	großen	_	_	
15-35	7181-7188	Lümmels	_	_	
15-36	7189-7190	,	_	_	
15-37	7191-7194	der	_	_	
15-38	7195-7198	wie	_	_	
15-39	7199-7203	alle	_	_	
15-40	7204-7210	Jungen	_	_	
15-41	7211-7217	seines	_	_	
15-42	7218-7224	Alters	_	_	
15-43	7225-7227	zu	_	_	
15-44	7228-7233	gerne	_	_	
15-45	7234-7237	mit	*->8-1	non-literal-mwe[8]	
15-46	7238-7243	Feuer	*->8-2	*[8]	
15-47	7244-7251	spielte	*->8-3	*[8]	
15-48	7252-7253	.	_	_	

#Text=Karawahn spielt mit dem Feuer und zeigt sowohl Schrecken als auch Schönheit , die diesem Element eigen sind .
17-1	9088-9096	Karawahn	_	_	
17-2	9097-9103	spielt	*->9-1	literal[9]	
17-3	9104-9107	mit	*->9-2	*[9]	
17-4	9108-9111	dem	_	_	
17-5	9112-9117	Feuer	*->9-3	*[9]	
17-6	9118-9121	und	_	_	
17-7	9122-9127	zeigt	_	_	
17-8	9128-9134	sowohl	_	_	
17-9	9135-9144	Schrecken	_	_	
17-10	9145-9148	als	_	_	
17-11	9149-9153	auch	_	_	
17-12	9154-9163	Schönheit	_	_	
17-13	9164-9165	,	_	_	
17-14	9166-9169	die	_	_	
17-15	9170-9176	diesem	_	_	
17-16	9177-9184	Element	_	_	
17-17	9185-9190	eigen	_	_	
17-18	9191-9195	sind	_	_	
17-19	9196-9197	.	_	_	

#Text=Die Bürgerinitiativen gegen geplante Verbrennungsanlagen protestierten energisch , auch die Grünen würden mit dem Feuer spielen .
19-1	9728-9731	Die	_	_	
19-2	9732-9749	Bürgerinitiativen	_	_	
19-3	9750-9755	gegen	_	_	
19-4	9756-9764	geplante	_	_	
19-5	9765-9784	Verbrennungsanlagen	_	_	
19-6	9785-9798	protestierten	_	_	
19-7	9799-9808	energisch	_	_	
19-8	9809-9810	,	_	_	
19-9	9811-9815	auch	_	_	
19-10	9816-9819	die	_	_	
19-11	9820-9826	Grünen	_	_	
19-12	9827-9833	würden	_	_	
19-13	9834-9837	mit	*->10-1	non-literal[10]	
19-14	9838-9841	dem	_	_	
19-15	9842-9847	Feuer	*->10-2	*[10]	
19-16	9848-9855	spielen	*->10-3	*[10]	
19-17	9856-9857	.	_	_	

#Text=Israel spielt mit dem Feuer
21-1	10105-10111	Israel	_	_	
21-2	10112-10118	spielt	*->11-1	non-literal-mwe[11]	
21-3	10119-10122	mit	*->11-2	*[11]	
21-4	10123-10126	dem	_	_	
21-5	10127-10132	Feuer	*->11-3	*[11]	

#Text=Israel spielt erneut mit dem Feuer , in einer Zeit , da die Gefühle überall wegen der tyrannischen irakischen Besetzung von Kuweit aufgebracht sind .
23-1	10161-10167	Israel	_	_	
23-2	10168-10174	spielt	*->12-1	non-literal-mwe[12]	
23-3	10175-10181	erneut	_	_	
23-4	10182-10185	mit	*->12-2	*[12]	
23-5	10186-10189	dem	_	_	
23-6	10190-10195	Feuer	*->12-3	*[12]	
23-7	10196-10197	,	_	_	
23-8	10198-10200	in	_	_	
23-9	10201-10206	einer	_	_	
23-10	10207-10211	Zeit	_	_	
23-11	10212-10213	,	_	_	
23-12	10214-10216	da	_	_	
23-13	10217-10220	die	_	_	
23-14	10221-10228	Gefühle	_	_	
23-15	10229-10236	überall	_	_	
23-16	10237-10242	wegen	_	_	
23-17	10243-10246	der	_	_	
23-18	10247-10259	tyrannischen	_	_	
23-19	10260-10270	irakischen	_	_	
23-20	10271-10280	Besetzung	_	_	
23-21	10281-10284	von	_	_	
23-22	10285-10291	Kuweit	_	_	
23-23	10292-10303	aufgebracht	_	_	
23-24	10304-10308	sind	_	_	
23-25	10309-10310	.	_	_	

#Text=Der IG-Metall-Chef Franz Steinkühler " spielt mit dem Feuer " , sagte der Leiter des Unternehmensverbandes Gesamtmetall , Werner Stumpfe .
25-1	10798-10801	Der	_	_	
25-2	10802-10816	IG-Metall-Chef	_	_	
25-3	10817-10822	Franz	_	_	
25-4	10823-10834	Steinkühler	_	_	
25-5	10835-10836	"	_	_	
25-6	10837-10843	spielt	*->13-1	non-literal-mwe[13]	
25-7	10844-10847	mit	*->13-2	*[13]	
25-8	10848-10851	dem	_	_	
25-9	10852-10857	Feuer	*->13-3	*[13]	
25-10	10858-10859	"	_	_	
25-11	10860-10861	,	_	_	
25-12	10862-10867	sagte	_	_	
25-13	10868-10871	der	_	_	
25-14	10872-10878	Leiter	_	_	
25-15	10879-10882	des	_	_	
25-16	10883-10904	Unternehmensverbandes	_	_	
25-17	10905-10917	Gesamtmetall	_	_	
25-18	10918-10919	,	_	_	
25-19	10920-10926	Werner	_	_	
25-20	10927-10934	Stumpfe	_	_	
25-21	10935-10936	.	_	_	

#Text=Obgleich bekannt war , daß Mader , umgeben von vielen Wasserträgern , gern mit dem Feuer spielt .
27-1	11505-11513	Obgleich	_	_	
27-2	11514-11521	bekannt	_	_	
27-3	11522-11525	war	_	_	
27-4	11526-11527	,	_	_	
27-5	11528-11531	daß	_	_	
27-6	11532-11537	Mader	_	_	
27-7	11538-11539	,	_	_	
27-8	11540-11547	umgeben	_	_	
27-9	11548-11551	von	_	_	
27-10	11552-11558	vielen	_	_	
27-11	11559-11572	Wasserträgern	_	_	
27-12	11573-11574	,	_	_	
27-13	11575-11579	gern	_	_	
27-14	11580-11583	mit	*->14-1	non-literal-mwe[14]	
27-15	11584-11587	dem	_	_	
27-16	11588-11593	Feuer	*->14-2	*[14]	
27-17	11594-11600	spielt	*->14-3	*[14]	
27-18	11601-11602	.	_	_	

#Text=Vorwurf der DAG : Die DDR-Regierung " spielt mit dem Feuer " .
29-1	12292-12299	Vorwurf	_	_	
29-2	12300-12303	der	_	_	
29-3	12304-12307	DAG	_	_	
29-4	12308-12309	:	_	_	
29-5	12310-12313	Die	_	_	
29-6	12314-12327	DDR-Regierung	_	_	
29-7	12328-12329	"	_	_	
29-8	12330-12336	spielt	*->15-1	non-literal-mwe[15]	
29-9	12337-12340	mit	*->15-2	*[15]	
29-10	12341-12344	dem	_	_	
29-11	12345-12350	Feuer	*->15-3	*[15]	
29-12	12351-12352	"	_	_	
29-13	12353-12354	.	_	_	

#Text=Er sprach sich für die Anerkennung der Oder-Neiße-Grenze aus : " Wer sie in Frage stellt , spielt mit dem Feuer " .
31-1	12919-12921	Er	_	_	
31-2	12922-12928	sprach	_	_	
31-3	12929-12933	sich	_	_	
31-4	12934-12937	für	_	_	
31-5	12938-12941	die	_	_	
31-6	12942-12953	Anerkennung	_	_	
31-7	12954-12957	der	_	_	
31-8	12958-12975	Oder-Neiße-Grenze	_	_	
31-9	12976-12979	aus	_	_	
31-10	12980-12981	:	_	_	
31-11	12982-12983	"	_	_	
31-12	12984-12987	Wer	_	_	
31-13	12988-12991	sie	_	_	
31-14	12992-12994	in	_	_	
31-15	12995-13000	Frage	_	_	
31-16	13001-13007	stellt	_	_	
31-17	13008-13009	,	_	_	
31-18	13010-13016	spielt	*->16-1	non-literal-mwe[16]	
31-19	13017-13020	mit	*->16-2	*[16]	
31-20	13021-13024	dem	_	_	
31-21	13025-13030	Feuer	*->16-3	*[16]	
31-22	13031-13032	"	_	_	
31-23	13033-13034	.	_	_	

#Text=In dieser hochexplosiven Atmosphäre spielen die russischen Nationalisten mit dem Feuer .
33-1	13463-13465	In	_	_	
33-2	13466-13472	dieser	_	_	
33-3	13473-13487	hochexplosiven	_	_	
33-4	13488-13498	Atmosphäre	_	_	
33-5	13499-13506	spielen	*->17-1	non-literal-mwe[17]	
33-6	13507-13510	die	_	_	
33-7	13511-13521	russischen	_	_	
33-8	13522-13535	Nationalisten	_	_	
33-9	13536-13539	mit	*->17-2	*[17]	
33-10	13540-13543	dem	_	_	
33-11	13544-13549	Feuer	*->17-3	*[17]	
33-12	13550-13551	.	_	_	

#Text=» Räumen bedeutet mit Feuer spielen «
35-1	14066-14067	»	_	_	
35-2	14068-14074	Räumen	_	_	
35-3	14075-14083	bedeutet	_	_	
35-4	14084-14087	mit	*->18-1	non-literal-mwe[18]	
35-5	14088-14093	Feuer	*->18-2	*[18]	
35-6	14094-14101	spielen	*->18-3	*[18]	
35-7	14102-14103	«	_	_	

#Text=Zu diesem Zeitpunkt ein Haus zu räumen , bedeutet , mit dem Feuer zu spielen .
37-1	14142-14144	Zu	_	_	
37-2	14145-14151	diesem	_	_	
37-3	14152-14161	Zeitpunkt	_	_	
37-4	14162-14165	ein	_	_	
37-5	14166-14170	Haus	_	_	
37-6	14171-14173	zu	_	_	
37-7	14174-14180	räumen	_	_	
37-8	14181-14182	,	_	_	
37-9	14183-14191	bedeutet	_	_	
37-10	14192-14193	,	_	_	
37-11	14194-14197	mit	*->19-1	non-literal-mwe[19]	
37-12	14198-14201	dem	_	_	
37-13	14202-14207	Feuer	*->19-2	*[19]	
37-14	14208-14210	zu	_	_	
37-15	14211-14218	spielen	*->19-3	*[19]	
37-16	14219-14220	.	_	_	

#Text=" Zu diesem Zeitpunkt ein Haus zu räumen , bedeutet , mit dem Feuer zu spielen " , hieß es in dem Schreiben , das der Verfasser schon am Sonntag beim Polizeipräsidium abgegeben hat .
39-1	15331-15332	"	_	_	
39-2	15333-15335	Zu	_	_	
39-3	15336-15342	diesem	_	_	
39-4	15343-15352	Zeitpunkt	_	_	
39-5	15353-15356	ein	_	_	
39-6	15357-15361	Haus	_	_	
39-7	15362-15364	zu	_	_	
39-8	15365-15371	räumen	_	_	
39-9	15372-15373	,	_	_	
39-10	15374-15382	bedeutet	_	_	
39-11	15383-15384	,	_	_	
39-12	15385-15388	mit	*->20-1	non-literal-mwe[20]	
39-13	15389-15392	dem	_	_	
39-14	15393-15398	Feuer	*->20-2	*[20]	
39-15	15399-15401	zu	_	_	
39-16	15402-15409	spielen	*->20-3	*[20]	
39-17	15410-15411	"	_	_	
39-18	15412-15413	,	_	_	
39-19	15414-15418	hieß	_	_	
39-20	15419-15421	es	_	_	
39-21	15422-15424	in	_	_	
39-22	15425-15428	dem	_	_	
39-23	15429-15438	Schreiben	_	_	
39-24	15439-15440	,	_	_	
39-25	15441-15444	das	_	_	
39-26	15445-15448	der	_	_	
39-27	15449-15458	Verfasser	_	_	
39-28	15459-15464	schon	_	_	
39-29	15465-15467	am	_	_	
39-30	15468-15475	Sonntag	_	_	
39-31	15476-15480	beim	_	_	
39-32	15481-15497	Polizeipräsidium	_	_	
39-33	15498-15507	abgegeben	_	_	
39-34	15508-15511	hat	_	_	
39-35	15512-15513	.	_	_	

#Text=" Wer den Arbeitnehmern wieder regelmäßige Samstagsarbeit aufdrücken will , der spielt mit dem Feuer und braucht sich nicht zu wundern , daß auch die Bereitschaft zu Überstunden schwindet " , erklärte Kemeth .
43-1	17309-17310	"	_	_	
43-2	17311-17314	Wer	_	_	
43-3	17315-17318	den	_	_	
43-4	17319-17332	Arbeitnehmern	_	_	
43-5	17333-17339	wieder	_	_	
43-6	17340-17351	regelmäßige	_	_	
43-7	17352-17366	Samstagsarbeit	_	_	
43-8	17367-17377	aufdrücken	_	_	
43-9	17378-17382	will	_	_	
43-10	17383-17384	,	_	_	
43-11	17385-17388	der	_	_	
43-12	17389-17395	spielt	*->22-1	non-literal-mwe[22]	
43-13	17396-17399	mit	*->22-2	*[22]	
43-14	17400-17403	dem	_	_	
43-15	17404-17409	Feuer	*->22-3	*[22]	
43-16	17410-17413	und	_	_	
43-17	17414-17421	braucht	_	_	
43-18	17422-17426	sich	_	_	
43-19	17427-17432	nicht	_	_	
43-20	17433-17435	zu	_	_	
43-21	17436-17443	wundern	_	_	
43-22	17444-17445	,	_	_	
43-23	17446-17449	daß	_	_	
43-24	17450-17454	auch	_	_	
43-25	17455-17458	die	_	_	
43-26	17459-17471	Bereitschaft	_	_	
43-27	17472-17474	zu	_	_	
43-28	17475-17486	Überstunden	_	_	
43-29	17487-17496	schwindet	_	_	
43-30	17497-17498	"	_	_	
43-31	17499-17500	,	_	_	
43-32	17501-17509	erklärte	_	_	
43-33	17510-17516	Kemeth	_	_	
43-34	17517-17518	.	_	_	

#Text=Magdanz , Kilimann und Innenminister Kupfer hätten " mit dem Feuer gespielt und die Explosion erlebt " .
45-1	18066-18073	Magdanz	_	_	
45-2	18074-18075	,	_	_	
45-3	18076-18084	Kilimann	_	_	
45-4	18085-18088	und	_	_	
45-5	18089-18102	Innenminister	_	_	
45-6	18103-18109	Kupfer	_	_	
45-7	18110-18116	hätten	_	_	
45-8	18117-18118	"	_	_	
45-9	18119-18122	mit	*->23-1	non-literal-mwe[23]	
45-10	18123-18126	dem	_	_	
45-11	18127-18132	Feuer	*->23-2	*[23]	
45-12	18133-18141	gespielt	*->23-3	*[23]	
45-13	18142-18145	und	_	_	
45-14	18146-18149	die	_	_	
45-15	18150-18159	Explosion	_	_	
45-16	18160-18166	erlebt	_	_	
45-17	18167-18168	"	_	_	
45-18	18169-18170	.	_	_	

#Text=Jäger spielt mit dem Feuer
47-1	19939-19944	Jäger	_	_	
47-2	19945-19951	spielt	*->24-1	non-literal-mwe[24]	
47-3	19952-19955	mit	*->24-2	*[24]	
47-4	19956-19959	dem	_	_	
47-5	19960-19965	Feuer	*->24-3	*[24]	

#Text=Cage spielt mit dem Zufall wie Kinder mit dem Feuer .
49-1	19993-19997	Cage	_	_	
49-2	19998-20004	spielt	*->25-1	non-literal-mwe[25]	
49-3	20005-20008	mit	_	_	
49-4	20009-20012	dem	_	_	
49-5	20013-20019	Zufall	_	_	
49-6	20020-20023	wie	_	_	
49-7	20024-20030	Kinder	_	_	
49-8	20031-20034	mit	*->25-2	*[25]	
49-9	20035-20038	dem	_	_	
49-10	20039-20044	Feuer	*->25-3	*[25]	
49-11	20045-20046	.	_	_	

#Text=Und David Hunt , der Minister für Wales , fügte hinzu : " Die Leute spielen mit dem Feuer , wenn sie glauben , daß die Regierung bei den Maastrichter Verträgen niedergestimmt werden kann , und am nächsten Tag würde sich alles wieder beruhigen .
51-1	20604-20607	Und	_	_	
51-2	20608-20613	David	_	_	
51-3	20614-20618	Hunt	_	_	
51-4	20619-20620	,	_	_	
51-5	20621-20624	der	_	_	
51-6	20625-20633	Minister	_	_	
51-7	20634-20637	für	_	_	
51-8	20638-20643	Wales	_	_	
51-9	20644-20645	,	_	_	
51-10	20646-20651	fügte	_	_	
51-11	20652-20657	hinzu	_	_	
51-12	20658-20659	:	_	_	
51-13	20660-20661	"	_	_	
51-14	20662-20665	Die	_	_	
51-15	20666-20671	Leute	_	_	
51-16	20672-20679	spielen	*->26-1	non-literal-mwe[26]	
51-17	20680-20683	mit	*->26-2	*[26]	
51-18	20684-20687	dem	_	_	
51-19	20688-20693	Feuer	*->26-3	*[26]	
51-20	20694-20695	,	_	_	
51-21	20696-20700	wenn	_	_	
51-22	20701-20704	sie	_	_	
51-23	20705-20712	glauben	_	_	
51-24	20713-20714	,	_	_	
51-25	20715-20718	daß	_	_	
51-26	20719-20722	die	_	_	
51-27	20723-20732	Regierung	_	_	
51-28	20733-20736	bei	_	_	
51-29	20737-20740	den	_	_	
51-30	20741-20753	Maastrichter	_	_	
51-31	20754-20763	Verträgen	_	_	
51-32	20764-20778	niedergestimmt	_	_	
51-33	20779-20785	werden	_	_	
51-34	20786-20790	kann	_	_	
51-35	20791-20792	,	_	_	
51-36	20793-20796	und	_	_	
51-37	20797-20799	am	_	_	
51-38	20800-20808	nächsten	_	_	
51-39	20809-20812	Tag	_	_	
51-40	20813-20818	würde	_	_	
51-41	20819-20823	sich	_	_	
51-42	20824-20829	alles	_	_	
51-43	20830-20836	wieder	_	_	
51-44	20837-20846	beruhigen	_	_	
51-45	20847-20848	.	_	_	

#Text=Sie spielen mit dem Feuer : wir werden nicht frieren .
53-1	21646-21649	Sie	_	_	
53-2	21650-21657	spielen	*->27-1	non-literal[27]	
53-3	21658-21661	mit	*->27-2	*[27]	
53-4	21662-21665	dem	_	_	
53-5	21666-21671	Feuer	*->27-3	*[27]	
53-6	21672-21673	:	_	_	
53-7	21674-21677	wir	_	_	
53-8	21678-21684	werden	_	_	
53-9	21685-21690	nicht	_	_	
53-10	21691-21698	frieren	_	_	
53-11	21699-21700	.	_	_	

#Text=Beide spielen mit dem Feuer .
55-1	21887-21892	Beide	_	_	
55-2	21893-21900	spielen	*->28-1	non-literal-mwe[28]	
55-3	21901-21904	mit	*->28-2	*[28]	
55-4	21905-21908	dem	_	_	
55-5	21909-21914	Feuer	*->28-3	*[28]	
55-6	21915-21916	.	_	_	

#Text=Mehrere Delegierte spielten denn auch am Sonnabend mit dem Feuer : Schließlich sei Wilhelm mit einem " Superergebnis " zum Parteivorsitzenden gewählt worden .
57-1	25182-25189	Mehrere	_	_	
57-2	25190-25200	Delegierte	_	_	
57-3	25201-25209	spielten	*->29-1	non-literal-mwe[29]	
57-4	25210-25214	denn	_	_	
57-5	25215-25219	auch	_	_	
57-6	25220-25222	am	_	_	
57-7	25223-25232	Sonnabend	_	_	
57-8	25233-25236	mit	*->29-2	*[29]	
57-9	25237-25240	dem	_	_	
57-10	25241-25246	Feuer	*->29-3	*[29]	
57-11	25247-25248	:	_	_	
57-12	25249-25260	Schließlich	_	_	
57-13	25261-25264	sei	_	_	
57-14	25265-25272	Wilhelm	_	_	
57-15	25273-25276	mit	_	_	
57-16	25277-25282	einem	_	_	
57-17	25283-25284	"	_	_	
57-18	25285-25298	Superergebnis	_	_	
57-19	25299-25300	"	_	_	
57-20	25301-25304	zum	_	_	
57-21	25305-25323	Parteivorsitzenden	_	_	
57-22	25324-25331	gewählt	_	_	
57-23	25332-25338	worden	_	_	
57-24	25339-25340	.	_	_	

#Text=Der Serbe Milosevic spielt mit dem Feuer
59-1	26364-26367	Der	_	_	
59-2	26368-26373	Serbe	_	_	
59-3	26374-26383	Milosevic	_	_	
59-4	26384-26390	spielt	*->30-1	non-literal-mwe[30]	
59-5	26391-26394	mit	*->30-2	*[30]	
59-6	26395-26398	dem	_	_	
59-7	26399-26404	Feuer	*->30-3	*[30]	

#Text=Hier wird wieder einmal mit dem Feuer gespielt , das so vielen ein Grab in den Lüften grub .
61-1	26446-26450	Hier	_	_	
61-2	26451-26455	wird	_	_	
61-3	26456-26462	wieder	_	_	
61-4	26463-26469	einmal	_	_	
61-5	26470-26473	mit	*->31-1	non-literal-mwe[31]	
61-6	26474-26477	dem	_	_	
61-7	26478-26483	Feuer	*->31-2	*[31]	
61-8	26484-26492	gespielt	*->31-3	*[31]	
61-9	26493-26494	,	_	_	
61-10	26495-26498	das	_	_	
61-11	26499-26501	so	_	_	
61-12	26502-26508	vielen	_	_	
61-13	26509-26512	ein	_	_	
61-14	26513-26517	Grab	_	_	
61-15	26518-26520	in	_	_	
61-16	26521-26524	den	_	_	
61-17	26525-26531	Lüften	_	_	
61-18	26532-26536	grub	_	_	
61-19	26537-26538	.	_	_	

#Text=" Die spielen mit dem Feuer , die Parteiherren " , sagt ein Passant in Warschau und ein Arbeiter : " Totale Volksverarschung " .
63-1	29530-29531	"	_	_	
63-2	29532-29535	Die	_	_	
63-3	29536-29543	spielen	*->32-1	non-literal-mwe[32]	
63-4	29544-29547	mit	*->32-2	*[32]	
63-5	29548-29551	dem	_	_	
63-6	29552-29557	Feuer	*->32-3	*[32]	
63-7	29558-29559	,	_	_	
63-8	29560-29563	die	_	_	
63-9	29564-29576	Parteiherren	_	_	
63-10	29577-29578	"	_	_	
63-11	29579-29580	,	_	_	
63-12	29581-29585	sagt	_	_	
63-13	29586-29589	ein	_	_	
63-14	29590-29597	Passant	_	_	
63-15	29598-29600	in	_	_	
63-16	29601-29609	Warschau	_	_	
63-17	29610-29613	und	_	_	
63-18	29614-29617	ein	_	_	
63-19	29618-29626	Arbeiter	_	_	
63-20	29627-29628	:	_	_	
63-21	29629-29630	"	_	_	
63-22	29631-29637	Totale	_	_	
63-23	29638-29654	Volksverarschung	_	_	
63-24	29655-29656	"	_	_	
63-25	29657-29658	.	_	_	

#Text=Arbeitgeber spielen mit Feuer
65-1	30726-30737	Arbeitgeber	_	_	
65-2	30738-30745	spielen	*->33-1	non-literal-mwe[33]	
65-3	30746-30749	mit	*->33-2	*[33]	
65-4	30750-30755	Feuer	*->33-3	*[33]	

#Text=Gesamtmetall spiele mit dem Feuer des Arbeitskampfes .
67-1	30786-30798	Gesamtmetall	_	_	
67-2	30799-30805	spiele	*->34-1	non-literal-mwe[34]	
67-3	30806-30809	mit	*->34-2	*[34]	
67-4	30810-30813	dem	_	_	
67-5	30814-30819	Feuer	*->34-3	*[34]	
67-6	30820-30823	des	_	_	
67-7	30824-30838	Arbeitskampfes	_	_	
67-8	30839-30840	.	_	_	

#Text=" Amerika spielt mit dem Feuer "
69-1	34488-34489	"	_	_	
69-2	34490-34497	Amerika	_	_	
69-3	34498-34504	spielt	*->35-1	non-literal-mwe[35]	
69-4	34505-34508	mit	*->35-2	*[35]	
69-5	34509-34512	dem	_	_	
69-6	34513-34518	Feuer	*->35-3	*[35]	
69-7	34519-34520	"	_	_	

#Text=Amerika tut alles , um seine eigenen Interessen durchzusetzen und spielt mit dem Feuer in einem Gebiet , das weit entfernt von seinen Grenzen liegt .
71-1	34550-34557	Amerika	_	_	
71-2	34558-34561	tut	_	_	
71-3	34562-34567	alles	_	_	
71-4	34568-34569	,	_	_	
71-5	34570-34572	um	_	_	
71-6	34573-34578	seine	_	_	
71-7	34579-34586	eigenen	_	_	
71-8	34587-34597	Interessen	_	_	
71-9	34598-34611	durchzusetzen	_	_	
71-10	34612-34615	und	_	_	
71-11	34616-34622	spielt	*->36-1	non-literal-mwe[36]	
71-12	34623-34626	mit	*->36-2	*[36]	
71-13	34627-34630	dem	_	_	
71-14	34631-34636	Feuer	*->36-3	*[36]	
71-15	34637-34639	in	_	_	
71-16	34640-34645	einem	_	_	
71-17	34646-34652	Gebiet	_	_	
71-18	34653-34654	,	_	_	
71-19	34655-34658	das	_	_	
71-20	34659-34663	weit	_	_	
71-21	34664-34672	entfernt	_	_	
71-22	34673-34676	von	_	_	
71-23	34677-34683	seinen	_	_	
71-24	34684-34691	Grenzen	_	_	
71-25	34692-34697	liegt	_	_	
71-26	34698-34699	.	_	_	

#Text=" Arafat weiß , daß er mit dem Feuer spielt .
73-1	38245-38246	"	_	_	
73-2	38247-38253	Arafat	_	_	
73-3	38254-38258	weiß	_	_	
73-4	38259-38260	,	_	_	
73-5	38261-38264	daß	_	_	
73-6	38265-38267	er	_	_	
73-7	38268-38271	mit	*->37-1	non-literal[37]	
73-8	38272-38275	dem	_	_	
73-9	38276-38281	Feuer	*->37-2	*[37]	
73-10	38282-38288	spielt	*->37-3	*[37]	
73-11	38289-38290	.	_	_	

#Text=Der Irak spielt erneut mit dem Feuer
75-1	38796-38799	Der	_	_	
75-2	38800-38804	Irak	_	_	
75-3	38805-38811	spielt	*->38-1	non-literal-mwe[38]	
75-4	38812-38818	erneut	_	_	
75-5	38819-38822	mit	*->38-2	*[38]	
75-6	38823-38826	dem	_	_	
75-7	38827-38832	Feuer	*->38-3	*[38]	

#Text=Saddam Hussein spielt mit dem Feuer : Nach Angaben des Pentagon hat die irakische Führung Raketen in die Flugverbotszone zum Schutz der Schiiten im Süden des Landes verlegt .
77-1	38870-38876	Saddam	_	_	
77-2	38877-38884	Hussein	_	_	
77-3	38885-38891	spielt	*->39-1	non-literal-mwe[39]	
77-4	38892-38895	mit	*->39-2	*[39]	
77-5	38896-38899	dem	_	_	
77-6	38900-38905	Feuer	*->39-3	*[39]	
77-7	38906-38907	:	_	_	
77-8	38908-38912	Nach	_	_	
77-9	38913-38920	Angaben	_	_	
77-10	38921-38924	des	_	_	
77-11	38925-38933	Pentagon	_	_	
77-12	38934-38937	hat	_	_	
77-13	38938-38941	die	_	_	
77-14	38942-38951	irakische	_	_	
77-15	38952-38959	Führung	_	_	
77-16	38960-38967	Raketen	_	_	
77-17	38968-38970	in	_	_	
77-18	38971-38974	die	_	_	
77-19	38975-38990	Flugverbotszone	_	_	
77-20	38991-38994	zum	_	_	
77-21	38995-39001	Schutz	_	_	
77-22	39002-39005	der	_	_	
77-23	39006-39014	Schiiten	_	_	
77-24	39015-39017	im	_	_	
77-25	39018-39023	Süden	_	_	
77-26	39024-39027	des	_	_	
77-27	39028-39034	Landes	_	_	
77-28	39035-39042	verlegt	_	_	
77-29	39043-39044	.	_	_	

#Text=Und außerdem : die Titel der Bücher - sie sind teilweise noch lesbar - hatten anscheinend alle in ihrem Wortlaut " mit dem Feuer gespielt " - von " Eine kleine Flamme " über " Solange das Feuer brannte " bis " Menschen im Feuer " , und so fort .
79-1	39359-39362	Und	_	_	
79-2	39363-39371	außerdem	_	_	
79-3	39372-39373	:	_	_	
79-4	39374-39377	die	_	_	
79-5	39378-39383	Titel	_	_	
79-6	39384-39387	der	_	_	
79-7	39388-39394	Bücher	_	_	
79-8	39395-39396	-	_	_	
79-9	39397-39400	sie	_	_	
79-10	39401-39405	sind	_	_	
79-11	39406-39415	teilweise	_	_	
79-12	39416-39420	noch	_	_	
79-13	39421-39427	lesbar	_	_	
79-14	39428-39429	-	_	_	
79-15	39430-39436	hatten	_	_	
79-16	39437-39448	anscheinend	_	_	
79-17	39449-39453	alle	_	_	
79-18	39454-39456	in	_	_	
79-19	39457-39462	ihrem	_	_	
79-20	39463-39471	Wortlaut	_	_	
79-21	39472-39473	"	_	_	
79-22	39474-39477	mit	*->40-1	*[40]	
79-23	39478-39481	dem	_	_	
79-24	39482-39487	Feuer	*->40-2	non-literal[40]	
79-25	39488-39496	gespielt	*->40-3	*[40]	
79-26	39497-39498	"	_	_	
79-27	39499-39500	-	_	_	
79-28	39501-39504	von	_	_	
79-29	39505-39506	"	_	_	
79-30	39507-39511	Eine	_	_	
79-31	39512-39518	kleine	_	_	
79-32	39519-39525	Flamme	_	_	
79-33	39526-39527	"	_	_	
79-34	39528-39532	über	_	_	
79-35	39533-39534	"	_	_	
79-36	39535-39542	Solange	_	_	
79-37	39543-39546	das	_	_	
79-38	39547-39552	Feuer	_	_	
79-39	39553-39560	brannte	_	_	
79-40	39561-39562	"	_	_	
79-41	39563-39566	bis	_	_	
79-42	39567-39568	"	_	_	
79-43	39569-39577	Menschen	_	_	
79-44	39578-39580	im	_	_	
79-45	39581-39586	Feuer	_	_	
79-46	39587-39588	"	_	_	
79-47	39589-39590	,	_	_	
79-48	39591-39594	und	_	_	
79-49	39595-39597	so	_	_	
79-50	39598-39602	fort	_	_	
79-51	39603-39604	.	_	_	

#Text=Der Hamburger SV spielt mit dem Feuer .
81-1	40439-40442	Der	_	_	
81-2	40443-40452	Hamburger	_	_	
81-3	40453-40455	SV	_	_	
81-4	40456-40462	spielt	*->41-1	non-literal-mwe[41]	
81-5	40463-40466	mit	*->41-2	*[41]	
81-6	40467-40470	dem	_	_	
81-7	40471-40476	Feuer	*->41-3	*[41]	
81-8	40477-40478	.	_	_	

#Text=Das ist an sich schon gefährlich , so mit dem Feuer zu spielen .
83-1	41177-41180	Das	_	_	
83-2	41181-41184	ist	_	_	
83-3	41185-41187	an	_	_	
83-4	41188-41192	sich	_	_	
83-5	41193-41198	schon	_	_	
83-6	41199-41209	gefährlich	_	_	
83-7	41210-41211	,	_	_	
83-8	41212-41214	so	_	_	
83-9	41215-41218	mit	*->42-1	literal[42]	
83-10	41219-41222	dem	_	_	
83-11	41223-41228	Feuer	*->42-2	*[42]	
83-12	41229-41231	zu	_	_	
83-13	41232-41239	spielen	*->42-3	*[42]	
83-14	41240-41241	.	_	_	

#Text=Mit Feuer gespielt : Wohnung ausgebrannt
85-1	42006-42009	Mit	*->43-1	literal[43]	
85-2	42010-42015	Feuer	*->43-2	*[43]	
85-3	42016-42024	gespielt	*->43-3	*[43]	
85-4	42025-42026	:	_	_	
85-5	42027-42034	Wohnung	_	_	
85-6	42035-42046	ausgebrannt	_	_	

#Text=Der Junge hatte mit Feuer gespielt und es nicht mehr unter Kontrolle bekommen .
87-1	42088-42091	Der	_	_	
87-2	42092-42097	Junge	_	_	
87-3	42098-42103	hatte	_	_	
87-4	42104-42107	mit	*->44-1	literal[44]	
87-5	42108-42113	Feuer	*->44-2	*[44]	
87-6	42114-42122	gespielt	*->44-3	*[44]	
87-7	42123-42126	und	_	_	
87-8	42127-42129	es	_	_	
87-9	42130-42135	nicht	_	_	
87-10	42136-42140	mehr	_	_	
87-11	42141-42146	unter	_	_	
87-12	42147-42156	Kontrolle	_	_	
87-13	42157-42165	bekommen	_	_	
87-14	42166-42167	.	_	_	

#Text=Angeblich habe Klaus im Grenzgebiet mit Feuer gespielt .
89-1	42480-42489	Angeblich	_	_	
89-2	42490-42494	habe	_	_	
89-3	42495-42500	Klaus	_	_	
89-4	42501-42503	im	_	_	
89-5	42504-42515	Grenzgebiet	_	_	
89-6	42516-42519	mit	*->45-1	literal[45]	
89-7	42520-42525	Feuer	*->45-2	*[45]	
89-8	42526-42534	gespielt	*->45-3	*[45]	
89-9	42535-42536	.	_	_	

#Text=" Wer die Lohnfortzahlungen im Krankheitsfall angreife , spiele mit dem Feuer .
91-1	43192-43193	"	_	_	
91-2	43194-43197	Wer	_	_	
91-3	43198-43201	die	_	_	
91-4	43202-43219	Lohnfortzahlungen	_	_	
91-5	43220-43222	im	_	_	
91-6	43223-43237	Krankheitsfall	_	_	
91-7	43238-43246	angreife	_	_	
91-8	43247-43248	,	_	_	
91-9	43249-43255	spiele	*->46-1	non-literal-mwe[46]	
91-10	43256-43259	mit	*->46-2	*[46]	
91-11	43260-43263	dem	_	_	
91-12	43264-43269	Feuer	*->46-3	*[46]	
91-13	43270-43271	.	_	_	

#Text=Mindestens zwei der Verhafteten haben auch in der Vergangenheit schon gerne mit dem Feuer gespielt : Sie waren aus dem Militärdienst entlassen worden , nachdem sie sich im Dezember 1990 am Putschversuch des rechtsextremen Mohamed Ali Seineldin beteiligt hatten .
93-1	44072-44082	Mindestens	_	_	
93-2	44083-44087	zwei	_	_	
93-3	44088-44091	der	_	_	
93-4	44092-44103	Verhafteten	_	_	
93-5	44104-44109	haben	_	_	
93-6	44110-44114	auch	_	_	
93-7	44115-44117	in	_	_	
93-8	44118-44121	der	_	_	
93-9	44122-44135	Vergangenheit	_	_	
93-10	44136-44141	schon	_	_	
93-11	44142-44147	gerne	_	_	
93-12	44148-44151	mit	*->47-1	non-literal-mwe[47]	
93-13	44152-44155	dem	_	_	
93-14	44156-44161	Feuer	*->47-2	*[47]	
93-15	44162-44170	gespielt	*->47-3	*[47]	
93-16	44171-44172	:	_	_	
93-17	44173-44176	Sie	_	_	
93-18	44177-44182	waren	_	_	
93-19	44183-44186	aus	_	_	
93-20	44187-44190	dem	_	_	
93-21	44191-44204	Militärdienst	_	_	
93-22	44205-44214	entlassen	_	_	
93-23	44215-44221	worden	_	_	
93-24	44222-44223	,	_	_	
93-25	44224-44231	nachdem	_	_	
93-26	44232-44235	sie	_	_	
93-27	44236-44240	sich	_	_	
93-28	44241-44243	im	_	_	
93-29	44244-44252	Dezember	_	_	
93-30	44253-44257	1990	_	_	
93-31	44258-44260	am	_	_	
93-32	44261-44274	Putschversuch	_	_	
93-33	44275-44278	des	_	_	
93-34	44279-44293	rechtsextremen	_	_	
93-35	44294-44301	Mohamed	_	_	
93-36	44302-44305	Ali	_	_	
93-37	44306-44315	Seineldin	_	_	
93-38	44316-44325	beteiligt	_	_	
93-39	44326-44332	hatten	_	_	
93-40	44333-44334	.	_	_	

#Text=Wieder mal hat der Kreml nicht bemerkt , wie er in Dagestan mit dem Feuer spielt .
95-1	44810-44816	Wieder	_	_	
95-2	44817-44820	mal	_	_	
95-3	44821-44824	hat	_	_	
95-4	44825-44828	der	_	_	
95-5	44829-44834	Kreml	_	_	
95-6	44835-44840	nicht	_	_	
95-7	44841-44848	bemerkt	_	_	
95-8	44849-44850	,	_	_	
95-9	44851-44854	wie	_	_	
95-10	44855-44857	er	_	_	
95-11	44858-44860	in	_	_	
95-12	44861-44869	Dagestan	_	_	
95-13	44870-44873	mit	*->48-1	non-literal-mwe[48]	
95-14	44874-44877	dem	_	_	
95-15	44878-44883	Feuer	*->48-2	*[48]	
95-16	44884-44890	spielt	*->48-3	*[48]	
95-17	44891-44892	.	_	_	

#Text=Was mußte das Fotomaterial schon alles über sich ergehen lassen : Joan Fontcuberta liebte es , mit seinen Bartstoppeln auf dem weichen Fotopapier herumzukratzen - genau : auf dem Motiv eines Kaktus ' ; Kollege Inigo Royo spielte sogar mit dem Feuer und sengelte seine düsteren Landschaftsbilder formschön an .
97-1	46433-46436	Was	_	_	
97-2	46437-46442	mußte	_	_	
97-3	46443-46446	das	_	_	
97-4	46447-46459	Fotomaterial	_	_	
97-5	46460-46465	schon	_	_	
97-6	46466-46471	alles	_	_	
97-7	46472-46476	über	_	_	
97-8	46477-46481	sich	_	_	
97-9	46482-46489	ergehen	_	_	
97-10	46490-46496	lassen	_	_	
97-11	46497-46498	:	_	_	
97-12	46499-46503	Joan	_	_	
97-13	46504-46515	Fontcuberta	_	_	
97-14	46516-46522	liebte	_	_	
97-15	46523-46525	es	_	_	
97-16	46526-46527	,	_	_	
97-17	46528-46531	mit	_	_	
97-18	46532-46538	seinen	_	_	
97-19	46539-46551	Bartstoppeln	_	_	
97-20	46552-46555	auf	_	_	
97-21	46556-46559	dem	_	_	
97-22	46560-46567	weichen	_	_	
97-23	46568-46578	Fotopapier	_	_	
97-24	46579-46593	herumzukratzen	_	_	
97-25	46594-46595	-	_	_	
97-26	46596-46601	genau	_	_	
97-27	46602-46603	:	_	_	
97-28	46604-46607	auf	_	_	
97-29	46608-46611	dem	_	_	
97-30	46612-46617	Motiv	_	_	
97-31	46618-46623	eines	_	_	
97-32	46624-46630	Kaktus	_	_	
97-33	46631-46632	'	_	_	
97-34	46633-46634	;	_	_	
97-35	46635-46642	Kollege	_	_	
97-36	46643-46648	Inigo	_	_	
97-37	46649-46653	Royo	_	_	
97-38	46654-46661	spielte	*->49-1	literal[49]	
97-39	46662-46667	sogar	_	_	
97-40	46668-46671	mit	*->49-2	*[49]	
97-41	46672-46675	dem	_	_	
97-42	46676-46681	Feuer	*->49-3	*[49]	
97-43	46682-46685	und	_	_	
97-44	46686-46694	sengelte	_	_	
97-45	46695-46700	seine	_	_	
97-46	46701-46709	düsteren	_	_	
97-47	46710-46727	Landschaftsbilder	_	_	
97-48	46728-46737	formschön	_	_	
97-49	46738-46740	an	_	_	
97-50	46741-46742	.	_	_	

#Text=Während er sich dafür von eben dieser Regierung vorhalten lassen mußte , daß er die parteipolitische Neutralität verletze und mit dem Feuer spiele , feierten ihn die grünen Delegierten mit der gleichen routinierten Freundlichkeit ab wie Stunden später eine Suhler Bürgerinitiative gegen den Autobahnbau .
99-1	47458-47465	Während	_	_	
99-2	47466-47468	er	_	_	
99-3	47469-47473	sich	_	_	
99-4	47474-47479	dafür	_	_	
99-5	47480-47483	von	_	_	
99-6	47484-47488	eben	_	_	
99-7	47489-47495	dieser	_	_	
99-8	47496-47505	Regierung	_	_	
99-9	47506-47515	vorhalten	_	_	
99-10	47516-47522	lassen	_	_	
99-11	47523-47528	mußte	_	_	
99-12	47529-47530	,	_	_	
99-13	47531-47534	daß	_	_	
99-14	47535-47537	er	_	_	
99-15	47538-47541	die	_	_	
99-16	47542-47558	parteipolitische	_	_	
99-17	47559-47570	Neutralität	_	_	
99-18	47571-47579	verletze	_	_	
99-19	47580-47583	und	_	_	
99-20	47584-47587	mit	*->50-1	non-literal-mwe[50]	
99-21	47588-47591	dem	_	_	
99-22	47592-47597	Feuer	*->50-2	*[50]	
99-23	47598-47604	spiele	*->50-3	*[50]	
99-24	47605-47606	,	_	_	
99-25	47607-47615	feierten	_	_	
99-26	47616-47619	ihn	_	_	
99-27	47620-47623	die	_	_	
99-28	47624-47630	grünen	_	_	
99-29	47631-47642	Delegierten	_	_	
99-30	47643-47646	mit	_	_	
99-31	47647-47650	der	_	_	
99-32	47651-47659	gleichen	_	_	
99-33	47660-47672	routinierten	_	_	
99-34	47673-47687	Freundlichkeit	_	_	
99-35	47688-47690	ab	_	_	
99-36	47691-47694	wie	_	_	
99-37	47695-47702	Stunden	_	_	
99-38	47703-47709	später	_	_	
99-39	47710-47714	eine	_	_	
99-40	47715-47721	Suhler	_	_	
99-41	47722-47738	Bürgerinitiative	_	_	
99-42	47739-47744	gegen	_	_	
99-43	47745-47748	den	_	_	
99-44	47749-47760	Autobahnbau	_	_	
99-45	47761-47762	.	_	_	

#Text=Die Zeitung L'Independant aus dem benachbarten Burkina Faso analysiert die französische Position so : " In einem Niger im Tuareg-Aufstand , an den Grenzen zu Libyen und Nigeria , Riegel des französischen Hinterhofs gegenüber der islamistischen Bedrohung und dazu noch ein Land mit Uran , darf man nicht mit dem Feuer spielen .
101-1	48200-48203	Die	_	_	
101-2	48204-48211	Zeitung	_	_	
101-3	48212-48225	L'Independant	_	_	
101-4	48226-48229	aus	_	_	
101-5	48230-48233	dem	_	_	
101-6	48234-48246	benachbarten	_	_	
101-7	48247-48254	Burkina	_	_	
101-8	48255-48259	Faso	_	_	
101-9	48260-48270	analysiert	_	_	
101-10	48271-48274	die	_	_	
101-11	48275-48287	französische	_	_	
101-12	48288-48296	Position	_	_	
101-13	48297-48299	so	_	_	
101-14	48300-48301	:	_	_	
101-15	48302-48303	"	_	_	
101-16	48304-48306	In	_	_	
101-17	48307-48312	einem	_	_	
101-18	48313-48318	Niger	_	_	
101-19	48319-48321	im	_	_	
101-20	48322-48337	Tuareg-Aufstand	_	_	
101-21	48338-48339	,	_	_	
101-22	48340-48342	an	_	_	
101-23	48343-48346	den	_	_	
101-24	48347-48354	Grenzen	_	_	
101-25	48355-48357	zu	_	_	
101-26	48358-48364	Libyen	_	_	
101-27	48365-48368	und	_	_	
101-28	48369-48376	Nigeria	_	_	
101-29	48377-48378	,	_	_	
101-30	48379-48385	Riegel	_	_	
101-31	48386-48389	des	_	_	
101-32	48390-48403	französischen	_	_	
101-33	48404-48414	Hinterhofs	_	_	
101-34	48415-48424	gegenüber	_	_	
101-35	48425-48428	der	_	_	
101-36	48429-48443	islamistischen	_	_	
101-37	48444-48453	Bedrohung	_	_	
101-38	48454-48457	und	_	_	
101-39	48458-48462	dazu	_	_	
101-40	48463-48467	noch	_	_	
101-41	48468-48471	ein	_	_	
101-42	48472-48476	Land	_	_	
101-43	48477-48480	mit	_	_	
101-44	48481-48485	Uran	_	_	
101-45	48486-48487	,	_	_	
101-46	48488-48492	darf	_	_	
101-47	48493-48496	man	_	_	
101-48	48497-48502	nicht	_	_	
101-49	48503-48506	mit	*->51-1	non-literal-mwe[51]	
101-50	48507-48510	dem	_	_	
101-51	48511-48516	Feuer	*->51-2	*[51]	
101-52	48517-48524	spielen	*->51-3	*[51]	
101-53	48525-48526	.	_	_	

#Text=" Brot ist das Feuer , mit dem Politiker spielen und sich verbrennen " , mahnte die arabische Zeitung An- Nahar , als Ende letzten Monats bekannt wurde , die Brotpreise zu verdoppeln .
103-1	49176-49177	"	_	_	
103-2	49178-49182	Brot	_	_	
103-3	49183-49186	ist	_	_	
103-4	49187-49190	das	_	_	
103-5	49191-49196	Feuer	*->52-1	non-literal[52]	
103-6	49197-49198	,	_	_	
103-7	49199-49202	mit	*->52-2	*[52]	
103-8	49203-49206	dem	_	_	
103-9	49207-49216	Politiker	_	_	
103-10	49217-49224	spielen	*->52-3	*[52]	
103-11	49225-49228	und	_	_	
103-12	49229-49233	sich	_	_	
103-13	49234-49244	verbrennen	_	_	
103-14	49245-49246	"	_	_	
103-15	49247-49248	,	_	_	
103-16	49249-49255	mahnte	_	_	
103-17	49256-49259	die	_	_	
103-18	49260-49269	arabische	_	_	
103-19	49270-49277	Zeitung	_	_	
103-20	49278-49281	An-	_	_	
103-21	49282-49287	Nahar	_	_	
103-22	49288-49289	,	_	_	
103-23	49290-49293	als	_	_	
103-24	49294-49298	Ende	_	_	
103-25	49299-49306	letzten	_	_	
103-26	49307-49313	Monats	_	_	
103-27	49314-49321	bekannt	_	_	
103-28	49322-49327	wurde	_	_	
103-29	49328-49329	,	_	_	
103-30	49330-49333	die	_	_	
103-31	49334-49344	Brotpreise	_	_	
103-32	49345-49347	zu	_	_	
103-33	49348-49358	verdoppeln	_	_	
103-34	49359-49360	.	_	_	

#Text=" Vielleicht spiele ich mit dem Feuer , indem ich das Böse in schönen Bildern zeige " , deutet Volker Schlöndorff die hypnotisierende Wirkung der Nazizeremonie .
105-1	49909-49910	"	_	_	
105-2	49911-49921	Vielleicht	_	_	
105-3	49922-49928	spiele	*->53-1	non-literal-mwe[53]	
105-4	49929-49932	ich	_	_	
105-5	49933-49936	mit	*->53-2	*[53]	
105-6	49937-49940	dem	_	_	
105-7	49941-49946	Feuer	*->53-3	*[53]	
105-8	49947-49948	,	_	_	
105-9	49949-49954	indem	_	_	
105-10	49955-49958	ich	_	_	
105-11	49959-49962	das	_	_	
105-12	49963-49967	Böse	_	_	
105-13	49968-49970	in	_	_	
105-14	49971-49978	schönen	_	_	
105-15	49979-49986	Bildern	_	_	
105-16	49987-49992	zeige	_	_	
105-17	49993-49994	"	_	_	
105-18	49995-49996	,	_	_	
105-19	49997-50003	deutet	_	_	
105-20	50004-50010	Volker	_	_	
105-21	50011-50022	Schlöndorff	_	_	
105-22	50023-50026	die	_	_	
105-23	50027-50042	hypnotisierende	_	_	
105-24	50043-50050	Wirkung	_	_	
105-25	50051-50054	der	_	_	
105-26	50055-50068	Nazizeremonie	_	_	
105-27	50069-50070	.	_	_	

#Text=Er spiele " mit dem Feuer " , hieß es danach von Leuten , die ihm nahestehen .
107-1	50381-50383	Er	_	_	
107-2	50384-50390	spiele	*->54-1	non-literal-mwe[54]	
107-3	50391-50392	"	_	_	
107-4	50393-50396	mit	*->54-2	*[54]	
107-5	50397-50400	dem	_	_	
107-6	50401-50406	Feuer	*->54-3	*[54]	
107-7	50407-50408	"	_	_	
107-8	50409-50410	,	_	_	
107-9	50411-50415	hieß	_	_	
107-10	50416-50418	es	_	_	
107-11	50419-50425	danach	_	_	
107-12	50426-50429	von	_	_	
107-13	50430-50436	Leuten	_	_	
107-14	50437-50438	,	_	_	
107-15	50439-50442	die	_	_	
107-16	50443-50446	ihm	_	_	
107-17	50447-50457	nahestehen	_	_	
107-18	50458-50459	.	_	_	

#Text=" Safoan spielt nicht mit Feuer " , sagt Mohammed Eid : " Er ist unschuldig .
109-1	50987-50988	"	_	_	
109-2	50989-50995	Safoan	_	_	
109-3	50996-51002	spielt	*->55-1	literal[55]	
109-4	51003-51008	nicht	_	_	
109-5	51009-51012	mit	*->55-2	*[55]	
109-6	51013-51018	Feuer	*->55-3	*[55]	
109-7	51019-51020	"	_	_	
109-8	51021-51022	,	_	_	
109-9	51023-51027	sagt	_	_	
109-10	51028-51036	Mohammed	_	_	
109-11	51037-51040	Eid	_	_	
109-12	51041-51042	:	_	_	
109-13	51043-51044	"	_	_	
109-14	51045-51047	Er	_	_	
109-15	51048-51051	ist	_	_	
109-16	51052-51062	unschuldig	_	_	
109-17	51063-51064	.	_	_	

#Text=Wenn das Übel zu etwas gut sein soll , dann muß das indische Atomexperiment zu einer radikalen internationalen Bewußtwerdung führen : Es ist nicht mehr erlaubt , mit dem Feuer zu spielen .
111-1	51645-51649	Wenn	_	_	
111-2	51650-51653	das	_	_	
111-3	51654-51658	Übel	_	_	
111-4	51659-51661	zu	_	_	
111-5	51662-51667	etwas	_	_	
111-6	51668-51671	gut	_	_	
111-7	51672-51676	sein	_	_	
111-8	51677-51681	soll	_	_	
111-9	51682-51683	,	_	_	
111-10	51684-51688	dann	_	_	
111-11	51689-51692	muß	_	_	
111-12	51693-51696	das	_	_	
111-13	51697-51705	indische	_	_	
111-14	51706-51720	Atomexperiment	_	_	
111-15	51721-51723	zu	_	_	
111-16	51724-51729	einer	_	_	
111-17	51730-51739	radikalen	_	_	
111-18	51740-51755	internationalen	_	_	
111-19	51756-51769	Bewußtwerdung	_	_	
111-20	51770-51776	führen	_	_	
111-21	51777-51778	:	_	_	
111-22	51779-51781	Es	_	_	
111-23	51782-51785	ist	_	_	
111-24	51786-51791	nicht	_	_	
111-25	51792-51796	mehr	_	_	
111-26	51797-51804	erlaubt	_	_	
111-27	51805-51806	,	_	_	
111-28	51807-51810	mit	*->56-1	non-literal-mwe[56]	
111-29	51811-51814	dem	_	_	
111-30	51815-51820	Feuer	*->56-2	*[56]	
111-31	51821-51823	zu	_	_	
111-32	51824-51831	spielen	*->56-3	*[56]	
111-33	51832-51833	.	_	_	

#Text=" Ich fürchte , daß die Fachgemeinschaft mit dem Feuer spielt .
113-1	52678-52679	"	_	_	
113-2	52680-52683	Ich	_	_	
113-3	52684-52691	fürchte	_	_	
113-4	52692-52693	,	_	_	
113-5	52694-52697	daß	_	_	
113-6	52698-52701	die	_	_	
113-7	52702-52718	Fachgemeinschaft	_	_	
113-8	52719-52722	mit	*->57-1	non-literal-mwe[57]	
113-9	52723-52726	dem	_	_	
113-10	52727-52732	Feuer	*->57-2	*[57]	
113-11	52733-52739	spielt	*->57-3	*[57]	
113-12	52740-52741	.	_	_	

#Text=Solange die AKWs nicht abgeschaltet seien , spiele man wie in Tschernobyl mit dem Feuer , wo die Katastrophe " ein Stück des Planten unbewohnbar gemacht " habe , warnte sie .
115-1	53011-53018	Solange	_	_	
115-2	53019-53022	die	_	_	
115-3	53023-53027	AKWs	_	_	
115-4	53028-53033	nicht	_	_	
115-5	53034-53046	abgeschaltet	_	_	
115-6	53047-53052	seien	_	_	
115-7	53053-53054	,	_	_	
115-8	53055-53061	spiele	*->58-1	non-literal-mwe[58]	
115-9	53062-53065	man	_	_	
115-10	53066-53069	wie	_	_	
115-11	53070-53072	in	_	_	
115-12	53073-53084	Tschernobyl	_	_	
115-13	53085-53088	mit	*->58-2	*[58]	
115-14	53089-53092	dem	_	_	
115-15	53093-53098	Feuer	*->58-3	*[58]	
115-16	53099-53100	,	_	_	
115-17	53101-53103	wo	_	_	
115-18	53104-53107	die	_	_	
115-19	53108-53119	Katastrophe	_	_	
115-20	53120-53121	"	_	_	
115-21	53122-53125	ein	_	_	
115-22	53126-53131	Stück	_	_	
115-23	53132-53135	des	_	_	
115-24	53136-53143	Planten	_	_	
115-25	53144-53155	unbewohnbar	_	_	
115-26	53156-53163	gemacht	_	_	
115-27	53164-53165	"	_	_	
115-28	53166-53170	habe	_	_	
115-29	53171-53172	,	_	_	
115-30	53173-53179	warnte	_	_	
115-31	53180-53183	sie	_	_	
115-32	53184-53185	.	_	_	

#Text=Jospin spielt mit dieser in aller Heimlichkeit ausgehandelten Fusion mit dem Feuer .
117-1	53827-53833	Jospin	_	_	
117-2	53834-53840	spielt	*->59-1	non-literal-mwe[59]	
117-3	53841-53844	mit	_	_	
117-4	53845-53851	dieser	_	_	
117-5	53852-53854	in	_	_	
117-6	53855-53860	aller	_	_	
117-7	53861-53873	Heimlichkeit	_	_	
117-8	53874-53888	ausgehandelten	_	_	
117-9	53889-53895	Fusion	_	_	
117-10	53896-53899	mit	*->59-2	*[59]	
117-11	53900-53903	dem	_	_	
117-12	53904-53909	Feuer	*->59-3	*[59]	
117-13	53910-53911	.	_	_	

#Text=Nachdem sie Anfang März mit dem Feuer spielten , indem sie vorschlugen , den Benzinpreis zu verdreifachen , und damit einen Einbruch in den Umfragen erlitten , werden sie nun bei der Geschwindigkeitsbegrenzung rückfällig .
119-1	54269-54276	Nachdem	_	_	
119-2	54277-54280	sie	_	_	
119-3	54281-54287	Anfang	_	_	
119-4	54288-54292	März	_	_	
119-5	54293-54296	mit	*->60-1	non-literal-mwe[60]	
119-6	54297-54300	dem	_	_	
119-7	54301-54306	Feuer	*->60-2	*[60]	
119-8	54307-54315	spielten	*->60-3	*[60]	
119-9	54316-54317	,	_	_	
119-10	54318-54323	indem	_	_	
119-11	54324-54327	sie	_	_	
119-12	54328-54339	vorschlugen	_	_	
119-13	54340-54341	,	_	_	
119-14	54342-54345	den	_	_	
119-15	54346-54357	Benzinpreis	_	_	
119-16	54358-54360	zu	_	_	
119-17	54361-54374	verdreifachen	_	_	
119-18	54375-54376	,	_	_	
119-19	54377-54380	und	_	_	
119-20	54381-54386	damit	_	_	
119-21	54387-54392	einen	_	_	
119-22	54393-54401	Einbruch	_	_	
119-23	54402-54404	in	_	_	
119-24	54405-54408	den	_	_	
119-25	54409-54417	Umfragen	_	_	
119-26	54418-54426	erlitten	_	_	
119-27	54427-54428	,	_	_	
119-28	54429-54435	werden	_	_	
119-29	54436-54439	sie	_	_	
119-30	54440-54443	nun	_	_	
119-31	54444-54447	bei	_	_	
119-32	54448-54451	der	_	_	
119-33	54452-54478	Geschwindigkeitsbegrenzung	_	_	
119-34	54479-54489	rückfällig	_	_	
119-35	54490-54491	.	_	_	

#Text=Der Angriff auf Polen habe nicht außerhalb der " Gepflogenheiten " jener Zeit gelegen : " Polen hatte zu oft selbst mit dem Feuer des Krieges gespielt , um 1939 ein Gefühl des Bedauerns in Deutschland zu erregen .
121-1	55371-55374	Der	_	_	
121-2	55375-55382	Angriff	_	_	
121-3	55383-55386	auf	_	_	
121-4	55387-55392	Polen	_	_	
121-5	55393-55397	habe	_	_	
121-6	55398-55403	nicht	_	_	
121-7	55404-55413	außerhalb	_	_	
121-8	55414-55417	der	_	_	
121-9	55418-55419	"	_	_	
121-10	55420-55435	Gepflogenheiten	_	_	
121-11	55436-55437	"	_	_	
121-12	55438-55443	jener	_	_	
121-13	55444-55448	Zeit	_	_	
121-14	55449-55456	gelegen	_	_	
121-15	55457-55458	:	_	_	
121-16	55459-55460	"	_	_	
121-17	55461-55466	Polen	_	_	
121-18	55467-55472	hatte	_	_	
121-19	55473-55475	zu	_	_	
121-20	55476-55479	oft	_	_	
121-21	55480-55486	selbst	_	_	
121-22	55487-55490	mit	*->61-1	non-literal-mwe[61]	
121-23	55491-55494	dem	_	_	
121-24	55495-55500	Feuer	*->61-2	*[61]	
121-25	55501-55504	des	_	_	
121-26	55505-55512	Krieges	_	_	
121-27	55513-55521	gespielt	*->61-3	*[61]	
121-28	55522-55523	,	_	_	
121-29	55524-55526	um	_	_	
121-30	55527-55531	1939	_	_	
121-31	55532-55535	ein	_	_	
121-32	55536-55542	Gefühl	_	_	
121-33	55543-55546	des	_	_	
121-34	55547-55556	Bedauerns	_	_	
121-35	55557-55559	in	_	_	
121-36	55560-55571	Deutschland	_	_	
121-37	55572-55574	zu	_	_	
121-38	55575-55582	erregen	_	_	
121-39	55583-55584	.	_	_	

#Text=Weil ein Kind offenbar in seinem Bett mit Feuer spielt hatte , ist am Montagabend eine Dachgeschoßwohnung in Brand geraten .
123-1	56137-56141	Weil	_	_	
123-2	56142-56145	ein	_	_	
123-3	56146-56150	Kind	_	_	
123-4	56151-56159	offenbar	_	_	
123-5	56160-56162	in	_	_	
123-6	56163-56169	seinem	_	_	
123-7	56170-56174	Bett	_	_	
123-8	56175-56178	mit	*->62-1	literal[62]	
123-9	56179-56184	Feuer	*->62-2	*[62]	
123-10	56185-56191	spielt	*->62-3	*[62]	
123-11	56192-56197	hatte	_	_	
123-12	56198-56199	,	_	_	
123-13	56200-56203	ist	_	_	
123-14	56204-56206	am	_	_	
123-15	56207-56218	Montagabend	_	_	
123-16	56219-56223	eine	_	_	
123-17	56224-56242	Dachgeschoßwohnung	_	_	
123-18	56243-56245	in	_	_	
123-19	56246-56251	Brand	_	_	
123-20	56252-56259	geraten	_	_	
123-21	56260-56261	.	_	_	

#Text=Die türkischen Islamisten spielen mit dem Feuer
125-1	56548-56551	Die	_	_	
125-2	56552-56562	türkischen	_	_	
125-3	56563-56573	Islamisten	_	_	
125-4	56574-56581	spielen	*->63-1	non-literal-mwe[63]	
125-5	56582-56585	mit	*->63-2	*[63]	
125-6	56586-56589	dem	_	_	
125-7	56590-56595	Feuer	*->63-3	*[63]	

#Text=Wer mit dem Feuer spielt , sollte sich zuerst um die Sicherheit seiner Mitbürger sorgen .
127-1	56644-56647	Wer	_	_	
127-2	56648-56651	mit	*->64-1	non-literal-mwe[64]	
127-3	56652-56655	dem	_	_	
127-4	56656-56661	Feuer	*->64-2	*[64]	
127-5	56662-56668	spielt	*->64-3	*[64]	
127-6	56669-56670	,	_	_	
127-7	56671-56677	sollte	_	_	
127-8	56678-56682	sich	_	_	
127-9	56683-56689	zuerst	_	_	
127-10	56690-56692	um	_	_	
127-11	56693-56696	die	_	_	
127-12	56697-56707	Sicherheit	_	_	
127-13	56708-56714	seiner	_	_	
127-14	56715-56724	Mitbürger	_	_	
127-15	56725-56731	sorgen	_	_	
127-16	56732-56733	.	_	_	

#Text=Sie spielen mit dem Feuer " , sagte der für Zypern zuständige türkische Staatsminister Sükrü Gürgel in Ankara .
129-1	57338-57341	Sie	_	_	
129-2	57342-57349	spielen	*->65-1	non-literal-mwe[65]	
129-3	57350-57353	mit	*->65-2	*[65]	
129-4	57354-57357	dem	_	_	
129-5	57358-57363	Feuer	*->65-3	*[65]	
129-6	57364-57365	"	_	_	
129-7	57366-57367	,	_	_	
129-8	57368-57373	sagte	_	_	
129-9	57374-57377	der	_	_	
129-10	57378-57381	für	_	_	
129-11	57382-57388	Zypern	_	_	
129-12	57389-57399	zuständige	_	_	
129-13	57400-57409	türkische	_	_	
129-14	57410-57424	Staatsminister	_	_	
129-15	57425-57430	Sükrü	_	_	
129-16	57431-57437	Gürgel	_	_	
129-17	57438-57440	in	_	_	
129-18	57441-57447	Ankara	_	_	
129-19	57448-57449	.	_	_	

#Text=" Tshisekedi hat mit dem Feuer gespielt " , meint Rechtsanwalt Kinkela , zugleich erster Parlamentsreferent .
131-1	58298-58299	"	_	_	
131-2	58300-58310	Tshisekedi	_	_	
131-3	58311-58314	hat	_	_	
131-4	58315-58318	mit	*->66-1	non-literal-mwe[66]	
131-5	58319-58322	dem	_	_	
131-6	58323-58328	Feuer	*->66-2	*[66]	
131-7	58329-58337	gespielt	*->66-3	*[66]	
131-8	58338-58339	"	_	_	
131-9	58340-58341	,	_	_	
131-10	58342-58347	meint	_	_	
131-11	58348-58360	Rechtsanwalt	_	_	
131-12	58361-58368	Kinkela	_	_	
131-13	58369-58370	,	_	_	
131-14	58371-58379	zugleich	_	_	
131-15	58380-58386	erster	_	_	
131-16	58387-58405	Parlamentsreferent	_	_	
131-17	58406-58407	.	_	_	

#Text=Wir sollten nicht mit dem Feuer spielen .
133-1	59113-59116	Wir	_	_	
133-2	59117-59124	sollten	_	_	
133-3	59125-59130	nicht	_	_	
133-4	59131-59134	mit	*->67-1	non-literal-mwe[67]	
133-5	59135-59138	dem	_	_	
133-6	59139-59144	Feuer	*->67-2	*[67]	
133-7	59145-59152	spielen	*->67-3	*[67]	
133-8	59153-59154	.	_	_	

#Text=" Die Israelis spielen mit dem Feuer " , erklärte gestern der für Jerusalem zuständige Vertreter der palästinensischen Autonomiebehörden , Faisal Husseini .
135-1	60129-60130	"	_	_	
135-2	60131-60134	Die	_	_	
135-3	60135-60143	Israelis	_	_	
135-4	60144-60151	spielen	*->68-1	non-literal-mwe[68]	
135-5	60152-60155	mit	*->68-2	*[68]	
135-6	60156-60159	dem	_	_	
135-7	60160-60165	Feuer	*->68-3	*[68]	
135-8	60166-60167	"	_	_	
135-9	60168-60169	,	_	_	
135-10	60170-60178	erklärte	_	_	
135-11	60179-60186	gestern	_	_	
135-12	60187-60190	der	_	_	
135-13	60191-60194	für	_	_	
135-14	60195-60204	Jerusalem	_	_	
135-15	60205-60215	zuständige	_	_	
135-16	60216-60225	Vertreter	_	_	
135-17	60226-60229	der	_	_	
135-18	60230-60247	palästinensischen	_	_	
135-19	60248-60265	Autonomiebehörden	_	_	
135-20	60266-60267	,	_	_	
135-21	60268-60274	Faisal	_	_	
135-22	60275-60283	Husseini	_	_	
135-23	60284-60285	.	_	_	

#Text=" Die Regierung spielt mit dem Feuer " , warnt ein Mitglied einer deutschen Hilfsorganisation .
137-1	60885-60886	"	_	_	
137-2	60887-60890	Die	_	_	
137-3	60891-60900	Regierung	_	_	
137-4	60901-60907	spielt	*->69-1	non-literal-mwe[69]	
137-5	60908-60911	mit	*->69-2	*[69]	
137-6	60912-60915	dem	_	_	
137-7	60916-60921	Feuer	*->69-3	*[69]	
137-8	60922-60923	"	_	_	
137-9	60924-60925	,	_	_	
137-10	60926-60931	warnt	_	_	
137-11	60932-60935	ein	_	_	
137-12	60936-60944	Mitglied	_	_	
137-13	60945-60950	einer	_	_	
137-14	60951-60960	deutschen	_	_	
137-15	60961-60978	Hilfsorganisation	_	_	
137-16	60979-60980	.	_	_	

#Text=Ulrike Windsperger von den Grünen forderte CSU-Mann Ellmaier auf , sich bei Pfarrer Stahlschmidt zu entschuldigen : " Gerade in Zeiten wie diesen muß man all denen , die mit dem Feuer spielen , mutig entgegentreten .
139-1	61468-61474	Ulrike	_	_	
139-2	61475-61486	Windsperger	_	_	
139-3	61487-61490	von	_	_	
139-4	61491-61494	den	_	_	
139-5	61495-61501	Grünen	_	_	
139-6	61502-61510	forderte	_	_	
139-7	61511-61519	CSU-Mann	_	_	
139-8	61520-61528	Ellmaier	_	_	
139-9	61529-61532	auf	_	_	
139-10	61533-61534	,	_	_	
139-11	61535-61539	sich	_	_	
139-12	61540-61543	bei	_	_	
139-13	61544-61551	Pfarrer	_	_	
139-14	61552-61564	Stahlschmidt	_	_	
139-15	61565-61567	zu	_	_	
139-16	61568-61581	entschuldigen	_	_	
139-17	61582-61583	:	_	_	
139-18	61584-61585	"	_	_	
139-19	61586-61592	Gerade	_	_	
139-20	61593-61595	in	_	_	
139-21	61596-61602	Zeiten	_	_	
139-22	61603-61606	wie	_	_	
139-23	61607-61613	diesen	_	_	
139-24	61614-61617	muß	_	_	
139-25	61618-61621	man	_	_	
139-26	61622-61625	all	_	_	
139-27	61626-61631	denen	_	_	
139-28	61632-61633	,	_	_	
139-29	61634-61637	die	_	_	
139-30	61638-61641	mit	*->70-1	non-literal-mwe[70]	
139-31	61642-61645	dem	_	_	
139-32	61646-61651	Feuer	*->70-2	*[70]	
139-33	61652-61659	spielen	*->70-3	*[70]	
139-34	61660-61661	,	_	_	
139-35	61662-61667	mutig	_	_	
139-36	61668-61682	entgegentreten	_	_	
139-37	61683-61684	.	_	_	

#Text=Major warnte , daß sie mit dem Feuer spielen , wenn sie ihr Kreuzchen verweigerten : " Beschwert euch nicht bei mir , wenn eine sozialistische Mehrheit in Brüssel dann Ausgaben und Steuern erhöht und sich in jeden Winkel eures Lebens einmischt .
141-1	61904-61909	Major	_	_	
141-2	61910-61916	warnte	_	_	
141-3	61917-61918	,	_	_	
141-4	61919-61922	daß	_	_	
141-5	61923-61926	sie	_	_	
141-6	61927-61930	mit	*->71-1	non-literal-mwe[71]	
141-7	61931-61934	dem	_	_	
141-8	61935-61940	Feuer	*->71-2	*[71]	
141-9	61941-61948	spielen	*->71-3	*[71]	
141-10	61949-61950	,	_	_	
141-11	61951-61955	wenn	_	_	
141-12	61956-61959	sie	_	_	
141-13	61960-61963	ihr	_	_	
141-14	61964-61973	Kreuzchen	_	_	
141-15	61974-61986	verweigerten	_	_	
141-16	61987-61988	:	_	_	
141-17	61989-61990	"	_	_	
141-18	61991-62000	Beschwert	_	_	
141-19	62001-62005	euch	_	_	
141-20	62006-62011	nicht	_	_	
141-21	62012-62015	bei	_	_	
141-22	62016-62019	mir	_	_	
141-23	62020-62021	,	_	_	
141-24	62022-62026	wenn	_	_	
141-25	62027-62031	eine	_	_	
141-26	62032-62046	sozialistische	_	_	
141-27	62047-62055	Mehrheit	_	_	
141-28	62056-62058	in	_	_	
141-29	62059-62066	Brüssel	_	_	
141-30	62067-62071	dann	_	_	
141-31	62072-62080	Ausgaben	_	_	
141-32	62081-62084	und	_	_	
141-33	62085-62092	Steuern	_	_	
141-34	62093-62099	erhöht	_	_	
141-35	62100-62103	und	_	_	
141-36	62104-62108	sich	_	_	
141-37	62109-62111	in	_	_	
141-38	62112-62117	jeden	_	_	
141-39	62118-62124	Winkel	_	_	
141-40	62125-62130	eures	_	_	
141-41	62131-62137	Lebens	_	_	
141-42	62138-62147	einmischt	_	_	
141-43	62148-62149	.	_	_	

#Text=CDUSPDFDP spielen mit dem Feuer
143-1	62651-62660	CDUSPDFDP	_	_	
143-2	62661-62668	spielen	*->72-1	non-literal-mwe[72]	
143-3	62669-62672	mit	*->72-2	*[72]	
143-4	62673-62676	dem	_	_	
143-5	62677-62682	Feuer	*->72-3	*[72]	

#Text=" Wir warnen Arafats Regierung , nicht mit dem Feuer zu spielen " , hieß es auf dem Flugblatt .
145-1	62715-62716	"	_	_	
145-2	62717-62720	Wir	_	_	
145-3	62721-62727	warnen	_	_	
145-4	62728-62735	Arafats	_	_	
145-5	62736-62745	Regierung	_	_	
145-6	62746-62747	,	_	_	
145-7	62748-62753	nicht	_	_	
145-8	62754-62757	mit	*->73-1	non-literal-mwe[73]	
145-9	62758-62761	dem	_	_	
145-10	62762-62767	Feuer	*->73-2	*[73]	
145-11	62768-62770	zu	_	_	
145-12	62771-62778	spielen	*->73-3	*[73]	
145-13	62779-62780	"	_	_	
145-14	62781-62782	,	_	_	
145-15	62783-62787	hieß	_	_	
145-16	62788-62790	es	_	_	
145-17	62791-62794	auf	_	_	
145-18	62795-62798	dem	_	_	
145-19	62799-62808	Flugblatt	_	_	
145-20	62809-62810	.	_	_	

#Text=Aber einige Beobachter meinen , Bouteflika habe mit dem Feuer gespielt und sei zur Zeit im Ausland besser aufgehoben .
147-1	63334-63338	Aber	_	_	
147-2	63339-63345	einige	_	_	
147-3	63346-63356	Beobachter	_	_	
147-4	63357-63363	meinen	_	_	
147-5	63364-63365	,	_	_	
147-6	63366-63376	Bouteflika	_	_	
147-7	63377-63381	habe	_	_	
147-8	63382-63385	mit	*->74-1	non-literal-mwe[74]	
147-9	63386-63389	dem	_	_	
147-10	63390-63395	Feuer	*->74-2	*[74]	
147-11	63396-63404	gespielt	*->74-3	*[74]	
147-12	63405-63408	und	_	_	
147-13	63409-63412	sei	_	_	
147-14	63413-63416	zur	_	_	
147-15	63417-63421	Zeit	_	_	
147-16	63422-63424	im	_	_	
147-17	63425-63432	Ausland	_	_	
147-18	63433-63439	besser	_	_	
147-19	63440-63450	aufgehoben	_	_	
147-20	63451-63452	.	_	_	

#Text=Haitis Militärs spielen mit dem Feuer
149-1	64401-64407	Haitis	_	_	
149-2	64408-64416	Militärs	_	_	
149-3	64417-64424	spielen	*->75-1	non-literal-mwe[75]	
149-4	64425-64428	mit	*->75-2	*[75]	
149-5	64429-64432	dem	_	_	
149-6	64433-64438	Feuer	*->75-3	*[75]	

#Text=Zwei Paare spielen mit dem Feuer , wissentlich und voller Lust am Untergang .
151-1	64477-64481	Zwei	_	_	
151-2	64482-64487	Paare	_	_	
151-3	64488-64495	spielen	*->76-1	non-literal-mwe[76]	
151-4	64496-64499	mit	*->76-2	*[76]	
151-5	64500-64503	dem	_	_	
151-6	64504-64509	Feuer	*->76-3	*[76]	
151-7	64510-64511	,	_	_	
151-8	64512-64523	wissentlich	_	_	
151-9	64524-64527	und	_	_	
151-10	64528-64534	voller	_	_	
151-11	64535-64539	Lust	_	_	
151-12	64540-64542	am	_	_	
151-13	64543-64552	Untergang	_	_	
151-14	64553-64554	.	_	_	

#Text=Warum spielt Boris Jelzin mit dem Feuer ?
153-1	65834-65839	Warum	_	_	
153-2	65840-65846	spielt	*->77-1	non-literal-mwe[77]	
153-3	65847-65852	Boris	_	_	
153-4	65853-65859	Jelzin	_	_	
153-5	65860-65863	mit	*->77-2	*[77]	
153-6	65864-65867	dem	_	_	
153-7	65868-65873	Feuer	*->77-3	*[77]	
153-8	65874-65875	?	_	_	

#Text=Moskau spielt nicht mehr nur mit Feuer , atavistische Züge treten hervor .
155-1	67077-67083	Moskau	_	_	
155-2	67084-67090	spielt	*->78-1	non-literal-mwe[78]	
155-3	67091-67096	nicht	_	_	
155-4	67097-67101	mehr	_	_	
155-5	67102-67105	nur	_	_	
155-6	67106-67109	mit	*->78-2	*[78]	
155-7	67110-67115	Feuer	*->78-3	*[78]	
155-8	67116-67117	,	_	_	
155-9	67118-67130	atavistische	_	_	
155-10	67131-67135	Züge	_	_	
155-11	67136-67142	treten	_	_	
155-12	67143-67149	hervor	_	_	
155-13	67150-67151	.	_	_	

#Text=Ein UNO-Mitarbeiter : " Beide Seiten spielen mit dem Feuer .
157-1	68539-68542	Ein	_	_	
157-2	68543-68558	UNO-Mitarbeiter	_	_	
157-3	68559-68560	:	_	_	
157-4	68561-68562	"	_	_	
157-5	68563-68568	Beide	_	_	
157-6	68569-68575	Seiten	_	_	
157-7	68576-68583	spielen	*->79-1	non-literal-mwe[79]	
157-8	68584-68587	mit	*->79-2	*[79]	
157-9	68588-68591	dem	_	_	
157-10	68592-68597	Feuer	*->79-3	*[79]	
157-11	68598-68599	.	_	_	

#Text=Nach den scharfen Maßnahmen , die die palästinensische Autonomiebehörde ergriffen hatte , warf das Büro der Hamas in Amman Arafat vor , er habe " die rote Linie überschritten " und " spiele mit dem Feuer " .
159-1	68928-68932	Nach	_	_	
159-2	68933-68936	den	_	_	
159-3	68937-68945	scharfen	_	_	
159-4	68946-68955	Maßnahmen	_	_	
159-5	68956-68957	,	_	_	
159-6	68958-68961	die	_	_	
159-7	68962-68965	die	_	_	
159-8	68966-68982	palästinensische	_	_	
159-9	68983-68999	Autonomiebehörde	_	_	
159-10	69000-69009	ergriffen	_	_	
159-11	69010-69015	hatte	_	_	
159-12	69016-69017	,	_	_	
159-13	69018-69022	warf	_	_	
159-14	69023-69026	das	_	_	
159-15	69027-69031	Büro	_	_	
159-16	69032-69035	der	_	_	
159-17	69036-69041	Hamas	_	_	
159-18	69042-69044	in	_	_	
159-19	69045-69050	Amman	_	_	
159-20	69051-69057	Arafat	_	_	
159-21	69058-69061	vor	_	_	
159-22	69062-69063	,	_	_	
159-23	69064-69066	er	_	_	
159-24	69067-69071	habe	_	_	
159-25	69072-69073	"	_	_	
159-26	69074-69077	die	_	_	
159-27	69078-69082	rote	*->86-1	non-literal[86]	
159-28	69083-69088	Linie	*->86-2	non-literal[86]	
159-29	69089-69102	überschritten	*->86-3	non-literal[86]	
159-30	69103-69104	"	_	_	
159-31	69105-69108	und	_	_	
159-32	69109-69110	"	_	_	
159-33	69111-69117	spiele	*->80-1	non-literal-mwe[80]	
159-34	69118-69121	mit	*->80-2	*[80]	
159-35	69122-69125	dem	_	_	
159-36	69126-69131	Feuer	*->80-3	*[80]	
159-37	69132-69133	"	_	_	
159-38	69134-69135	.	_	_	

#Text=Andererseits ist die Frauenbewegung vielleicht wirklich so weit gekommen , daß unsereins jetzt nicht nur mit dem Feuer spielen , sondern endlich damit hantieren darf , und zwar mit Grillbesteck und Konsorten .
161-1	69775-69787	Andererseits	_	_	
161-2	69788-69791	ist	_	_	
161-3	69792-69795	die	_	_	
161-4	69796-69810	Frauenbewegung	_	_	
161-5	69811-69821	vielleicht	_	_	
161-6	69822-69830	wirklich	_	_	
161-7	69831-69833	so	_	_	
161-8	69834-69838	weit	_	_	
161-9	69839-69847	gekommen	_	_	
161-10	69848-69849	,	_	_	
161-11	69850-69853	daß	_	_	
161-12	69854-69863	unsereins	_	_	
161-13	69864-69869	jetzt	_	_	
161-14	69870-69875	nicht	_	_	
161-15	69876-69879	nur	_	_	
161-16	69880-69883	mit	*->81-1	non-literal[81]	
161-17	69884-69887	dem	_	_	
161-18	69888-69893	Feuer	*->81-2	*[81]	
161-19	69894-69901	spielen	*->81-3	*[81]	
161-20	69902-69903	,	_	_	
161-21	69904-69911	sondern	_	_	
161-22	69912-69919	endlich	_	_	
161-23	69920-69925	damit	_	_	
161-24	69926-69935	hantieren	_	_	
161-25	69936-69940	darf	_	_	
161-26	69941-69942	,	_	_	
161-27	69943-69946	und	_	_	
161-28	69947-69951	zwar	_	_	
161-29	69952-69955	mit	_	_	
161-30	69956-69968	Grillbesteck	_	_	
161-31	69969-69972	und	_	_	
161-32	69973-69982	Konsorten	_	_	
161-33	69983-69984	.	_	_	

#Text=Um sich persönlich abzusichern , spielte er mit dem Feuer : er soll umfangreiches belastendes Material über die Korruptionsstrukturen in der Militär-Beschaffung zusammengestellt haben , das wollte er Frau Tu mit nach Bremen geben .
163-1	70657-70659	Um	_	_	
163-2	70660-70664	sich	_	_	
163-3	70665-70675	persönlich	_	_	
163-4	70676-70687	abzusichern	_	_	
163-5	70688-70689	,	_	_	
163-6	70690-70697	spielte	*->82-1	non-literal-mwe[82]	
163-7	70698-70700	er	_	_	
163-8	70701-70704	mit	*->82-2	*[82]	
163-9	70705-70708	dem	_	_	
163-10	70709-70714	Feuer	*->82-3	*[82]	
163-11	70715-70716	:	_	_	
163-12	70717-70719	er	_	_	
163-13	70720-70724	soll	_	_	
163-14	70725-70738	umfangreiches	_	_	
163-15	70739-70750	belastendes	_	_	
163-16	70751-70759	Material	_	_	
163-17	70760-70764	über	_	_	
163-18	70765-70768	die	_	_	
163-19	70769-70790	Korruptionsstrukturen	_	_	
163-20	70791-70793	in	_	_	
163-21	70794-70797	der	_	_	
163-22	70798-70817	Militär-Beschaffung	_	_	
163-23	70818-70834	zusammengestellt	_	_	
163-24	70835-70840	haben	_	_	
163-25	70841-70842	,	_	_	
163-26	70843-70846	das	_	_	
163-27	70847-70853	wollte	_	_	
163-28	70854-70856	er	_	_	
163-29	70857-70861	Frau	_	_	
163-30	70862-70864	Tu	_	_	
163-31	70865-70868	mit	_	_	
163-32	70869-70873	nach	_	_	
163-33	70874-70880	Bremen	_	_	
163-34	70881-70886	geben	_	_	
163-35	70887-70888	.	_	_	

#Text=" Wir wußten damals , daß wir mit diesem Film mit dem Feuer spielten " , sagt Krystyna Janda auf der Diskussionsveranstaltung nach der Aufführung , " aber mit so einer harten Zensur hatten wir nicht gerechnet .
165-1	71543-71544	"	_	_	
165-2	71545-71548	Wir	_	_	
165-3	71549-71555	wußten	_	_	
165-4	71556-71562	damals	_	_	
165-5	71563-71564	,	_	_	
165-6	71565-71568	daß	_	_	
165-7	71569-71572	wir	_	_	
165-8	71573-71576	mit	_	_	
165-9	71577-71583	diesem	_	_	
165-10	71584-71588	Film	_	_	
165-11	71589-71592	mit	*->83-1	non-literal-mwe[83]	
165-12	71593-71596	dem	_	_	
165-13	71597-71602	Feuer	*->83-2	*[83]	
165-14	71603-71611	spielten	*->83-3	*[83]	
165-15	71612-71613	"	_	_	
165-16	71614-71615	,	_	_	
165-17	71616-71620	sagt	_	_	
165-18	71621-71629	Krystyna	_	_	
165-19	71630-71635	Janda	_	_	
165-20	71636-71639	auf	_	_	
165-21	71640-71643	der	_	_	
165-22	71644-71668	Diskussionsveranstaltung	_	_	
165-23	71669-71673	nach	_	_	
165-24	71674-71677	der	_	_	
165-25	71678-71688	Aufführung	_	_	
165-26	71689-71690	,	_	_	
165-27	71691-71692	"	_	_	
165-28	71693-71697	aber	_	_	
165-29	71698-71701	mit	_	_	
165-30	71702-71704	so	_	_	
165-31	71705-71710	einer	_	_	
165-32	71711-71717	harten	_	_	
165-33	71718-71724	Zensur	_	_	
165-34	71725-71731	hatten	_	_	
165-35	71732-71735	wir	_	_	
165-36	71736-71741	nicht	_	_	
165-37	71742-71751	gerechnet	_	_	
165-38	71752-71753	.	_	_	

#Text=Selbst Bill Clinton sah man ab und an mit einem prächtigen Großformat zwischen den Lippen - eine Liebhaberei , die er sich öffentlich versagt , seitdem er und die Praktikantin mit dem Feuer spielten .
167-1	72364-72370	Selbst	_	_	
167-2	72371-72375	Bill	_	_	
167-3	72376-72383	Clinton	_	_	
167-4	72384-72387	sah	_	_	
167-5	72388-72391	man	_	_	
167-6	72392-72394	ab	_	_	
167-7	72395-72398	und	_	_	
167-8	72399-72401	an	_	_	
167-9	72402-72405	mit	_	_	
167-10	72406-72411	einem	_	_	
167-11	72412-72422	prächtigen	_	_	
167-12	72423-72433	Großformat	_	_	
167-13	72434-72442	zwischen	_	_	
167-14	72443-72446	den	_	_	
167-15	72447-72453	Lippen	_	_	
167-16	72454-72455	-	_	_	
167-17	72456-72460	eine	_	_	
167-18	72461-72472	Liebhaberei	_	_	
167-19	72473-72474	,	_	_	
167-20	72475-72478	die	_	_	
167-21	72479-72481	er	_	_	
167-22	72482-72486	sich	_	_	
167-23	72487-72497	öffentlich	_	_	
167-24	72498-72505	versagt	_	_	
167-25	72506-72507	,	_	_	
167-26	72508-72515	seitdem	_	_	
167-27	72516-72518	er	_	_	
167-28	72519-72522	und	_	_	
167-29	72523-72526	die	_	_	
167-30	72527-72539	Praktikantin	_	_	
167-31	72540-72543	mit	*->84-1	non-literal-mwe[84]	
167-32	72544-72547	dem	_	_	
167-33	72548-72553	Feuer	*->84-2	*[84]	
167-34	72554-72562	spielten	*->84-3	*[84]	
167-35	72563-72564	.	_	_	

#Text=" Irgend jemand spielt mit dem Feuer .
169-1	73301-73302	"	_	_	
169-2	73303-73309	Irgend	_	_	
169-3	73310-73316	jemand	_	_	
169-4	73317-73323	spielt	*->85-1	non-literal-mwe[85]	
169-5	73324-73327	mit	*->85-2	*[85]	
169-6	73328-73331	dem	_	_	
169-7	73332-73337	Feuer	*->85-3	*[85]	
169-8	73338-73339	.	_	_	

