#Text=Deshalb also ließ ich Emin Beys Mantelärmel nicht mehr los , als wir endlich von Bord gingen .
1-1	0-7	Deshalb	_	_	
1-2	8-12	also	_	_	
1-3	13-17	ließ	_	_	
1-4	18-21	ich	_	_	
1-5	22-26	Emin	_	_	
1-6	27-31	Beys	_	_	
1-7	32-43	Mantelärmel	_	_	
1-8	44-49	nicht	_	_	
1-9	50-54	mehr	_	_	
1-10	55-58	los	_	_	
1-11	59-60	,	_	_	
1-12	61-64	als	_	_	
1-13	65-68	wir	_	_	
1-14	69-76	endlich	_	_	
1-15	77-80	von	*->1-1	literal[1]	
1-16	81-85	Bord	*->1-2	*[1]	
1-17	86-92	gingen	*->1-3	*[1]	
1-18	93-94	.	_	_	

#Text=" Wenn die Kollegen nicht von Bord gegangen wären , hätten die Philippinos in der Messe auf dem Boden schlafen müssen " .
3-1	653-654	"	_	_	
3-2	655-659	Wenn	_	_	
3-3	660-663	die	_	_	
3-4	664-672	Kollegen	_	_	
3-5	673-678	nicht	_	_	
3-6	679-682	von	*->2-1	literal[2]	
3-7	683-687	Bord	*->2-2	*[2]	
3-8	688-696	gegangen	*->2-3	*[2]	
3-9	697-702	wären	_	_	
3-10	703-704	,	_	_	
3-11	705-711	hätten	_	_	
3-12	712-715	die	_	_	
3-13	716-727	Philippinos	_	_	
3-14	728-730	in	_	_	
3-15	731-734	der	_	_	
3-16	735-740	Messe	_	_	
3-17	741-744	auf	_	_	
3-18	745-748	dem	_	_	
3-19	749-754	Boden	_	_	
3-20	755-763	schlafen	_	_	
3-21	764-770	müssen	_	_	
3-22	771-772	"	_	_	
3-23	773-774	.	_	_	

#Text=Dietze konnte noch keine Auskunft darüber geben , ob alle verpackten Giftfässer auf einmal umgepackt werden sollen oder an diesem Montag der erste Sammelcontainer von Bord gehen wird .
5-1	1799-1805	Dietze	_	_	
5-2	1806-1812	konnte	_	_	
5-3	1813-1817	noch	_	_	
5-4	1818-1823	keine	_	_	
5-5	1824-1832	Auskunft	_	_	
5-6	1833-1840	darüber	_	_	
5-7	1841-1846	geben	_	_	
5-8	1847-1848	,	_	_	
5-9	1849-1851	ob	_	_	
5-10	1852-1856	alle	_	_	
5-11	1857-1867	verpackten	_	_	
5-12	1868-1878	Giftfässer	_	_	
5-13	1879-1882	auf	_	_	
5-14	1883-1889	einmal	_	_	
5-15	1890-1899	umgepackt	_	_	
5-16	1900-1906	werden	_	_	
5-17	1907-1913	sollen	_	_	
5-18	1914-1918	oder	_	_	
5-19	1919-1921	an	_	_	
5-20	1922-1928	diesem	_	_	
5-21	1929-1935	Montag	_	_	
5-22	1936-1939	der	_	_	
5-23	1940-1945	erste	_	_	
5-24	1946-1961	Sammelcontainer	_	_	
5-25	1962-1965	von	*->3-1	literal[3]	
5-26	1966-1970	Bord	*->3-2	*[3]	
5-27	1971-1976	gehen	*->3-3	*[3]	
5-28	1977-1981	wird	_	_	
5-29	1982-1983	.	_	_	

#Text=Berlin ( taz ) - Um 12 Uhr 16 war es soweit : Der Lotse mit Lenins Kompaß ging von Bord .
7-1	2515-2521	Berlin	_	_	
7-2	2522-2523	(	_	_	
7-3	2524-2527	taz	_	_	
7-4	2528-2529	)	_	_	
7-5	2530-2531	-	_	_	
7-6	2532-2534	Um	_	_	
7-7	2535-2537	12	_	_	
7-8	2538-2541	Uhr	_	_	
7-9	2542-2544	16	_	_	
7-10	2545-2548	war	_	_	
7-11	2549-2551	es	_	_	
7-12	2552-2558	soweit	_	_	
7-13	2559-2560	:	_	_	
7-14	2561-2564	Der	_	_	
7-15	2565-2570	Lotse	_	_	
7-16	2571-2574	mit	_	_	
7-17	2575-2581	Lenins	_	_	
7-18	2582-2588	Kompaß	_	_	
7-19	2589-2593	ging	*->4-1	non-literal-mwe[4]	
7-20	2594-2597	von	*->4-2	*[4]	
7-21	2598-2602	Bord	*->4-3	*[4]	
7-22	2603-2604	.	_	_	

#Text=Als das Schiff Tahiti verließ , sah die Besatzung ganz anders aus als vorher : 14 Mann waren von Bord gegangen .
9-1	3354-3357	Als	_	_	
9-2	3358-3361	das	_	_	
9-3	3362-3368	Schiff	_	_	
9-4	3369-3375	Tahiti	_	_	
9-5	3376-3383	verließ	_	_	
9-6	3384-3385	,	_	_	
9-7	3386-3389	sah	_	_	
9-8	3390-3393	die	_	_	
9-9	3394-3403	Besatzung	_	_	
9-10	3404-3408	ganz	_	_	
9-11	3409-3415	anders	_	_	
9-12	3416-3419	aus	_	_	
9-13	3420-3423	als	_	_	
9-14	3424-3430	vorher	_	_	
9-15	3431-3432	:	_	_	
9-16	3433-3435	14	_	_	
9-17	3436-3440	Mann	_	_	
9-18	3441-3446	waren	_	_	
9-19	3447-3450	von	*->5-1	literal[5]	
9-20	3451-3455	Bord	*->5-2	*[5]	
9-21	3456-3464	gegangen	*->5-3	*[5]	
9-22	3465-3466	.	_	_	

#Text=Die Stauer gehen dann eben einfach von Bord , mögen der Boß und der Kapitän sich noch so die Haare raufen .
11-1	4355-4358	Die	_	_	
11-2	4359-4365	Stauer	_	_	
11-3	4366-4371	gehen	*->6-1	literal[6]	
11-4	4372-4376	dann	_	_	
11-5	4377-4381	eben	_	_	
11-6	4382-4389	einfach	_	_	
11-7	4390-4393	von	*->6-2	*[6]	
11-8	4394-4398	Bord	*->6-3	*[6]	
11-9	4399-4400	,	_	_	
11-10	4401-4406	mögen	_	_	
11-11	4407-4410	der	_	_	
11-12	4411-4414	Boß	_	_	
11-13	4415-4418	und	_	_	
11-14	4419-4422	der	_	_	
11-15	4423-4430	Kapitän	_	_	
11-16	4431-4435	sich	_	_	
11-17	4436-4440	noch	_	_	
11-18	4441-4443	so	_	_	
11-19	4444-4447	die	_	_	
11-20	4448-4453	Haare	_	_	
11-21	4454-4460	raufen	_	_	
11-22	4461-4462	.	_	_	

#Text=Ich denke , anstatt ganz herumzufahren , werde ich in Portsmouth von Bord gehen .
13-1	4987-4990	Ich	_	_	
13-2	4991-4996	denke	_	_	
13-3	4997-4998	,	_	_	
13-4	4999-5006	anstatt	_	_	
13-5	5007-5011	ganz	_	_	
13-6	5012-5025	herumzufahren	_	_	
13-7	5026-5027	,	_	_	
13-8	5028-5033	werde	_	_	
13-9	5034-5037	ich	_	_	
13-10	5038-5040	in	_	_	
13-11	5041-5051	Portsmouth	_	_	
13-12	5052-5055	von	*->7-1	literal[7]	
13-13	5056-5060	Bord	*->7-2	*[7]	
13-14	5061-5066	gehen	*->7-3	*[7]	
13-15	5067-5068	.	_	_	

#Text=Einer unserer Zwischendeckpassagiere ist mit dem Lotsenboot von Bord gegangen .
15-1	5474-5479	Einer	_	_	
15-2	5480-5487	unserer	_	_	
15-3	5488-5510	Zwischendeckpassagiere	_	_	
15-4	5511-5514	ist	_	_	
15-5	5515-5518	mit	_	_	
15-6	5519-5522	dem	_	_	
15-7	5523-5533	Lotsenboot	_	_	
15-8	5534-5537	von	*->8-1	literal[8]	
15-9	5538-5542	Bord	*->8-2	*[8]	
15-10	5543-5551	gegangen	*->8-3	*[8]	
15-11	5552-5553	.	_	_	

#Text=Wer in der Akadamie von Bord geht , durfte ein Konzept sehen , das mit wenigen Zeichnungen und ohne erklärenden Text auskommt und eine Methode der Präsentation vorgibt , die für die 1993 stattfindende Retrospektive zum 100 .
17-1	5839-5842	Wer	_	_	
17-2	5843-5845	in	_	_	
17-3	5846-5849	der	_	_	
17-4	5850-5858	Akadamie	_	_	
17-5	5859-5862	von	*->9-1	non-literal-mwe[9]	
17-6	5863-5867	Bord	*->9-2	*[9]	
17-7	5868-5872	geht	*->9-3	*[9]	
17-8	5873-5874	,	_	_	
17-9	5875-5881	durfte	_	_	
17-10	5882-5885	ein	_	_	
17-11	5886-5893	Konzept	_	_	
17-12	5894-5899	sehen	_	_	
17-13	5900-5901	,	_	_	
17-14	5902-5905	das	_	_	
17-15	5906-5909	mit	_	_	
17-16	5910-5917	wenigen	_	_	
17-17	5918-5929	Zeichnungen	_	_	
17-18	5930-5933	und	_	_	
17-19	5934-5938	ohne	_	_	
17-20	5939-5950	erklärenden	_	_	
17-21	5951-5955	Text	_	_	
17-22	5956-5964	auskommt	_	_	
17-23	5965-5968	und	_	_	
17-24	5969-5973	eine	_	_	
17-25	5974-5981	Methode	_	_	
17-26	5982-5985	der	_	_	
17-27	5986-5998	Präsentation	_	_	
17-28	5999-6006	vorgibt	_	_	
17-29	6007-6008	,	_	_	
17-30	6009-6012	die	_	_	
17-31	6013-6016	für	_	_	
17-32	6017-6020	die	_	_	
17-33	6021-6025	1993	_	_	
17-34	6026-6039	stattfindende	_	_	
17-35	6040-6053	Retrospektive	_	_	
17-36	6054-6057	zum	_	_	
17-37	6058-6061	100	_	_	
17-38	6062-6063	.	_	_	

#Text=Aufsichtsratsvorsitzender Bernhard Servatius lobte den " von Bord gehenden Lotsen " für seinen " Widerstand gegen die Auswüchse des Zeitgeistes nach 1968 " .
19-1	7098-7123	Aufsichtsratsvorsitzender	_	_	
19-2	7124-7132	Bernhard	_	_	
19-3	7133-7142	Servatius	_	_	
19-4	7143-7148	lobte	_	_	
19-5	7149-7152	den	_	_	
19-6	7153-7154	"	_	_	
19-7	7155-7158	von	*->10-1	non-literal-mwe[10]	
19-8	7159-7163	Bord	*->10-2	*[10]	
19-9	7164-7172	gehenden	_	_	
19-10	7173-7179	Lotsen	_	_	
19-11	7180-7181	"	_	_	
19-12	7182-7185	für	_	_	
19-13	7186-7192	seinen	_	_	
19-14	7193-7194	"	_	_	
19-15	7195-7205	Widerstand	_	_	
19-16	7206-7211	gegen	*->10-3	*[10]	
19-17	7212-7215	die	_	_	
19-18	7216-7225	Auswüchse	_	_	
19-19	7226-7229	des	_	_	
19-20	7230-7241	Zeitgeistes	_	_	
19-21	7242-7246	nach	_	_	
19-22	7247-7251	1968	_	_	
19-23	7252-7253	"	_	_	
19-24	7254-7255	.	_	_	

#Text=Über 500 Kilo Kokain , versteckt in Fässern mit Ochsengalle , waren nämlich bereits in Hamburg von Bord des peruanischen Schiffes gegangen .
21-1	7966-7970	Über	_	_	
21-2	7971-7974	500	_	_	
21-3	7975-7979	Kilo	_	_	
21-4	7980-7986	Kokain	_	_	
21-5	7987-7988	,	_	_	
21-6	7989-7998	versteckt	_	_	
21-7	7999-8001	in	_	_	
21-8	8002-8009	Fässern	_	_	
21-9	8010-8013	mit	_	_	
21-10	8014-8025	Ochsengalle	_	_	
21-11	8026-8027	,	_	_	
21-12	8028-8033	waren	_	_	
21-13	8034-8041	nämlich	_	_	
21-14	8042-8049	bereits	_	_	
21-15	8050-8052	in	_	_	
21-16	8053-8060	Hamburg	_	_	
21-17	8061-8064	von	*->11-1	literal[11]	
21-18	8065-8069	Bord	*->11-2	*[11]	
21-19	8070-8073	des	_	_	
21-20	8074-8086	peruanischen	_	_	
21-21	8087-8095	Schiffes	_	_	
21-22	8096-8104	gegangen	*->11-3	*[11]	
21-23	8105-8106	.	_	_	

#Text=Port-au-Prince ( ap / wps / taz ) - Der 9jährige Lumane Noel war der erste , der im Hafen von Port-au- Prince von Bord des US-Coast-Guard-Schiffes ging und schweigend an dem Schild " Welcome to Haiti " vorbeischlich .
23-1	8574-8588	Port-au-Prince	_	_	
23-2	8589-8590	(	_	_	
23-3	8591-8593	ap	_	_	
23-4	8594-8595	/	_	_	
23-5	8596-8599	wps	_	_	
23-6	8600-8601	/	_	_	
23-7	8602-8605	taz	_	_	
23-8	8606-8607	)	_	_	
23-9	8608-8609	-	_	_	
23-10	8610-8613	Der	_	_	
23-11	8614-8622	9jährige	_	_	
23-12	8623-8629	Lumane	_	_	
23-13	8630-8634	Noel	_	_	
23-14	8635-8638	war	_	_	
23-15	8639-8642	der	_	_	
23-16	8643-8648	erste	_	_	
23-17	8649-8650	,	_	_	
23-18	8651-8654	der	_	_	
23-19	8655-8657	im	_	_	
23-20	8658-8663	Hafen	_	_	
23-21	8664-8667	von	_	_	
23-22	8668-8676	Port-au-	_	_	
23-23	8677-8683	Prince	_	_	
23-24	8684-8687	von	*->12-1	literal[12]	
23-25	8688-8692	Bord	*->12-2	*[12]	
23-26	8693-8696	des	_	_	
23-27	8697-8720	US-Coast-Guard-Schiffes	_	_	
23-28	8721-8725	ging	*->12-3	*[12]	
23-29	8726-8729	und	_	_	
23-30	8730-8740	schweigend	_	_	
23-31	8741-8743	an	_	_	
23-32	8744-8747	dem	_	_	
23-33	8748-8754	Schild	_	_	
23-34	8755-8756	"	_	_	
23-35	8757-8764	Welcome	_	_	
23-36	8765-8767	to	_	_	
23-37	8768-8773	Haiti	_	_	
23-38	8774-8775	"	_	_	
23-39	8776-8789	vorbeischlich	_	_	
23-40	8790-8791	.	_	_	

#Text=Im Verlag der Ostberliner Wochenpost ist einer der beiden Eigentümer kürzlich unerwartet von Bord gegangen .
25-1	9986-9988	Im	_	_	
25-2	9989-9995	Verlag	_	_	
25-3	9996-9999	der	_	_	
25-4	10000-10011	Ostberliner	_	_	
25-5	10012-10022	Wochenpost	_	_	
25-6	10023-10026	ist	_	_	
25-7	10027-10032	einer	_	_	
25-8	10033-10036	der	_	_	
25-9	10037-10043	beiden	_	_	
25-10	10044-10054	Eigentümer	_	_	
25-11	10055-10063	kürzlich	_	_	
25-12	10064-10074	unerwartet	_	_	
25-13	10075-10078	von	*->13-1	non-literal-mwe[13]	
25-14	10079-10083	Bord	*->13-2	*[13]	
25-15	10084-10092	gegangen	*->13-3	*[13]	
25-16	10093-10094	.	_	_	

#Text=Auch wer den Wunsch habe , früher von Bord zu gehen , der könne das jederzeit tun : " Wir sind da sehr operativ und können schnell handeln .
27-1	11500-11504	Auch	_	_	
27-2	11505-11508	wer	_	_	
27-3	11509-11512	den	_	_	
27-4	11513-11519	Wunsch	_	_	
27-5	11520-11524	habe	_	_	
27-6	11525-11526	,	_	_	
27-7	11527-11533	früher	_	_	
27-8	11534-11537	von	*->14-1	literal[14]	
27-9	11538-11542	Bord	*->14-2	*[14]	
27-10	11543-11545	zu	_	_	
27-11	11546-11551	gehen	*->14-3	*[14]	
27-12	11552-11553	,	_	_	
27-13	11554-11557	der	_	_	
27-14	11558-11563	könne	_	_	
27-15	11564-11567	das	_	_	
27-16	11568-11577	jederzeit	_	_	
27-17	11578-11581	tun	_	_	
27-18	11582-11583	:	_	_	
27-19	11584-11585	"	_	_	
27-20	11586-11589	Wir	_	_	
27-21	11590-11594	sind	_	_	
27-22	11595-11597	da	_	_	
27-23	11598-11602	sehr	_	_	
27-24	11603-11611	operativ	_	_	
27-25	11612-11615	und	_	_	
27-26	11616-11622	können	_	_	
27-27	11623-11630	schnell	_	_	
27-28	11631-11638	handeln	_	_	
27-29	11639-11640	.	_	_	

#Text=Vor allem diese : Bismarck , den letzten großen und schillernden wie relativ unbelasteten großen Helden der deutschen Geschichte vor ihren großen Katastrophen , als Big Otto und damit als jene Integrationsfigur aller Deutschen zu inaugurieren , die Kohl nicht vorstellen kann , ist ein historischer Anschluß an eine Person und an ein Deutschland , dessen Geschichte hätte gutgehen können , wäre der Lotse nicht von Bord des Staatsschiffes gegangen .
29-1	12624-12627	Vor	_	_	
29-2	12628-12633	allem	_	_	
29-3	12634-12639	diese	_	_	
29-4	12640-12641	:	_	_	
29-5	12642-12650	Bismarck	_	_	
29-6	12651-12652	,	_	_	
29-7	12653-12656	den	_	_	
29-8	12657-12664	letzten	_	_	
29-9	12665-12671	großen	_	_	
29-10	12672-12675	und	_	_	
29-11	12676-12688	schillernden	_	_	
29-12	12689-12692	wie	_	_	
29-13	12693-12700	relativ	_	_	
29-14	12701-12713	unbelasteten	_	_	
29-15	12714-12720	großen	_	_	
29-16	12721-12727	Helden	_	_	
29-17	12728-12731	der	_	_	
29-18	12732-12741	deutschen	_	_	
29-19	12742-12752	Geschichte	_	_	
29-20	12753-12756	vor	_	_	
29-21	12757-12762	ihren	_	_	
29-22	12763-12769	großen	_	_	
29-23	12770-12782	Katastrophen	_	_	
29-24	12783-12784	,	_	_	
29-25	12785-12788	als	_	_	
29-26	12789-12792	Big	_	_	
29-27	12793-12797	Otto	_	_	
29-28	12798-12801	und	_	_	
29-29	12802-12807	damit	_	_	
29-30	12808-12811	als	_	_	
29-31	12812-12816	jene	_	_	
29-32	12817-12834	Integrationsfigur	_	_	
29-33	12835-12840	aller	_	_	
29-34	12841-12850	Deutschen	_	_	
29-35	12851-12853	zu	_	_	
29-36	12854-12866	inaugurieren	_	_	
29-37	12867-12868	,	_	_	
29-38	12869-12872	die	_	_	
29-39	12873-12877	Kohl	_	_	
29-40	12878-12883	nicht	_	_	
29-41	12884-12894	vorstellen	_	_	
29-42	12895-12899	kann	_	_	
29-43	12900-12901	,	_	_	
29-44	12902-12905	ist	_	_	
29-45	12906-12909	ein	_	_	
29-46	12910-12922	historischer	_	_	
29-47	12923-12931	Anschluß	_	_	
29-48	12932-12934	an	_	_	
29-49	12935-12939	eine	_	_	
29-50	12940-12946	Person	_	_	
29-51	12947-12950	und	_	_	
29-52	12951-12953	an	_	_	
29-53	12954-12957	ein	_	_	
29-54	12958-12969	Deutschland	_	_	
29-55	12970-12971	,	_	_	
29-56	12972-12978	dessen	_	_	
29-57	12979-12989	Geschichte	_	_	
29-58	12990-12995	hätte	_	_	
29-59	12996-13004	gutgehen	_	_	
29-60	13005-13011	können	_	_	
29-61	13012-13013	,	_	_	
29-62	13014-13018	wäre	_	_	
29-63	13019-13022	der	_	_	
29-64	13023-13028	Lotse	_	_	
29-65	13029-13034	nicht	_	_	
29-66	13035-13038	von	*->15-1	non-literal-mwe[15]	
29-67	13039-13043	Bord	*->15-2	*[15]	
29-68	13044-13047	des	_	_	
29-69	13048-13062	Staatsschiffes	_	_	
29-70	13063-13071	gegangen	*->15-3	*[15]	
29-71	13072-13073	.	_	_	

#Text=Die Rebhuhnbefreier blieben trotz der Kontrolle aller von Bord gehenden Personen unerkannt .
31-1	13819-13822	Die	_	_	
31-2	13823-13838	Rebhuhnbefreier	_	_	
31-3	13839-13846	blieben	_	_	
31-4	13847-13852	trotz	_	_	
31-5	13853-13856	der	_	_	
31-6	13857-13866	Kontrolle	_	_	
31-7	13867-13872	aller	_	_	
31-8	13873-13876	von	*->16-1	literal[16]	
31-9	13877-13881	Bord	*->16-2	*[16]	
31-10	13882-13890	gehenden	*->16-3	*[16]	
31-11	13891-13899	Personen	_	_	
31-12	13900-13909	unerkannt	_	_	
31-13	13910-13911	.	_	_	

#Text=Berlin ( taz ) - Das Greenpeace-Schiff " Rainbow Warrior " kreuzt im südlichen Pazifik : Taucher gehen immer wieder von Bord , hängen hölzerne Symbole für das Überleben der Meerestiere in die Treibnetze der japanischen und taiwanischen Fischfangflotte , versuchen seit zwei Wochen die Fischer zu stören .
33-1	14411-14417	Berlin	_	_	
33-2	14418-14419	(	_	_	
33-3	14420-14423	taz	_	_	
33-4	14424-14425	)	_	_	
33-5	14426-14427	-	_	_	
33-6	14428-14431	Das	_	_	
33-7	14432-14449	Greenpeace-Schiff	_	_	
33-8	14450-14451	"	_	_	
33-9	14452-14459	Rainbow	_	_	
33-10	14460-14467	Warrior	_	_	
33-11	14468-14469	"	_	_	
33-12	14470-14476	kreuzt	_	_	
33-13	14477-14479	im	_	_	
33-14	14480-14489	südlichen	_	_	
33-15	14490-14497	Pazifik	_	_	
33-16	14498-14499	:	_	_	
33-17	14500-14507	Taucher	_	_	
33-18	14508-14513	gehen	*->17-1	literal[17]	
33-19	14514-14519	immer	_	_	
33-20	14520-14526	wieder	_	_	
33-21	14527-14530	von	*->17-2	*[17]	
33-22	14531-14535	Bord	*->17-3	*[17]	
33-23	14536-14537	,	_	_	
33-24	14538-14544	hängen	_	_	
33-25	14545-14553	hölzerne	_	_	
33-26	14554-14561	Symbole	_	_	
33-27	14562-14565	für	_	_	
33-28	14566-14569	das	_	_	
33-29	14570-14579	Überleben	_	_	
33-30	14580-14583	der	_	_	
33-31	14584-14595	Meerestiere	_	_	
33-32	14596-14598	in	_	_	
33-33	14599-14602	die	_	_	
33-34	14603-14613	Treibnetze	_	_	
33-35	14614-14617	der	_	_	
33-36	14618-14629	japanischen	_	_	
33-37	14630-14633	und	_	_	
33-38	14634-14646	taiwanischen	_	_	
33-39	14647-14662	Fischfangflotte	_	_	
33-40	14663-14664	,	_	_	
33-41	14665-14674	versuchen	_	_	
33-42	14675-14679	seit	_	_	
33-43	14680-14684	zwei	_	_	
33-44	14685-14691	Wochen	_	_	
33-45	14692-14695	die	_	_	
33-46	14696-14703	Fischer	_	_	
33-47	14704-14706	zu	_	_	
33-48	14707-14713	stören	_	_	
33-49	14714-14715	.	_	_	

#Text=Die Mehrheitsverhältnisse sind nahezu ausgeglichen , und die Ränder haben sich abgeschlagen ; Schily ist ebenso von Bord gegangen wie die radikale Linke .
35-1	15159-15162	Die	_	_	
35-2	15163-15184	Mehrheitsverhältnisse	_	_	
35-3	15185-15189	sind	_	_	
35-4	15190-15196	nahezu	_	_	
35-5	15197-15209	ausgeglichen	_	_	
35-6	15210-15211	,	_	_	
35-7	15212-15215	und	_	_	
35-8	15216-15219	die	_	_	
35-9	15220-15226	Ränder	_	_	
35-10	15227-15232	haben	_	_	
35-11	15233-15237	sich	_	_	
35-12	15238-15250	abgeschlagen	_	_	
35-13	15251-15252	;	_	_	
35-14	15253-15259	Schily	_	_	
35-15	15260-15263	ist	_	_	
35-16	15264-15270	ebenso	_	_	
35-17	15271-15274	von	*->18-1	non-literal-mwe[18]	
35-18	15275-15279	Bord	*->18-2	*[18]	
35-19	15280-15288	gegangen	*->18-3	*[18]	
35-20	15289-15292	wie	_	_	
35-21	15293-15296	die	_	_	
35-22	15297-15305	radikale	_	_	
35-23	15306-15311	Linke	_	_	
35-24	15312-15313	.	_	_	

#Text=Darin hatten sich die Seeleute verpflichten müssen , bis zu einem halben Jahr nicht von Bord zu gehen , nur die auf dem Schiff gereichte Nahrung zu sich zu nehmen und sich jeder gewerkschaftlichen Tätigkeit zu enthalten .
37-1	16323-16328	Darin	_	_	
37-2	16329-16335	hatten	_	_	
37-3	16336-16340	sich	_	_	
37-4	16341-16344	die	_	_	
37-5	16345-16353	Seeleute	_	_	
37-6	16354-16366	verpflichten	_	_	
37-7	16367-16373	müssen	_	_	
37-8	16374-16375	,	_	_	
37-9	16376-16379	bis	_	_	
37-10	16380-16382	zu	_	_	
37-11	16383-16388	einem	_	_	
37-12	16389-16395	halben	_	_	
37-13	16396-16400	Jahr	_	_	
37-14	16401-16406	nicht	_	_	
37-15	16407-16410	von	*->19-1	literal[19]	
37-16	16411-16415	Bord	*->19-2	*[19]	
37-17	16416-16418	zu	_	_	
37-18	16419-16424	gehen	*->19-3	*[19]	
37-19	16425-16426	,	_	_	
37-20	16427-16430	nur	_	_	
37-21	16431-16434	die	_	_	
37-22	16435-16438	auf	_	_	
37-23	16439-16442	dem	_	_	
37-24	16443-16449	Schiff	_	_	
37-25	16450-16459	gereichte	_	_	
37-26	16460-16467	Nahrung	_	_	
37-27	16468-16470	zu	_	_	
37-28	16471-16475	sich	_	_	
37-29	16476-16478	zu	_	_	
37-30	16479-16485	nehmen	_	_	
37-31	16486-16489	und	_	_	
37-32	16490-16494	sich	_	_	
37-33	16495-16500	jeder	_	_	
37-34	16501-16519	gewerkschaftlichen	_	_	
37-35	16520-16529	Tätigkeit	_	_	
37-36	16530-16532	zu	_	_	
37-37	16533-16542	enthalten	_	_	
37-38	16543-16544	.	_	_	

#Text=Der Prozeß gegen den Kolumbianer , der lediglich von einem Peruaner beschuldigt wird , Hintermann des Schmuggels von drei Kilo Kokain zu sein , mit denen der Peruaner im September im Bremer Freihafen erwischt worden war , geriet Ende Oktober ins Schlingern , als bekannt wurde , daß die drei Kilo nur Teil einer Sendung von insgesamt 350 Kilo Kokain waren , die bereits in Hamburg von Bord des Schiffes " Unisierra " gingen .
39-1	17029-17032	Der	_	_	
39-2	17033-17039	Prozeß	_	_	
39-3	17040-17045	gegen	_	_	
39-4	17046-17049	den	_	_	
39-5	17050-17061	Kolumbianer	_	_	
39-6	17062-17063	,	_	_	
39-7	17064-17067	der	_	_	
39-8	17068-17077	lediglich	_	_	
39-9	17078-17081	von	_	_	
39-10	17082-17087	einem	_	_	
39-11	17088-17096	Peruaner	_	_	
39-12	17097-17108	beschuldigt	_	_	
39-13	17109-17113	wird	_	_	
39-14	17114-17115	,	_	_	
39-15	17116-17126	Hintermann	_	_	
39-16	17127-17130	des	_	_	
39-17	17131-17141	Schmuggels	_	_	
39-18	17142-17145	von	_	_	
39-19	17146-17150	drei	_	_	
39-20	17151-17155	Kilo	_	_	
39-21	17156-17162	Kokain	_	_	
39-22	17163-17165	zu	_	_	
39-23	17166-17170	sein	_	_	
39-24	17171-17172	,	_	_	
39-25	17173-17176	mit	_	_	
39-26	17177-17182	denen	_	_	
39-27	17183-17186	der	_	_	
39-28	17187-17195	Peruaner	_	_	
39-29	17196-17198	im	_	_	
39-30	17199-17208	September	_	_	
39-31	17209-17211	im	_	_	
39-32	17212-17218	Bremer	_	_	
39-33	17219-17228	Freihafen	_	_	
39-34	17229-17237	erwischt	_	_	
39-35	17238-17244	worden	_	_	
39-36	17245-17248	war	_	_	
39-37	17249-17250	,	_	_	
39-38	17251-17257	geriet	_	_	
39-39	17258-17262	Ende	_	_	
39-40	17263-17270	Oktober	_	_	
39-41	17271-17274	ins	_	_	
39-42	17275-17285	Schlingern	_	_	
39-43	17286-17287	,	_	_	
39-44	17288-17291	als	_	_	
39-45	17292-17299	bekannt	_	_	
39-46	17300-17305	wurde	_	_	
39-47	17306-17307	,	_	_	
39-48	17308-17311	daß	_	_	
39-49	17312-17315	die	_	_	
39-50	17316-17320	drei	_	_	
39-51	17321-17325	Kilo	_	_	
39-52	17326-17329	nur	_	_	
39-53	17330-17334	Teil	_	_	
39-54	17335-17340	einer	_	_	
39-55	17341-17348	Sendung	_	_	
39-56	17349-17352	von	_	_	
39-57	17353-17362	insgesamt	_	_	
39-58	17363-17366	350	_	_	
39-59	17367-17371	Kilo	_	_	
39-60	17372-17378	Kokain	_	_	
39-61	17379-17384	waren	_	_	
39-62	17385-17386	,	_	_	
39-63	17387-17390	die	_	_	
39-64	17391-17398	bereits	_	_	
39-65	17399-17401	in	_	_	
39-66	17402-17409	Hamburg	_	_	
39-67	17410-17413	von	*->20-1	literal[20]	
39-68	17414-17418	Bord	*->20-2	*[20]	
39-69	17419-17422	des	_	_	
39-70	17423-17431	Schiffes	_	_	
39-71	17432-17433	"	_	_	
39-72	17434-17443	Unisierra	_	_	
39-73	17444-17445	"	_	_	
39-74	17446-17452	gingen	*->20-3	*[20]	
39-75	17453-17454	.	_	_	

#Text=Was will Gaft eigentlich selbst machen , als letzter der Rigaer Juden von Bord gehen ?
41-1	18101-18104	Was	_	_	
41-2	18105-18109	will	_	_	
41-3	18110-18114	Gaft	_	_	
41-4	18115-18125	eigentlich	_	_	
41-5	18126-18132	selbst	_	_	
41-6	18133-18139	machen	_	_	
41-7	18140-18141	,	_	_	
41-8	18142-18145	als	_	_	
41-9	18146-18153	letzter	_	_	
41-10	18154-18157	der	_	_	
41-11	18158-18164	Rigaer	_	_	
41-12	18165-18170	Juden	_	_	
41-13	18171-18174	von	*->21-1	non-literal-mwe[21]	
41-14	18175-18179	Bord	*->21-2	*[21]	
41-15	18180-18185	gehen	*->21-3	*[21]	
41-16	18186-18187	?	_	_	

#Text=Sinnierend sitzt er vor der Bücherwand , und Claus Jacobi , ' Welt ` - Mann vom Konzernflaggschiff , gibt noch einmal die schönsten Erkenntnisse seines von Bord gegangenen Lotsen zum besten : " Fragt , was dem Leser wohltut , was er braucht , um seinen Alltag zu verstehen und zu ertragen .
43-1	18803-18813	Sinnierend	_	_	
43-2	18814-18819	sitzt	_	_	
43-3	18820-18822	er	_	_	
43-4	18823-18826	vor	_	_	
43-5	18827-18830	der	_	_	
43-6	18831-18841	Bücherwand	_	_	
43-7	18842-18843	,	_	_	
43-8	18844-18847	und	_	_	
43-9	18848-18853	Claus	_	_	
43-10	18854-18860	Jacobi	_	_	
43-11	18861-18862	,	_	_	
43-12	18863-18864	'	_	_	
43-13	18865-18869	Welt	_	_	
43-14	18870-18871	`	_	_	
43-15	18872-18873	-	_	_	
43-16	18874-18878	Mann	_	_	
43-17	18879-18882	vom	_	_	
43-18	18883-18901	Konzernflaggschiff	_	_	
43-19	18902-18903	,	_	_	
43-20	18904-18908	gibt	_	_	
43-21	18909-18913	noch	_	_	
43-22	18914-18920	einmal	_	_	
43-23	18921-18924	die	_	_	
43-24	18925-18934	schönsten	_	_	
43-25	18935-18947	Erkenntnisse	_	_	
43-26	18948-18954	seines	_	_	
43-27	18955-18958	von	*->22-1	non-literal-mwe[22]	
43-28	18959-18963	Bord	*->22-2	*[22]	
43-29	18964-18974	gegangenen	_	_	
43-30	18975-18981	Lotsen	_	_	
43-31	18982-18985	zum	_	_	
43-32	18986-18992	besten	_	_	
43-33	18993-18994	:	_	_	
43-34	18995-18996	"	_	_	
43-35	18997-19002	Fragt	_	_	
43-36	19003-19004	,	_	_	
43-37	19005-19008	was	_	_	
43-38	19009-19012	dem	_	_	
43-39	19013-19018	Leser	_	_	
43-40	19019-19026	wohltut	_	_	
43-41	19027-19028	,	_	_	
43-42	19029-19032	was	_	_	
43-43	19033-19035	er	_	_	
43-44	19036-19043	braucht	_	_	
43-45	19044-19045	,	_	_	
43-46	19046-19048	um	_	_	
43-47	19049-19055	seinen	_	_	
43-48	19056-19062	Alltag	_	_	
43-49	19063-19065	zu	_	_	
43-50	19066-19075	verstehen	*->22-3	*[22]	
43-51	19076-19079	und	_	_	
43-52	19080-19082	zu	_	_	
43-53	19083-19091	ertragen	_	_	
43-54	19092-19093	.	_	_	

#Text=Die Seeleute gehen nicht mehr von Bord , denn die Anlegezeiten sind zu kurz und die Immigrationsbestimmungen zu rigide ; die Menschen im Hafen sind selbst containerisiert , im Schiff , in der Kran- Kabine , hinter dem Steuer des Lastwagens .
45-1	19869-19872	Die	_	_	
45-2	19873-19881	Seeleute	_	_	
45-3	19882-19887	gehen	*->23-1	literal[23]	
45-4	19888-19893	nicht	_	_	
45-5	19894-19898	mehr	_	_	
45-6	19899-19902	von	*->23-2	*[23]	
45-7	19903-19907	Bord	*->23-3	*[23]	
45-8	19908-19909	,	_	_	
45-9	19910-19914	denn	_	_	
45-10	19915-19918	die	_	_	
45-11	19919-19931	Anlegezeiten	_	_	
45-12	19932-19936	sind	_	_	
45-13	19937-19939	zu	_	_	
45-14	19940-19944	kurz	_	_	
45-15	19945-19948	und	_	_	
45-16	19949-19952	die	_	_	
45-17	19953-19977	Immigrationsbestimmungen	_	_	
45-18	19978-19980	zu	_	_	
45-19	19981-19987	rigide	_	_	
45-20	19988-19989	;	_	_	
45-21	19990-19993	die	_	_	
45-22	19994-20002	Menschen	_	_	
45-23	20003-20005	im	_	_	
45-24	20006-20011	Hafen	_	_	
45-25	20012-20016	sind	_	_	
45-26	20017-20023	selbst	_	_	
45-27	20024-20039	containerisiert	_	_	
45-28	20040-20041	,	_	_	
45-29	20042-20044	im	_	_	
45-30	20045-20051	Schiff	_	_	
45-31	20052-20053	,	_	_	
45-32	20054-20056	in	_	_	
45-33	20057-20060	der	_	_	
45-34	20061-20066	Kran-	_	_	
45-35	20067-20073	Kabine	_	_	
45-36	20074-20075	,	_	_	
45-37	20076-20082	hinter	_	_	
45-38	20083-20086	dem	_	_	
45-39	20087-20093	Steuer	_	_	
45-40	20094-20097	des	_	_	
45-41	20098-20108	Lastwagens	_	_	
45-42	20109-20110	.	_	_	

#Text=Wenn , sagen wir mal Peter Stein von Bord geht , dann heult ganz Berlin .
47-1	20568-20572	Wenn	_	_	
47-2	20573-20574	,	_	_	
47-3	20575-20580	sagen	_	_	
47-4	20581-20584	wir	_	_	
47-5	20585-20588	mal	_	_	
47-6	20589-20594	Peter	_	_	
47-7	20595-20600	Stein	_	_	
47-8	20601-20604	von	*->24-1	non-literal-mwe[24]	
47-9	20605-20609	Bord	*->24-2	*[24]	
47-10	20610-20614	geht	*->24-3	*[24]	
47-11	20615-20616	,	_	_	
47-12	20617-20621	dann	_	_	
47-13	20622-20627	heult	_	_	
47-14	20628-20632	ganz	_	_	
47-15	20633-20639	Berlin	_	_	
47-16	20640-20641	.	_	_	

#Text=Nachdem die Passagiere von Bord gegangen waren , kam die " Wappen " zur Reparatur in die Cuxhavener Mützelfeldtwerft .
49-1	21623-21630	Nachdem	_	_	
49-2	21631-21634	die	_	_	
49-3	21635-21645	Passagiere	_	_	
49-4	21646-21649	von	*->25-1	literal[25]	
49-5	21650-21654	Bord	*->25-2	*[25]	
49-6	21655-21663	gegangen	*->25-3	*[25]	
49-7	21664-21669	waren	_	_	
49-8	21670-21671	,	_	_	
49-9	21672-21675	kam	_	_	
49-10	21676-21679	die	_	_	
49-11	21680-21681	"	_	_	
49-12	21682-21688	Wappen	_	_	
49-13	21689-21690	"	_	_	
49-14	21691-21694	zur	_	_	
49-15	21695-21704	Reparatur	_	_	
49-16	21705-21707	in	_	_	
49-17	21708-21711	die	_	_	
49-18	21712-21722	Cuxhavener	_	_	
49-19	21723-21739	Mützelfeldtwerft	_	_	
49-20	21740-21741	.	_	_	

#Text=Sie mußten in Cuxhaven von Bord gehen und auf ihren Helgoland-Trip sowie den zollfreien Einkauf verzichten .
51-1	21978-21981	Sie	_	_	
51-2	21982-21988	mußten	_	_	
51-3	21989-21991	in	_	_	
51-4	21992-22000	Cuxhaven	_	_	
51-5	22001-22004	von	*->26-1	literal[26]	
51-6	22005-22009	Bord	*->26-2	*[26]	
51-7	22010-22015	gehen	*->26-3	*[26]	
51-8	22016-22019	und	_	_	
51-9	22020-22023	auf	_	_	
51-10	22024-22029	ihren	_	_	
51-11	22030-22044	Helgoland-Trip	_	_	
51-12	22045-22050	sowie	_	_	
51-13	22051-22054	den	_	_	
51-14	22055-22065	zollfreien	_	_	
51-15	22066-22073	Einkauf	_	_	
51-16	22074-22084	verzichten	_	_	
51-17	22085-22086	.	_	_	

#Text=SPD-Nachwuchspolitiker in Hannover beharren auf dem Grundrecht auf Asyl : Anstelle der zahlreichen Austritte SPD-verdrossener Mitglieder sähen sie lieber die Lotsen der neuen Kursänderung von Bord gehen
53-1	22636-22658	SPD-Nachwuchspolitiker	_	_	
53-2	22659-22661	in	_	_	
53-3	22662-22670	Hannover	_	_	
53-4	22671-22679	beharren	_	_	
53-5	22680-22683	auf	_	_	
53-6	22684-22687	dem	_	_	
53-7	22688-22698	Grundrecht	_	_	
53-8	22699-22702	auf	_	_	
53-9	22703-22707	Asyl	_	_	
53-10	22708-22709	:	_	_	
53-11	22710-22718	Anstelle	_	_	
53-12	22719-22722	der	_	_	
53-13	22723-22734	zahlreichen	_	_	
53-14	22735-22744	Austritte	_	_	
53-15	22745-22761	SPD-verdrossener	_	_	
53-16	22762-22772	Mitglieder	_	_	
53-17	22773-22778	sähen	_	_	
53-18	22779-22782	sie	_	_	
53-19	22783-22789	lieber	_	_	
53-20	22790-22793	die	_	_	
53-21	22794-22800	Lotsen	_	_	
53-22	22801-22804	der	_	_	
53-23	22805-22810	neuen	_	_	
53-24	22811-22823	Kursänderung	_	_	
53-25	22824-22827	von	*->27-1	non-literal-mwe[27]	
53-26	22828-22832	Bord	*->27-2	*[27]	
53-27	22833-22838	gehen	*->27-3	*[27]	

#Text=Doch die Reichen kamen sehr viel schneller in den Genuß freier Luft und durften im New Yorker Hafen nach einer kurzen Untersuchung direkt von Bord gehen .
55-1	23042-23046	Doch	_	_	
55-2	23047-23050	die	_	_	
55-3	23051-23058	Reichen	_	_	
55-4	23059-23064	kamen	_	_	
55-5	23065-23069	sehr	_	_	
55-6	23070-23074	viel	_	_	
55-7	23075-23084	schneller	_	_	
55-8	23085-23087	in	_	_	
55-9	23088-23091	den	_	_	
55-10	23092-23097	Genuß	_	_	
55-11	23098-23104	freier	_	_	
55-12	23105-23109	Luft	_	_	
55-13	23110-23113	und	_	_	
55-14	23114-23121	durften	_	_	
55-15	23122-23124	im	_	_	
55-16	23125-23128	New	_	_	
55-17	23129-23135	Yorker	_	_	
55-18	23136-23141	Hafen	_	_	
55-19	23142-23146	nach	_	_	
55-20	23147-23152	einer	_	_	
55-21	23153-23159	kurzen	_	_	
55-22	23160-23172	Untersuchung	_	_	
55-23	23173-23179	direkt	_	_	
55-24	23180-23183	von	*->28-1	literal[28]	
55-25	23184-23188	Bord	*->28-2	*[28]	
55-26	23189-23194	gehen	*->28-3	*[28]	
55-27	23195-23196	.	_	_	

#Text=Die beiden neuen Vereine sollen sich dann im März konstituieren , also zu dem Zeitpunkt an dem Hunke von Bord gehen will .
57-1	23808-23811	Die	_	_	
57-2	23812-23818	beiden	_	_	
57-3	23819-23824	neuen	_	_	
57-4	23825-23832	Vereine	_	_	
57-5	23833-23839	sollen	_	_	
57-6	23840-23844	sich	_	_	
57-7	23845-23849	dann	_	_	
57-8	23850-23852	im	_	_	
57-9	23853-23857	März	_	_	
57-10	23858-23871	konstituieren	_	_	
57-11	23872-23873	,	_	_	
57-12	23874-23878	also	_	_	
57-13	23879-23881	zu	_	_	
57-14	23882-23885	dem	_	_	
57-15	23886-23895	Zeitpunkt	_	_	
57-16	23896-23898	an	_	_	
57-17	23899-23902	dem	_	_	
57-18	23903-23908	Hunke	_	_	
57-19	23909-23912	von	*->29-1	non-literal-mwe[29]	
57-20	23913-23917	Bord	*->29-2	*[29]	
57-21	23918-23923	gehen	*->29-3	*[29]	
57-22	23924-23928	will	_	_	
57-23	23929-23930	.	_	_	

#Text=" Der Lotse geht von Bord " , erklärte Becker damals und kündigte an , sein Unternehmen werde seinen 35 % - Anteil an der Hanauer Firma abgeben .
59-1	24702-24703	"	_	_	
59-2	24704-24707	Der	_	_	
59-3	24708-24713	Lotse	_	_	
59-4	24714-24718	geht	*->30-1	non-literal-mwe[30]	
59-5	24719-24722	von	*->30-2	*[30]	
59-6	24723-24727	Bord	*->30-3	*[30]	
59-7	24728-24729	"	_	_	
59-8	24730-24731	,	_	_	
59-9	24732-24740	erklärte	_	_	
59-10	24741-24747	Becker	_	_	
59-11	24748-24754	damals	_	_	
59-12	24755-24758	und	_	_	
59-13	24759-24767	kündigte	_	_	
59-14	24768-24770	an	_	_	
59-15	24771-24772	,	_	_	
59-16	24773-24777	sein	_	_	
59-17	24778-24789	Unternehmen	_	_	
59-18	24790-24795	werde	_	_	
59-19	24796-24802	seinen	_	_	
59-20	24803-24805	35	_	_	
59-21	24806-24807	%	_	_	
59-22	24808-24809	-	_	_	
59-23	24810-24816	Anteil	_	_	
59-24	24817-24819	an	_	_	
59-25	24820-24823	der	_	_	
59-26	24824-24831	Hanauer	_	_	
59-27	24832-24837	Firma	_	_	
59-28	24838-24845	abgeben	_	_	
59-29	24846-24847	.	_	_	

#Text=Es wurde gestern vermutet , daß sie bereits vor den Geiseln von Bord gegangen waren .
61-1	25589-25591	Es	_	_	
61-2	25592-25597	wurde	_	_	
61-3	25598-25605	gestern	_	_	
61-4	25606-25614	vermutet	_	_	
61-5	25615-25616	,	_	_	
61-6	25617-25620	daß	_	_	
61-7	25621-25624	sie	_	_	
61-8	25625-25632	bereits	_	_	
61-9	25633-25636	vor	_	_	
61-10	25637-25640	den	_	_	
61-11	25641-25648	Geiseln	_	_	
61-12	25649-25652	von	*->31-1	literal[31]	
61-13	25653-25657	Bord	*->31-2	*[31]	
61-14	25658-25666	gegangen	*->31-3	*[31]	
61-15	25667-25672	waren	_	_	
61-16	25673-25674	.	_	_	

#Text=Doch jetzt wolle man " so schnell wie möglich " wieder von Bord gehen : Die Degussa , die ihre 35 " unternehmerische Obhut " genommen hatte , wird ihren Anteil an dem Skandalunternehmen abgeben , teilte Becker am Dienstag in Frankfurt mit .
63-1	29837-29841	Doch	_	_	
63-2	29842-29847	jetzt	_	_	
63-3	29848-29853	wolle	_	_	
63-4	29854-29857	man	_	_	
63-5	29858-29859	"	_	_	
63-6	29860-29862	so	_	_	
63-7	29863-29870	schnell	_	_	
63-8	29871-29874	wie	_	_	
63-9	29875-29882	möglich	_	_	
63-10	29883-29884	"	_	_	
63-11	29885-29891	wieder	_	_	
63-12	29892-29895	von	*->32-1	non-literal-mwe[32]	
63-13	29896-29900	Bord	*->32-2	*[32]	
63-14	29901-29906	gehen	*->32-3	*[32]	
63-15	29907-29908	:	_	_	
63-16	29909-29912	Die	_	_	
63-17	29913-29920	Degussa	_	_	
63-18	29921-29922	,	_	_	
63-19	29923-29926	die	_	_	
63-20	29927-29931	ihre	_	_	
63-21	29932-29934	35	_	_	
63-22	29935-29936	"	_	_	
63-23	29937-29953	unternehmerische	_	_	
63-24	29954-29959	Obhut	_	_	
63-25	29960-29961	"	_	_	
63-26	29962-29970	genommen	_	_	
63-27	29971-29976	hatte	_	_	
63-28	29977-29978	,	_	_	
63-29	29979-29983	wird	_	_	
63-30	29984-29989	ihren	_	_	
63-31	29990-29996	Anteil	_	_	
63-32	29997-29999	an	_	_	
63-33	30000-30003	dem	_	_	
63-34	30004-30022	Skandalunternehmen	_	_	
63-35	30023-30030	abgeben	_	_	
63-36	30031-30032	,	_	_	
63-37	30033-30039	teilte	_	_	
63-38	30040-30046	Becker	_	_	
63-39	30047-30049	am	_	_	
63-40	30050-30058	Dienstag	_	_	
63-41	30059-30061	in	_	_	
63-42	30062-30071	Frankfurt	_	_	
63-43	30072-30075	mit	_	_	
63-44	30076-30077	.	_	_	

#Text=Jetzt geht der " Lotse " ( Degussa über Degussa ) von Bord .
65-1	31704-31709	Jetzt	_	_	
65-2	31710-31714	geht	*->33-1	non-literal-mwe[33]	
65-3	31715-31718	der	_	_	
65-4	31719-31720	"	_	_	
65-5	31721-31726	Lotse	_	_	
65-6	31727-31728	"	_	_	
65-7	31729-31730	(	_	_	
65-8	31731-31738	Degussa	_	_	
65-9	31739-31743	über	_	_	
65-10	31744-31751	Degussa	_	_	
65-11	31752-31753	)	_	_	
65-12	31754-31757	von	*->33-2	*[33]	
65-13	31758-31762	Bord	*->33-3	*[33]	
65-14	31763-31764	.	_	_	

#Text=Brandt bleibt versöhnlich , schließlich geht er " von Bord " und " nicht von Deck " , wie er gestern wiederholt .
67-1	33393-33399	Brandt	_	_	
67-2	33400-33406	bleibt	_	_	
67-3	33407-33418	versöhnlich	_	_	
67-4	33419-33420	,	_	_	
67-5	33421-33432	schließlich	_	_	
67-6	33433-33437	geht	*->34-1	non-literal-mwe[34]	
67-7	33438-33440	er	_	_	
67-8	33441-33442	"	_	_	
67-9	33443-33446	von	*->34-2	*[34]	
67-10	33447-33451	Bord	*->34-3	*[34]	
67-11	33452-33453	"	_	_	
67-12	33454-33457	und	_	_	
67-13	33458-33459	"	_	_	
67-14	33460-33465	nicht	_	_	
67-15	33466-33469	von	_	_	
67-16	33470-33474	Deck	_	_	
67-17	33475-33476	"	_	_	
67-18	33477-33478	,	_	_	
67-19	33479-33482	wie	_	_	
67-20	33483-33485	er	_	_	
67-21	33486-33493	gestern	_	_	
67-22	33494-33504	wiederholt	_	_	
67-23	33505-33506	.	_	_	

#Text=Damit es keine Unklarheiten gibt : Ich verlasse die Brücke , aber ich gehe nicht von Bord .
69-1	42345-42350	Damit	_	_	
69-2	42351-42353	es	_	_	
69-3	42354-42359	keine	_	_	
69-4	42360-42372	Unklarheiten	_	_	
69-5	42373-42377	gibt	_	_	
69-6	42378-42379	:	_	_	
69-7	42380-42383	Ich	_	_	
69-8	42384-42392	verlasse	*->94-1	non-literal[94]	
69-9	42393-42396	die	_	_	
69-10	42397-42403	Brücke	*->94-2	non-literal[94]	
69-11	42404-42405	,	_	_	
69-12	42406-42410	aber	_	_	
69-13	42411-42414	ich	_	_	
69-14	42415-42419	gehe	*->35-1	non-literal-mwe[35]	
69-15	42420-42425	nicht	_	_	
69-16	42426-42429	von	*->35-2	*[35]	
69-17	42430-42434	Bord	*->35-3	*[35]	
69-18	42435-42436	.	_	_	

#Text=Hauff : Ich weigere mich zunächst einmal , von einem Abschied zu reden , denn Brandt hat vor dem Parteivorstand auch gesagt , er gehe von der Brücke und nicht von Bord .
71-1	50584-50589	Hauff	_	_	
71-2	50590-50591	:	_	_	
71-3	50592-50595	Ich	_	_	
71-4	50596-50603	weigere	_	_	
71-5	50604-50608	mich	_	_	
71-6	50609-50617	zunächst	_	_	
71-7	50618-50624	einmal	_	_	
71-8	50625-50626	,	_	_	
71-9	50627-50630	von	_	_	
71-10	50631-50636	einem	_	_	
71-11	50637-50645	Abschied	_	_	
71-12	50646-50648	zu	_	_	
71-13	50649-50654	reden	_	_	
71-14	50655-50656	,	_	_	
71-15	50657-50661	denn	_	_	
71-16	50662-50668	Brandt	_	_	
71-17	50669-50672	hat	_	_	
71-18	50673-50676	vor	_	_	
71-19	50677-50680	dem	_	_	
71-20	50681-50695	Parteivorstand	_	_	
71-21	50696-50700	auch	_	_	
71-22	50701-50707	gesagt	_	_	
71-23	50708-50709	,	_	_	
71-24	50710-50712	er	_	_	
71-25	50713-50717	gehe	*->36-1	non-literal-mwe[36]	
71-26	50718-50721	von	_	_	
71-27	50722-50725	der	_	_	
71-28	50726-50732	Brücke	_	_	
71-29	50733-50736	und	_	_	
71-30	50737-50742	nicht	_	_	
71-31	50743-50746	von	*->36-2	*[36]	
71-32	50747-50751	Bord	*->36-3	*[36]	
71-33	50752-50753	.	_	_	

#Text=" Wenn sich das Schiff in stürmischen Gewässern befindet , darf man nicht von Bord gehen .
73-1	53828-53829	"	_	_	
73-2	53830-53834	Wenn	_	_	
73-3	53835-53839	sich	_	_	
73-4	53840-53843	das	_	_	
73-5	53844-53850	Schiff	_	_	
73-6	53851-53853	in	_	_	
73-7	53854-53865	stürmischen	_	_	
73-8	53866-53875	Gewässern	_	_	
73-9	53876-53884	befindet	_	_	
73-10	53885-53886	,	_	_	
73-11	53887-53891	darf	_	_	
73-12	53892-53895	man	_	_	
73-13	53896-53901	nicht	_	_	
73-14	53902-53905	von	*->37-1	non-literal-mwe[37]	
73-15	53906-53910	Bord	*->37-2	*[37]	
73-16	53911-53916	gehen	*->37-3	*[37]	
73-17	53917-53918	.	_	_	

#Text=Nach Erkenntnissen der Staatsanwaltschaft hatte Bindel die Flüchtlinge nicht gezwungen , von Bord in die zwei Rettungsboote zu gehen .
75-1	56088-56092	Nach	_	_	
75-2	56093-56106	Erkenntnissen	_	_	
75-3	56107-56110	der	_	_	
75-4	56111-56129	Staatsanwaltschaft	_	_	
75-5	56130-56135	hatte	_	_	
75-6	56136-56142	Bindel	_	_	
75-7	56143-56146	die	_	_	
75-8	56147-56158	Flüchtlinge	_	_	
75-9	56159-56164	nicht	_	_	
75-10	56165-56174	gezwungen	_	_	
75-11	56175-56176	,	_	_	
75-12	56177-56180	von	*->38-1	literal[38]	
75-13	56181-56185	Bord	*->38-2	*[38]	
75-14	56186-56188	in	_	_	
75-15	56189-56192	die	_	_	
75-16	56193-56197	zwei	_	_	
75-17	56198-56211	Rettungsboote	_	_	
75-18	56212-56214	zu	_	_	
75-19	56215-56220	gehen	*->38-3	*[38]	
75-20	56221-56222	.	_	_	

#Text=Abends hilft er bei der Casinoaufsicht aus , tagsüber wartet er die Maschinen , die völlig unzureichende Klimaanlage und natürlich die gesamten Seenot-Rettungsmittel der MS JackPott - für den Fall , daß ein Zocker nach Verlust des letzten Jetons und des letzten Hemdes zur falschen Seite von Bord gehen will , müsse man schließlich gerüstet sein .
77-1	56678-56684	Abends	_	_	
77-2	56685-56690	hilft	_	_	
77-3	56691-56693	er	_	_	
77-4	56694-56697	bei	_	_	
77-5	56698-56701	der	_	_	
77-6	56702-56716	Casinoaufsicht	_	_	
77-7	56717-56720	aus	_	_	
77-8	56721-56722	,	_	_	
77-9	56723-56731	tagsüber	_	_	
77-10	56732-56738	wartet	_	_	
77-11	56739-56741	er	_	_	
77-12	56742-56745	die	_	_	
77-13	56746-56755	Maschinen	_	_	
77-14	56756-56757	,	_	_	
77-15	56758-56761	die	_	_	
77-16	56762-56768	völlig	_	_	
77-17	56769-56782	unzureichende	_	_	
77-18	56783-56794	Klimaanlage	_	_	
77-19	56795-56798	und	_	_	
77-20	56799-56808	natürlich	_	_	
77-21	56809-56812	die	_	_	
77-22	56813-56821	gesamten	_	_	
77-23	56822-56843	Seenot-Rettungsmittel	_	_	
77-24	56844-56847	der	_	_	
77-25	56848-56850	MS	_	_	
77-26	56851-56859	JackPott	_	_	
77-27	56860-56861	-	_	_	
77-28	56862-56865	für	_	_	
77-29	56866-56869	den	_	_	
77-30	56870-56874	Fall	_	_	
77-31	56875-56876	,	_	_	
77-32	56877-56880	daß	_	_	
77-33	56881-56884	ein	_	_	
77-34	56885-56891	Zocker	_	_	
77-35	56892-56896	nach	_	_	
77-36	56897-56904	Verlust	_	_	
77-37	56905-56908	des	_	_	
77-38	56909-56916	letzten	_	_	
77-39	56917-56923	Jetons	_	_	
77-40	56924-56927	und	_	_	
77-41	56928-56931	des	_	_	
77-42	56932-56939	letzten	_	_	
77-43	56940-56946	Hemdes	_	_	
77-44	56947-56950	zur	_	_	
77-45	56951-56959	falschen	_	_	
77-46	56960-56965	Seite	_	_	
77-47	56966-56969	von	*->39-1	non-literal-mwe[39]	
77-48	56970-56974	Bord	*->39-2	*[39]	
77-49	56975-56980	gehen	*->39-3	*[39]	
77-50	56981-56985	will	_	_	
77-51	56986-56987	,	_	_	
77-52	56988-56993	müsse	_	_	
77-53	56994-56997	man	_	_	
77-54	56998-57009	schließlich	_	_	
77-55	57010-57018	gerüstet	_	_	
77-56	57019-57023	sein	_	_	
77-57	57024-57025	.	_	_	

#Text=Spider Stacey , der , nachdem auch der Mann des Übergangs Joe Strummer von Bord gegangen ist , den Platz am Mikrophon eingenommen hat , singt von der Besatzung eines " Drunken Boat " : Korrekt werden die Flaschen zerschmettert , die Gläser geleert , Toasts ausgebracht auf unterwegs verlorengegangene Freunde , vielleicht nicht ganz so jesusmäßig generös wie bei McGowan , vielleicht mit leicht zusammengekniffenen Achselhöhlen , aber doch im Sinne der Forefathers - Männer , Fahrten , Abenteuer .
79-1	57663-57669	Spider	_	_	
79-2	57670-57676	Stacey	_	_	
79-3	57677-57678	,	_	_	
79-4	57679-57682	der	_	_	
79-5	57683-57684	,	_	_	
79-6	57685-57692	nachdem	_	_	
79-7	57693-57697	auch	_	_	
79-8	57698-57701	der	_	_	
79-9	57702-57706	Mann	_	_	
79-10	57707-57710	des	_	_	
79-11	57711-57720	Übergangs	_	_	
79-12	57721-57724	Joe	_	_	
79-13	57725-57733	Strummer	_	_	
79-14	57734-57737	von	*->40-1	non-literal-mwe[40]	
79-15	57738-57742	Bord	*->40-2	*[40]	
79-16	57743-57751	gegangen	*->40-3	*[40]	
79-17	57752-57755	ist	_	_	
79-18	57756-57757	,	_	_	
79-19	57758-57761	den	_	_	
79-20	57762-57767	Platz	_	_	
79-21	57768-57770	am	_	_	
79-22	57771-57780	Mikrophon	_	_	
79-23	57781-57792	eingenommen	_	_	
79-24	57793-57796	hat	_	_	
79-25	57797-57798	,	_	_	
79-26	57799-57804	singt	_	_	
79-27	57805-57808	von	_	_	
79-28	57809-57812	der	_	_	
79-29	57813-57822	Besatzung	_	_	
79-30	57823-57828	eines	_	_	
79-31	57829-57830	"	_	_	
79-32	57831-57838	Drunken	_	_	
79-33	57839-57843	Boat	_	_	
79-34	57844-57845	"	_	_	
79-35	57846-57847	:	_	_	
79-36	57848-57855	Korrekt	_	_	
79-37	57856-57862	werden	_	_	
79-38	57863-57866	die	_	_	
79-39	57867-57875	Flaschen	_	_	
79-40	57876-57889	zerschmettert	_	_	
79-41	57890-57891	,	_	_	
79-42	57892-57895	die	_	_	
79-43	57896-57902	Gläser	_	_	
79-44	57903-57910	geleert	_	_	
79-45	57911-57912	,	_	_	
79-46	57913-57919	Toasts	_	_	
79-47	57920-57931	ausgebracht	_	_	
79-48	57932-57935	auf	_	_	
79-49	57936-57945	unterwegs	_	_	
79-50	57946-57963	verlorengegangene	_	_	
79-51	57964-57971	Freunde	_	_	
79-52	57972-57973	,	_	_	
79-53	57974-57984	vielleicht	_	_	
79-54	57985-57990	nicht	_	_	
79-55	57991-57995	ganz	_	_	
79-56	57996-57998	so	_	_	
79-57	57999-58009	jesusmäßig	_	_	
79-58	58010-58017	generös	_	_	
79-59	58018-58021	wie	_	_	
79-60	58022-58025	bei	_	_	
79-61	58026-58033	McGowan	_	_	
79-62	58034-58035	,	_	_	
79-63	58036-58046	vielleicht	_	_	
79-64	58047-58050	mit	_	_	
79-65	58051-58057	leicht	_	_	
79-66	58058-58077	zusammengekniffenen	_	_	
79-67	58078-58090	Achselhöhlen	_	_	
79-68	58091-58092	,	_	_	
79-69	58093-58097	aber	_	_	
79-70	58098-58102	doch	_	_	
79-71	58103-58105	im	_	_	
79-72	58106-58111	Sinne	_	_	
79-73	58112-58115	der	_	_	
79-74	58116-58127	Forefathers	_	_	
79-75	58128-58129	-	_	_	
79-76	58130-58136	Männer	_	_	
79-77	58137-58138	,	_	_	
79-78	58139-58146	Fahrten	_	_	
79-79	58147-58148	,	_	_	
79-80	58149-58158	Abenteuer	_	_	
79-81	58159-58160	.	_	_	

#Text=Kinkel und die FDP hatten dagegen bislang stets erklärt , ohne eine vorherige Verfassungsänderung müßten die deutschen Soldaten aussteigen - so wie sie auch heute schon von Bord gehen , wenn die AWACS-Aufklärer über Ungarn und Österreich unterwegs sind .
81-1	59045-59051	Kinkel	_	_	
81-2	59052-59055	und	_	_	
81-3	59056-59059	die	_	_	
81-4	59060-59063	FDP	_	_	
81-5	59064-59070	hatten	_	_	
81-6	59071-59078	dagegen	_	_	
81-7	59079-59086	bislang	_	_	
81-8	59087-59092	stets	_	_	
81-9	59093-59100	erklärt	_	_	
81-10	59101-59102	,	_	_	
81-11	59103-59107	ohne	_	_	
81-12	59108-59112	eine	_	_	
81-13	59113-59122	vorherige	_	_	
81-14	59123-59142	Verfassungsänderung	_	_	
81-15	59143-59149	müßten	_	_	
81-16	59150-59153	die	_	_	
81-17	59154-59163	deutschen	_	_	
81-18	59164-59172	Soldaten	_	_	
81-19	59173-59183	aussteigen	_	_	
81-20	59184-59185	-	_	_	
81-21	59186-59188	so	_	_	
81-22	59189-59192	wie	_	_	
81-23	59193-59196	sie	_	_	
81-24	59197-59201	auch	_	_	
81-25	59202-59207	heute	_	_	
81-26	59208-59213	schon	_	_	
81-27	59214-59217	von	*->41-1	non-literal-mwe[41]	
81-28	59218-59222	Bord	*->41-2	*[41]	
81-29	59223-59228	gehen	*->41-3	*[41]	
81-30	59229-59230	,	_	_	
81-31	59231-59235	wenn	_	_	
81-32	59236-59239	die	_	_	
81-33	59240-59255	AWACS-Aufklärer	_	_	
81-34	59256-59260	über	_	_	
81-35	59261-59267	Ungarn	_	_	
81-36	59268-59271	und	_	_	
81-37	59272-59282	Österreich	_	_	
81-38	59283-59292	unterwegs	_	_	
81-39	59293-59297	sind	_	_	
81-40	59298-59299	.	_	_	

#Text=Am 27 . Juli gingen sämtliche 419 russischen und ukrainischen Besatzungsmitglieder , darunter 54 Frauen , von Bord und begannen einen unbefristeten Sitzstreik auf dem Kai .
83-1	59710-59712	Am	_	_	
83-2	59713-59715	27	_	_	
83-3	59716-59717	.	_	_	
83-4	59718-59722	Juli	_	_	
83-5	59723-59729	gingen	*->42-1	*[42]	
83-6	59730-59739	sämtliche	_	_	
83-7	59740-59743	419	_	_	
83-8	59744-59754	russischen	_	_	
83-9	59755-59758	und	_	_	
83-10	59759-59771	ukrainischen	_	_	
83-11	59772-59792	Besatzungsmitglieder	_	_	
83-12	59793-59794	,	_	_	
83-13	59795-59803	darunter	_	_	
83-14	59804-59806	54	_	_	
83-15	59807-59813	Frauen	_	_	
83-16	59814-59815	,	_	_	
83-17	59816-59819	von	*->42-2	literal[42]	
83-18	59820-59824	Bord	*->42-3	*[42]	
83-19	59825-59828	und	_	_	
83-20	59829-59837	begannen	_	_	
83-21	59838-59843	einen	_	_	
83-22	59844-59857	unbefristeten	_	_	
83-23	59858-59868	Sitzstreik	_	_	
83-24	59869-59872	auf	_	_	
83-25	59873-59876	dem	_	_	
83-26	59877-59880	Kai	_	_	
83-27	59881-59882	.	_	_	

#Text=Volker Kröning geht von Bord , und in so manchem Politikerherz macht sich Freude breit : Endlich will er weg , der Quälgeist , der jeden Pfennig fünfmal umgedreht hat , wenn er von anderen Ressorts ausgegeben werden sollte .
85-1	60427-60433	Volker	_	_	
85-2	60434-60441	Kröning	_	_	
85-3	60442-60446	geht	*->43-1	non-literal-mwe[43]	
85-4	60447-60450	von	*->43-2	*[43]	
85-5	60451-60455	Bord	*->43-3	*[43]	
85-6	60456-60457	,	_	_	
85-7	60458-60461	und	_	_	
85-8	60462-60464	in	_	_	
85-9	60465-60467	so	_	_	
85-10	60468-60475	manchem	_	_	
85-11	60476-60489	Politikerherz	_	_	
85-12	60490-60495	macht	_	_	
85-13	60496-60500	sich	_	_	
85-14	60501-60507	Freude	_	_	
85-15	60508-60513	breit	_	_	
85-16	60514-60515	:	_	_	
85-17	60516-60523	Endlich	_	_	
85-18	60524-60528	will	_	_	
85-19	60529-60531	er	_	_	
85-20	60532-60535	weg	_	_	
85-21	60536-60537	,	_	_	
85-22	60538-60541	der	_	_	
85-23	60542-60551	Quälgeist	_	_	
85-24	60552-60553	,	_	_	
85-25	60554-60557	der	_	_	
85-26	60558-60563	jeden	_	_	
85-27	60564-60571	Pfennig	_	_	
85-28	60572-60579	fünfmal	_	_	
85-29	60580-60589	umgedreht	_	_	
85-30	60590-60593	hat	_	_	
85-31	60594-60595	,	_	_	
85-32	60596-60600	wenn	_	_	
85-33	60601-60603	er	_	_	
85-34	60604-60607	von	_	_	
85-35	60608-60615	anderen	_	_	
85-36	60616-60624	Ressorts	_	_	
85-37	60625-60635	ausgegeben	_	_	
85-38	60636-60642	werden	_	_	
85-39	60643-60649	sollte	_	_	
85-40	60650-60651	.	_	_	

#Text=Es scheint beinah wie ein letztes , aber um so grelleres , sozialliberales Wetterleuchten : Heide Schmidt , nach Jörg Haider prominentestes Mitglied der FPÖ , geht von Bord des letzten rechtslastigen Schiffes .
87-1	61274-61276	Es	_	_	
87-2	61277-61284	scheint	_	_	
87-3	61285-61291	beinah	_	_	
87-4	61292-61295	wie	_	_	
87-5	61296-61299	ein	_	_	
87-6	61300-61307	letztes	_	_	
87-7	61308-61309	,	_	_	
87-8	61310-61314	aber	_	_	
87-9	61315-61317	um	_	_	
87-10	61318-61320	so	_	_	
87-11	61321-61330	grelleres	_	_	
87-12	61331-61332	,	_	_	
87-13	61333-61348	sozialliberales	_	_	
87-14	61349-61363	Wetterleuchten	_	_	
87-15	61364-61365	:	_	_	
87-16	61366-61371	Heide	_	_	
87-17	61372-61379	Schmidt	_	_	
87-18	61380-61381	,	_	_	
87-19	61382-61386	nach	_	_	
87-20	61387-61391	Jörg	_	_	
87-21	61392-61398	Haider	_	_	
87-22	61399-61413	prominentestes	_	_	
87-23	61414-61422	Mitglied	_	_	
87-24	61423-61426	der	_	_	
87-25	61427-61430	FPÖ	_	_	
87-26	61431-61432	,	_	_	
87-27	61433-61437	geht	*->44-1	non-literal-mwe[44]	
87-28	61438-61441	von	*->44-2	*[44]	
87-29	61442-61446	Bord	*->44-3	*[44]	
87-30	61447-61450	des	_	_	
87-31	61451-61458	letzten	_	_	
87-32	61459-61473	rechtslastigen	_	_	
87-33	61474-61482	Schiffes	_	_	
87-34	61483-61484	.	_	_	

#Text=Die Besatzung ging von Bord , der Schlepper kappte die Seile und die " North Cape " strandete am Mondsteinstrand südlich von Boston - unmittelbar vor dem Trustom Point National Wildlife Refuge , in dem Hunderttausende von Wasservögeln Station machen .
89-1	61874-61877	Die	_	_	
89-2	61878-61887	Besatzung	_	_	
89-3	61888-61892	ging	*->45-1	literal[45]	
89-4	61893-61896	von	*->45-2	*[45]	
89-5	61897-61901	Bord	*->45-3	*[45]	
89-6	61902-61903	,	_	_	
89-7	61904-61907	der	_	_	
89-8	61908-61917	Schlepper	_	_	
89-9	61918-61924	kappte	_	_	
89-10	61925-61928	die	_	_	
89-11	61929-61934	Seile	_	_	
89-12	61935-61938	und	_	_	
89-13	61939-61942	die	_	_	
89-14	61943-61944	"	_	_	
89-15	61945-61950	North	_	_	
89-16	61951-61955	Cape	_	_	
89-17	61956-61957	"	_	_	
89-18	61958-61967	strandete	_	_	
89-19	61968-61970	am	_	_	
89-20	61971-61986	Mondsteinstrand	_	_	
89-21	61987-61994	südlich	_	_	
89-22	61995-61998	von	_	_	
89-23	61999-62005	Boston	_	_	
89-24	62006-62007	-	_	_	
89-25	62008-62019	unmittelbar	_	_	
89-26	62020-62023	vor	_	_	
89-27	62024-62027	dem	_	_	
89-28	62028-62035	Trustom	_	_	
89-29	62036-62041	Point	_	_	
89-30	62042-62050	National	_	_	
89-31	62051-62059	Wildlife	_	_	
89-32	62060-62066	Refuge	_	_	
89-33	62067-62068	,	_	_	
89-34	62069-62071	in	_	_	
89-35	62072-62075	dem	_	_	
89-36	62076-62091	Hunderttausende	_	_	
89-37	62092-62095	von	_	_	
89-38	62096-62108	Wasservögeln	_	_	
89-39	62109-62116	Station	_	_	
89-40	62117-62123	machen	_	_	
89-41	62124-62125	.	_	_	

#Text=Bei der Landung in Guinea-Bissau weigerten sich die Deportierten , von Bord zu gehen .
91-1	62830-62833	Bei	_	_	
91-2	62834-62837	der	_	_	
91-3	62838-62845	Landung	_	_	
91-4	62846-62848	in	_	_	
91-5	62849-62862	Guinea-Bissau	_	_	
91-6	62863-62872	weigerten	_	_	
91-7	62873-62877	sich	_	_	
91-8	62878-62881	die	_	_	
91-9	62882-62894	Deportierten	_	_	
91-10	62895-62896	,	_	_	
91-11	62897-62900	von	*->46-1	literal[46]	
91-12	62901-62905	Bord	*->46-2	*[46]	
91-13	62906-62908	zu	_	_	
91-14	62909-62914	gehen	*->46-3	*[46]	
91-15	62915-62916	.	_	_	

#Text=Für viele Seeleute , die nach monatelanger Fahrt für wenige Stunden von Bord gehen , ist dies ganz Hamburg .
93-1	63517-63520	Für	_	_	
93-2	63521-63526	viele	_	_	
93-3	63527-63535	Seeleute	_	_	
93-4	63536-63537	,	_	_	
93-5	63538-63541	die	_	_	
93-6	63542-63546	nach	_	_	
93-7	63547-63559	monatelanger	_	_	
93-8	63560-63565	Fahrt	_	_	
93-9	63566-63569	für	_	_	
93-10	63570-63576	wenige	_	_	
93-11	63577-63584	Stunden	_	_	
93-12	63585-63588	von	*->47-1	literal[47]	
93-13	63589-63593	Bord	*->47-2	*[47]	
93-14	63594-63599	gehen	*->47-3	*[47]	
93-15	63600-63601	,	_	_	
93-16	63602-63605	ist	_	_	
93-17	63606-63610	dies	_	_	
93-18	63611-63615	ganz	_	_	
93-19	63616-63623	Hamburg	_	_	
93-20	63624-63625	.	_	_	

#Text=Wer von Bord geht , nimmt die gegebenen Chancen zur gesellschaftlichen Veränderung nicht wahr .
95-1	63986-63989	Wer	_	_	
95-2	63990-63993	von	*->48-1	non-literal-mwe[48]	
95-3	63994-63998	Bord	*->48-2	*[48]	
95-4	63999-64003	geht	*->48-3	*[48]	
95-5	64004-64005	,	_	_	
95-6	64006-64011	nimmt	_	_	
95-7	64012-64015	die	_	_	
95-8	64016-64025	gegebenen	_	_	
95-9	64026-64033	Chancen	_	_	
95-10	64034-64037	zur	_	_	
95-11	64038-64056	gesellschaftlichen	_	_	
95-12	64057-64068	Veränderung	_	_	
95-13	64069-64074	nicht	_	_	
95-14	64075-64079	wahr	_	_	
95-15	64080-64081	.	_	_	

#Text=Berlin ( taz ) - In der Seefahrt ist es gute Sitte , daß der Kapitän bei einer Havarie als letzter von Bord geht .
97-1	64558-64564	Berlin	_	_	
97-2	64565-64566	(	_	_	
97-3	64567-64570	taz	_	_	
97-4	64571-64572	)	_	_	
97-5	64573-64574	-	_	_	
97-6	64575-64577	In	_	_	
97-7	64578-64581	der	_	_	
97-8	64582-64590	Seefahrt	_	_	
97-9	64591-64594	ist	_	_	
97-10	64595-64597	es	_	_	
97-11	64598-64602	gute	_	_	
97-12	64603-64608	Sitte	_	_	
97-13	64609-64610	,	_	_	
97-14	64611-64614	daß	_	_	
97-15	64615-64618	der	_	_	
97-16	64619-64626	Kapitän	_	_	
97-17	64627-64630	bei	_	_	
97-18	64631-64636	einer	_	_	
97-19	64637-64644	Havarie	_	_	
97-20	64645-64648	als	_	_	
97-21	64649-64656	letzter	_	_	
97-22	64657-64660	von	*->49-1	literal[49]	
97-23	64661-64665	Bord	*->49-2	*[49]	
97-24	64666-64670	geht	*->49-3	*[49]	
97-25	64671-64672	.	_	_	

#Text=Wir erhalten einen Passierschein , und die Polizisten gehen mit vollen Plastiktaschen und zufriedenen Gesichtern von Bord .
99-1	65242-65245	Wir	_	_	
99-2	65246-65254	erhalten	_	_	
99-3	65255-65260	einen	_	_	
99-4	65261-65274	Passierschein	_	_	
99-5	65275-65276	,	_	_	
99-6	65277-65280	und	_	_	
99-7	65281-65284	die	_	_	
99-8	65285-65295	Polizisten	_	_	
99-9	65296-65301	gehen	*->50-1	literal[50]	
99-10	65302-65305	mit	_	_	
99-11	65306-65312	vollen	_	_	
99-12	65313-65327	Plastiktaschen	_	_	
99-13	65328-65331	und	_	_	
99-14	65332-65343	zufriedenen	_	_	
99-15	65344-65354	Gesichtern	_	_	
99-16	65355-65358	von	*->50-2	*[50]	
99-17	65359-65363	Bord	*->50-3	*[50]	
99-18	65364-65365	.	_	_	

#Text=Seit den siebziger Jahren belegen zunehmend Frauen Nautikstudiengänge und verpflichten sich als Besatzungsmitglied in ihren Arbeitsverträgen , als letzte von Bord zu gehen .
101-1	65988-65992	Seit	_	_	
101-2	65993-65996	den	_	_	
101-3	65997-66006	siebziger	_	_	
101-4	66007-66013	Jahren	_	_	
101-5	66014-66021	belegen	_	_	
101-6	66022-66031	zunehmend	_	_	
101-7	66032-66038	Frauen	_	_	
101-8	66039-66057	Nautikstudiengänge	_	_	
101-9	66058-66061	und	_	_	
101-10	66062-66074	verpflichten	_	_	
101-11	66075-66079	sich	_	_	
101-12	66080-66083	als	_	_	
101-13	66084-66102	Besatzungsmitglied	_	_	
101-14	66103-66105	in	_	_	
101-15	66106-66111	ihren	_	_	
101-16	66112-66128	Arbeitsverträgen	_	_	
101-17	66129-66130	,	_	_	
101-18	66131-66134	als	_	_	
101-19	66135-66141	letzte	_	_	
101-20	66142-66145	von	*->51-1	literal[51]	
101-21	66146-66150	Bord	*->51-2	*[51]	
101-22	66151-66153	zu	_	_	
101-23	66154-66159	gehen	*->51-3	*[51]	
101-24	66160-66161	.	_	_	

#Text=Doch der ist längst von Bord gegangen .
103-1	66732-66736	Doch	_	_	
103-2	66737-66740	der	_	_	
103-3	66741-66744	ist	_	_	
103-4	66745-66751	längst	_	_	
103-5	66752-66755	von	*->52-1	non-literal-mwe[52]	
103-6	66756-66760	Bord	*->52-2	*[52]	
103-7	66761-66769	gegangen	*->52-3	*[52]	
103-8	66770-66771	.	_	_	

#Text=Zuerst ging der amtsmüde Wirtschaftssenator Elmar Pieroth ( CDU ) von Bord .
105-1	67586-67592	Zuerst	_	_	
105-2	67593-67597	ging	*->53-1	non-literal-mwe[53]	
105-3	67598-67601	der	_	_	
105-4	67602-67610	amtsmüde	_	_	
105-5	67611-67629	Wirtschaftssenator	_	_	
105-6	67630-67635	Elmar	_	_	
105-7	67636-67643	Pieroth	_	_	
105-8	67644-67645	(	_	_	
105-9	67646-67649	CDU	_	_	
105-10	67650-67651	)	_	_	
105-11	67652-67655	von	*->53-2	*[53]	
105-12	67656-67660	Bord	*->53-3	*[53]	
105-13	67661-67662	.	_	_	

#Text=Mit Matthias Wissmann geht der entschlossenste Bremser von Bord .
107-1	68261-68264	Mit	_	_	
107-2	68265-68273	Matthias	_	_	
107-3	68274-68282	Wissmann	_	_	
107-4	68283-68287	geht	*->54-1	non-literal-mwe[54]	
107-5	68288-68291	der	_	_	
107-6	68292-68307	entschlossenste	_	_	
107-7	68308-68315	Bremser	_	_	
107-8	68316-68319	von	*->54-2	*[54]	
107-9	68320-68324	Bord	*->54-3	*[54]	
107-10	68325-68326	.	_	_	

#Text=Denn mit Zemaitat ging der letzte " echte " Herthaner von Bord .
109-1	68792-68796	Denn	_	_	
109-2	68797-68800	mit	_	_	
109-3	68801-68809	Zemaitat	_	_	
109-4	68810-68814	ging	*->55-1	non-literal-mwe[55]	
109-5	68815-68818	der	_	_	
109-6	68819-68825	letzte	_	_	
109-7	68826-68827	"	_	_	
109-8	68828-68833	echte	_	_	
109-9	68834-68835	"	_	_	
109-10	68836-68845	Herthaner	_	_	
109-11	68846-68849	von	*->55-2	*[55]	
109-12	68850-68854	Bord	*->55-3	*[55]	
109-13	68855-68856	.	_	_	

#Text=35.000 Dollar bot der " Astron"-Geschäftsführer durchs Telefon und erkundigte sich nach dem Zustand der " Girls " auf St. Pauli : " Im übrigen können Sie den Kerlen sagen , daß sie keinen Cent kriegen , wenn sie von Bord gehen .
111-1	69375-69381	35.000	_	_	
111-2	69382-69388	Dollar	_	_	
111-3	69389-69392	bot	_	_	
111-4	69393-69396	der	_	_	
111-5	69397-69398	"	_	_	
111-6	69399-69422	Astron"-Geschäftsführer	_	_	
111-7	69423-69429	durchs	_	_	
111-8	69430-69437	Telefon	_	_	
111-9	69438-69441	und	_	_	
111-10	69442-69452	erkundigte	_	_	
111-11	69453-69457	sich	_	_	
111-12	69458-69462	nach	_	_	
111-13	69463-69466	dem	_	_	
111-14	69467-69474	Zustand	_	_	
111-15	69475-69478	der	_	_	
111-16	69479-69480	"	_	_	
111-17	69481-69486	Girls	_	_	
111-18	69487-69488	"	_	_	
111-19	69489-69492	auf	_	_	
111-20	69493-69496	St.	_	_	
111-21	69497-69502	Pauli	_	_	
111-22	69503-69504	:	_	_	
111-23	69505-69506	"	_	_	
111-24	69507-69509	Im	_	_	
111-25	69510-69517	übrigen	_	_	
111-26	69518-69524	können	_	_	
111-27	69525-69528	Sie	_	_	
111-28	69529-69532	den	_	_	
111-29	69533-69539	Kerlen	_	_	
111-30	69540-69545	sagen	_	_	
111-31	69546-69547	,	_	_	
111-32	69548-69551	daß	_	_	
111-33	69552-69555	sie	_	_	
111-34	69556-69562	keinen	_	_	
111-35	69563-69567	Cent	_	_	
111-36	69568-69575	kriegen	_	_	
111-37	69576-69577	,	_	_	
111-38	69578-69582	wenn	_	_	
111-39	69583-69586	sie	_	_	
111-40	69587-69590	von	*->56-1	non-literal-mwe[56]	
111-41	69591-69595	Bord	*->56-2	*[56]	
111-42	69596-69601	gehen	*->56-3	*[56]	
111-43	69602-69603	.	_	_	

#Text=Damit geht auch der letzte starke Mann der bisherigen politischen Führung Algeriens von Bord .
113-1	70134-70139	Damit	_	_	
113-2	70140-70144	geht	*->57-1	non-literal-mwe[57]	
113-3	70145-70149	auch	_	_	
113-4	70150-70153	der	_	_	
113-5	70154-70160	letzte	_	_	
113-6	70161-70167	starke	_	_	
113-7	70168-70172	Mann	_	_	
113-8	70173-70176	der	_	_	
113-9	70177-70187	bisherigen	_	_	
113-10	70188-70199	politischen	_	_	
113-11	70200-70207	Führung	_	_	
113-12	70208-70217	Algeriens	_	_	
113-13	70218-70221	von	*->57-2	*[57]	
113-14	70222-70226	Bord	*->57-3	*[57]	
113-15	70227-70228	.	_	_	

#Text=Doch dazu sehen sie sich körperlich nicht in der Lage und gehen von Bord .
115-1	70722-70726	Doch	_	_	
115-2	70727-70731	dazu	_	_	
115-3	70732-70737	sehen	_	_	
115-4	70738-70741	sie	_	_	
115-5	70742-70746	sich	_	_	
115-6	70747-70757	körperlich	_	_	
115-7	70758-70763	nicht	_	_	
115-8	70764-70766	in	_	_	
115-9	70767-70770	der	_	_	
115-10	70771-70775	Lage	_	_	
115-11	70776-70779	und	_	_	
115-12	70780-70785	gehen	*->58-1	literal[58]	
115-13	70786-70789	von	*->58-2	*[58]	
115-14	70790-70794	Bord	*->58-3	*[58]	
115-15	70795-70796	.	_	_	

#Text=Von Zeit zu Zeit legen wir irgendwo an , Leute gehen von Bord , Kisten werden entladen , Säcke mit Karitbutter , Zucker , all die Waren , die anders nicht in den Norden gelangen .
117-1	71612-71615	Von	_	_	
117-2	71616-71620	Zeit	_	_	
117-3	71621-71623	zu	_	_	
117-4	71624-71628	Zeit	_	_	
117-5	71629-71634	legen	_	_	
117-6	71635-71638	wir	_	_	
117-7	71639-71647	irgendwo	_	_	
117-8	71648-71650	an	_	_	
117-9	71651-71652	,	_	_	
117-10	71653-71658	Leute	_	_	
117-11	71659-71664	gehen	*->59-1	literal[59]	
117-12	71665-71668	von	*->59-2	*[59]	
117-13	71669-71673	Bord	*->59-3	*[59]	
117-14	71674-71675	,	_	_	
117-15	71676-71682	Kisten	_	_	
117-16	71683-71689	werden	_	_	
117-17	71690-71698	entladen	_	_	
117-18	71699-71700	,	_	_	
117-19	71701-71706	Säcke	_	_	
117-20	71707-71710	mit	_	_	
117-21	71711-71722	Karitbutter	_	_	
117-22	71723-71724	,	_	_	
117-23	71725-71731	Zucker	_	_	
117-24	71732-71733	,	_	_	
117-25	71734-71737	all	_	_	
117-26	71738-71741	die	_	_	
117-27	71742-71747	Waren	_	_	
117-28	71748-71749	,	_	_	
117-29	71750-71753	die	_	_	
117-30	71754-71760	anders	_	_	
117-31	71761-71766	nicht	_	_	
117-32	71767-71769	in	_	_	
117-33	71770-71773	den	_	_	
117-34	71774-71780	Norden	_	_	
117-35	71781-71789	gelangen	_	_	
117-36	71790-71791	.	_	_	

#Text=Der chinesische Kapitän hatte weder die Maschinen gestoppt noch den Anker geworfen , als er als letzter von Bord ging .
119-1	72064-72067	Der	_	_	
119-2	72068-72079	chinesische	_	_	
119-3	72080-72087	Kapitän	_	_	
119-4	72088-72093	hatte	_	_	
119-5	72094-72099	weder	_	_	
119-6	72100-72103	die	_	_	
119-7	72104-72113	Maschinen	_	_	
119-8	72114-72122	gestoppt	_	_	
119-9	72123-72127	noch	_	_	
119-10	72128-72131	den	_	_	
119-11	72132-72137	Anker	_	_	
119-12	72138-72146	geworfen	_	_	
119-13	72147-72148	,	_	_	
119-14	72149-72152	als	_	_	
119-15	72153-72155	er	_	_	
119-16	72156-72159	als	_	_	
119-17	72160-72167	letzter	_	_	
119-18	72168-72171	von	*->60-1	literal[60]	
119-19	72172-72176	Bord	*->60-2	*[60]	
119-20	72177-72181	ging	*->60-3	*[60]	
119-21	72182-72183	.	_	_	

#Text=Meinen schüchternen Einwand , daß Kolumbus nach 72 Tagen auf der gleichen Route a ) am falschen Platz und b ) skorbutbedingt ein paar Zähne leichter von Bord ging , quittierte die Gefährtin mit dem lapidaren Bescheid : " Wenn du das so toll findest , dann lern doch segeln !
121-1	72757-72763	Meinen	_	_	
121-2	72764-72776	schüchternen	_	_	
121-3	72777-72784	Einwand	_	_	
121-4	72785-72786	,	_	_	
121-5	72787-72790	daß	_	_	
121-6	72791-72799	Kolumbus	_	_	
121-7	72800-72804	nach	_	_	
121-8	72805-72807	72	_	_	
121-9	72808-72813	Tagen	_	_	
121-10	72814-72817	auf	_	_	
121-11	72818-72821	der	_	_	
121-12	72822-72830	gleichen	_	_	
121-13	72831-72836	Route	_	_	
121-14	72837-72838	a	_	_	
121-15	72839-72840	)	_	_	
121-16	72841-72843	am	_	_	
121-17	72844-72852	falschen	_	_	
121-18	72853-72858	Platz	_	_	
121-19	72859-72862	und	_	_	
121-20	72863-72864	b	_	_	
121-21	72865-72866	)	_	_	
121-22	72867-72881	skorbutbedingt	_	_	
121-23	72882-72885	ein	_	_	
121-24	72886-72890	paar	_	_	
121-25	72891-72896	Zähne	_	_	
121-26	72897-72905	leichter	_	_	
121-27	72906-72909	von	*->61-1	literal[61]	
121-28	72910-72914	Bord	*->61-2	*[61]	
121-29	72915-72919	ging	*->61-3	*[61]	
121-30	72920-72921	,	_	_	
121-31	72922-72932	quittierte	_	_	
121-32	72933-72936	die	_	_	
121-33	72937-72946	Gefährtin	_	_	
121-34	72947-72950	mit	_	_	
121-35	72951-72954	dem	_	_	
121-36	72955-72964	lapidaren	_	_	
121-37	72965-72973	Bescheid	_	_	
121-38	72974-72975	:	_	_	
121-39	72976-72977	"	_	_	
121-40	72978-72982	Wenn	_	_	
121-41	72983-72985	du	_	_	
121-42	72986-72989	das	_	_	
121-43	72990-72992	so	_	_	
121-44	72993-72997	toll	_	_	
121-45	72998-73005	findest	_	_	
121-46	73006-73007	,	_	_	
121-47	73008-73012	dann	_	_	
121-48	73013-73017	lern	_	_	
121-49	73018-73022	doch	_	_	
121-50	73023-73029	segeln	_	_	
121-51	73030-73031	!	_	_	

#Text=Paris ( taz ) - Weil sie " profranzösisch " sind , mußten der togolesische und der kongolesische Staatschef von Bord der " Outeniqua " gehen .
123-1	75006-75011	Paris	_	_	
123-2	75012-75013	(	_	_	
123-3	75014-75017	taz	_	_	
123-4	75018-75019	)	_	_	
123-5	75020-75021	-	_	_	
123-6	75022-75026	Weil	_	_	
123-7	75027-75030	sie	_	_	
123-8	75031-75032	"	_	_	
123-9	75033-75047	profranzösisch	_	_	
123-10	75048-75049	"	_	_	
123-11	75050-75054	sind	_	_	
123-12	75055-75056	,	_	_	
123-13	75057-75063	mußten	_	_	
123-14	75064-75067	der	_	_	
123-15	75068-75080	togolesische	_	_	
123-16	75081-75084	und	_	_	
123-17	75085-75088	der	_	_	
123-18	75089-75102	kongolesische	_	_	
123-19	75103-75113	Staatschef	_	_	
123-20	75114-75117	von	*->62-1	literal[62]	
123-21	75118-75122	Bord	*->62-2	*[62]	
123-22	75123-75126	der	_	_	
123-23	75127-75128	"	_	_	
123-24	75129-75138	Outeniqua	_	_	
123-25	75139-75140	"	_	_	
123-26	75141-75146	gehen	*->62-3	*[62]	
123-27	75147-75148	.	_	_	

#Text=Und der Schriftsteller Adolf Muschg schniefte : " Der Lotse geht von Bord .
125-1	75687-75690	Und	_	_	
125-2	75691-75694	der	_	_	
125-3	75695-75709	Schriftsteller	_	_	
125-4	75710-75715	Adolf	_	_	
125-5	75716-75722	Muschg	_	_	
125-6	75723-75732	schniefte	_	_	
125-7	75733-75734	:	_	_	
125-8	75735-75736	"	_	_	
125-9	75737-75740	Der	_	_	
125-10	75741-75746	Lotse	_	_	
125-11	75747-75751	geht	*->63-1	non-literal-mwe[63]	
125-12	75752-75755	von	*->63-2	*[63]	
125-13	75756-75760	Bord	*->63-3	*[63]	
125-14	75761-75762	.	_	_	

#Text=Sie wollten am liebsten sofort von Bord gehen , sobald sie ihre ausstehende Heuer von 90.000 Dollar bekommen haben .
127-1	76381-76384	Sie	_	_	
127-2	76385-76392	wollten	_	_	
127-3	76393-76395	am	_	_	
127-4	76396-76404	liebsten	_	_	
127-5	76405-76411	sofort	_	_	
127-6	76412-76415	von	*->64-1	literal[64]	
127-7	76416-76420	Bord	*->64-2	*[64]	
127-8	76421-76426	gehen	*->64-3	*[64]	
127-9	76427-76428	,	_	_	
127-10	76429-76435	sobald	_	_	
127-11	76436-76439	sie	_	_	
127-12	76440-76444	ihre	_	_	
127-13	76445-76456	ausstehende	_	_	
127-14	76457-76462	Heuer	_	_	
127-15	76463-76466	von	_	_	
127-16	76467-76473	90.000	_	_	
127-17	76474-76480	Dollar	_	_	
127-18	76481-76489	bekommen	_	_	
127-19	76490-76495	haben	_	_	
127-20	76496-76497	.	_	_	

#Text=Mit zwanzig Dollar in der Tasche ging er an der Pazifikküste von Bord .
129-1	77060-77063	Mit	_	_	
129-2	77064-77071	zwanzig	_	_	
129-3	77072-77078	Dollar	_	_	
129-4	77079-77081	in	_	_	
129-5	77082-77085	der	_	_	
129-6	77086-77092	Tasche	_	_	
129-7	77093-77097	ging	*->65-1	literal[65]	
129-8	77098-77100	er	_	_	
129-9	77101-77103	an	_	_	
129-10	77104-77107	der	_	_	
129-11	77108-77120	Pazifikküste	_	_	
129-12	77121-77124	von	*->65-2	*[65]	
129-13	77125-77129	Bord	*->65-3	*[65]	
129-14	77130-77131	.	_	_	

#Text=Kurt Hammer , bisheriger Kanzler , geht nächsten Freitag von Bord .
131-1	77786-77790	Kurt	_	_	
131-2	77791-77797	Hammer	_	_	
131-3	77798-77799	,	_	_	
131-4	77800-77810	bisheriger	_	_	
131-5	77811-77818	Kanzler	_	_	
131-6	77819-77820	,	_	_	
131-7	77821-77825	geht	*->66-1	non-literal-mwe[66]	
131-8	77826-77834	nächsten	_	_	
131-9	77835-77842	Freitag	_	_	
131-10	77843-77846	von	*->66-2	*[66]	
131-11	77847-77851	Bord	*->66-3	*[66]	
131-12	77852-77853	.	_	_	

#Text=Wie Korrespondenten berichteten , gingen rund 80 Menschen von Bord .
133-1	78353-78356	Wie	_	_	
133-2	78357-78372	Korrespondenten	_	_	
133-3	78373-78384	berichteten	_	_	
133-4	78385-78386	,	_	_	
133-5	78387-78393	gingen	*->67-1	literal[67]	
133-6	78394-78398	rund	_	_	
133-7	78399-78401	80	_	_	
133-8	78402-78410	Menschen	_	_	
133-9	78411-78414	von	*->67-2	*[67]	
133-10	78415-78419	Bord	*->67-3	*[67]	
133-11	78420-78421	.	_	_	

#Text=Abtreten , von Bord gehen , das wäre wie eine Exmatrikulation .
135-1	78814-78822	Abtreten	_	_	
135-2	78823-78824	,	_	_	
135-3	78825-78828	von	*->68-1	non-literal-mwe[68]	
135-4	78829-78833	Bord	*->68-2	*[68]	
135-5	78834-78839	gehen	*->68-3	*[68]	
135-6	78840-78841	,	_	_	
135-7	78842-78845	das	_	_	
135-8	78846-78850	wäre	_	_	
135-9	78851-78854	wie	_	_	
135-10	78855-78859	eine	_	_	
135-11	78860-78875	Exmatrikulation	_	_	
135-12	78876-78877	.	_	_	

#Text=Dennoch wagt niemand , von Bord zu gehen oder selbst das Steuer zu ergreifen , um den Kurs zu wechseln .
137-1	79227-79234	Dennoch	_	_	
137-2	79235-79239	wagt	_	_	
137-3	79240-79247	niemand	_	_	
137-4	79248-79249	,	_	_	
137-5	79250-79253	von	*->69-1	non-literal-mwe[69]	
137-6	79254-79258	Bord	*->69-2	*[69]	
137-7	79259-79261	zu	_	_	
137-8	79262-79267	gehen	*->69-3	*[69]	
137-9	79268-79272	oder	_	_	
137-10	79273-79279	selbst	_	_	
137-11	79280-79283	das	_	_	
137-12	79284-79290	Steuer	_	_	
137-13	79291-79293	zu	_	_	
137-14	79294-79303	ergreifen	_	_	
137-15	79304-79305	,	_	_	
137-16	79306-79308	um	_	_	
137-17	79309-79312	den	_	_	
137-18	79313-79317	Kurs	_	_	
137-19	79318-79320	zu	_	_	
137-20	79321-79329	wechseln	_	_	
137-21	79330-79331	.	_	_	

#Text=Der Chefredakteur war bereits nach der dritten Ausgabe von Bord gegangen .
139-1	80261-80264	Der	_	_	
139-2	80265-80278	Chefredakteur	_	_	
139-3	80279-80282	war	_	_	
139-4	80283-80290	bereits	_	_	
139-5	80291-80295	nach	_	_	
139-6	80296-80299	der	_	_	
139-7	80300-80307	dritten	_	_	
139-8	80308-80315	Ausgabe	_	_	
139-9	80316-80319	von	*->70-1	non-literal-mwe[70]	
139-10	80320-80324	Bord	*->70-2	*[70]	
139-11	80325-80333	gegangen	*->70-3	*[70]	
139-12	80334-80335	.	_	_	

#Text=Doch nach Dieter Honisch , der bis 1997 die Neue Nationalgalerie 22 Jahre lang führte , geht mit Knopp im Januar 1998 der zweite Lotse von Bord des Museumstankers in den Ruhestand .
141-1	80823-80827	Doch	_	_	
141-2	80828-80832	nach	_	_	
141-3	80833-80839	Dieter	_	_	
141-4	80840-80847	Honisch	_	_	
141-5	80848-80849	,	_	_	
141-6	80850-80853	der	_	_	
141-7	80854-80857	bis	_	_	
141-8	80858-80862	1997	_	_	
141-9	80863-80866	die	_	_	
141-10	80867-80871	Neue	_	_	
141-11	80872-80887	Nationalgalerie	_	_	
141-12	80888-80890	22	_	_	
141-13	80891-80896	Jahre	_	_	
141-14	80897-80901	lang	_	_	
141-15	80902-80908	führte	_	_	
141-16	80909-80910	,	_	_	
141-17	80911-80915	geht	*->71-1	non-literal-mwe[71]	
141-18	80916-80919	mit	_	_	
141-19	80920-80925	Knopp	_	_	
141-20	80926-80928	im	_	_	
141-21	80929-80935	Januar	_	_	
141-22	80936-80940	1998	_	_	
141-23	80941-80944	der	_	_	
141-24	80945-80951	zweite	_	_	
141-25	80952-80957	Lotse	_	_	
141-26	80958-80961	von	*->71-2	*[71]	
141-27	80962-80966	Bord	*->71-3	*[71]	
141-28	80967-80970	des	_	_	
141-29	80971-80985	Museumstankers	_	_	
141-30	80986-80988	in	_	_	
141-31	80989-80992	den	_	_	
141-32	80993-81002	Ruhestand	_	_	
141-33	81003-81004	.	_	_	

#Text=Als kommandierender Offizier ging er als erster von Bord und bezifferte seine Überlebenschancen mit " fünfzig zu fünfzig " .
143-1	81685-81688	Als	_	_	
143-2	81689-81704	kommandierender	_	_	
143-3	81705-81713	Offizier	_	_	
143-4	81714-81718	ging	*->72-1	literal[72]	
143-5	81719-81721	er	_	_	
143-6	81722-81725	als	_	_	
143-7	81726-81732	erster	_	_	
143-8	81733-81736	von	*->72-2	*[72]	
143-9	81737-81741	Bord	*->72-3	*[72]	
143-10	81742-81745	und	_	_	
143-11	81746-81756	bezifferte	_	_	
143-12	81757-81762	seine	_	_	
143-13	81763-81780	Überlebenschancen	_	_	
143-14	81781-81784	mit	_	_	
143-15	81785-81786	"	_	_	
143-16	81787-81794	fünfzig	_	_	
143-17	81795-81797	zu	_	_	
143-18	81798-81805	fünfzig	_	_	
143-19	81806-81807	"	_	_	
143-20	81808-81809	.	_	_	

#Text=Die gefährlichste Klippe ist umschifft , die größten Löcher sind gestopft , das Schiff ist wieder auf Kurs , da geht der Lotse von Bord .
145-1	82874-82877	Die	_	_	
145-2	82878-82891	gefährlichste	_	_	
145-3	82892-82898	Klippe	_	_	
145-4	82899-82902	ist	_	_	
145-5	82903-82912	umschifft	_	_	
145-6	82913-82914	,	_	_	
145-7	82915-82918	die	_	_	
145-8	82919-82926	größten	_	_	
145-9	82927-82933	Löcher	_	_	
145-10	82934-82938	sind	_	_	
145-11	82939-82947	gestopft	_	_	
145-12	82948-82949	,	_	_	
145-13	82950-82953	das	_	_	
145-14	82954-82960	Schiff	_	_	
145-15	82961-82964	ist	_	_	
145-16	82965-82971	wieder	_	_	
145-17	82972-82975	auf	_	_	
145-18	82976-82980	Kurs	_	_	
145-19	82981-82982	,	_	_	
145-20	82983-82985	da	_	_	
145-21	82986-82990	geht	*->73-1	non-literal-mwe[73]	
145-22	82991-82994	der	_	_	
145-23	82995-83000	Lotse	_	_	
145-24	83001-83004	von	*->73-2	*[73]	
145-25	83005-83009	Bord	*->73-3	*[73]	
145-26	83010-83011	.	_	_	

#Text=Eine Maschine der französischen Fluggesellschaft Air Inter , die aus Marseille kam , wurde unmittelbar nach ihrer Landung in Algerien von der begonnenen Geiselnahme in der Air-France-Maschine informiert und startete sofort wieder , ohne ihre Passagiere von Bord gehen zu lassen oder die Maschine aufzutanken .
147-1	83645-83649	Eine	_	_	
147-2	83650-83658	Maschine	_	_	
147-3	83659-83662	der	_	_	
147-4	83663-83676	französischen	_	_	
147-5	83677-83693	Fluggesellschaft	_	_	
147-6	83694-83697	Air	_	_	
147-7	83698-83703	Inter	_	_	
147-8	83704-83705	,	_	_	
147-9	83706-83709	die	_	_	
147-10	83710-83713	aus	_	_	
147-11	83714-83723	Marseille	_	_	
147-12	83724-83727	kam	_	_	
147-13	83728-83729	,	_	_	
147-14	83730-83735	wurde	_	_	
147-15	83736-83747	unmittelbar	_	_	
147-16	83748-83752	nach	_	_	
147-17	83753-83758	ihrer	_	_	
147-18	83759-83766	Landung	_	_	
147-19	83767-83769	in	_	_	
147-20	83770-83778	Algerien	_	_	
147-21	83779-83782	von	_	_	
147-22	83783-83786	der	_	_	
147-23	83787-83797	begonnenen	_	_	
147-24	83798-83809	Geiselnahme	_	_	
147-25	83810-83812	in	_	_	
147-26	83813-83816	der	_	_	
147-27	83817-83836	Air-France-Maschine	_	_	
147-28	83837-83847	informiert	_	_	
147-29	83848-83851	und	_	_	
147-30	83852-83860	startete	_	_	
147-31	83861-83867	sofort	_	_	
147-32	83868-83874	wieder	_	_	
147-33	83875-83876	,	_	_	
147-34	83877-83881	ohne	_	_	
147-35	83882-83886	ihre	_	_	
147-36	83887-83897	Passagiere	_	_	
147-37	83898-83901	von	*->74-1	literal[74]	
147-38	83902-83906	Bord	*->74-2	*[74]	
147-39	83907-83912	gehen	*->74-3	*[74]	
147-40	83913-83915	zu	_	_	
147-41	83916-83922	lassen	_	_	
147-42	83923-83927	oder	_	_	
147-43	83928-83931	die	_	_	
147-44	83932-83940	Maschine	_	_	
147-45	83941-83952	aufzutanken	_	_	
147-46	83953-83954	.	_	_	

#Text=" Lauter Blech " und " theatre du pain " sind von Bord gegangen und haben viel Spektakuläres mitgenommen .
149-1	84607-84608	"	_	_	
149-2	84609-84615	Lauter	_	_	
149-3	84616-84621	Blech	_	_	
149-4	84622-84623	"	_	_	
149-5	84624-84627	und	_	_	
149-6	84628-84629	"	_	_	
149-7	84630-84637	theatre	_	_	
149-8	84638-84640	du	_	_	
149-9	84641-84645	pain	_	_	
149-10	84646-84647	"	_	_	
149-11	84648-84652	sind	_	_	
149-12	84653-84656	von	*->75-1	literal[75]	
149-13	84657-84661	Bord	*->75-2	*[75]	
149-14	84662-84670	gegangen	*->75-3	*[75]	
149-15	84671-84674	und	_	_	
149-16	84675-84680	haben	_	_	
149-17	84681-84685	viel	_	_	
149-18	84686-84699	Spektakuläres	_	_	
149-19	84700-84711	mitgenommen	_	_	
149-20	84712-84713	.	_	_	

#Text=Der taz-Reporter geht von Bord .
151-1	85419-85422	Der	_	_	
151-2	85423-85435	taz-Reporter	_	_	
151-3	85436-85440	geht	*->76-1	non-literal-mwe[76]	
151-4	85441-85444	von	*->76-2	*[76]	
151-5	85445-85449	Bord	*->76-3	*[76]	
151-6	85450-85451	.	_	_	

#Text=" Dann hat sie mich gegenüber einem Mädchen , das wir betreuten , regelrecht bloßgestellt : ' Wenn du glaubst , Ulrike kümmert sich nicht um dich , ruf mich an ' , sagte sie zu ihr , als sie von Bord ging und wir noch einige Wochen alleine weiterfuhren .
153-1	85704-85705	"	_	_	
153-2	85706-85710	Dann	_	_	
153-3	85711-85714	hat	_	_	
153-4	85715-85718	sie	_	_	
153-5	85719-85723	mich	_	_	
153-6	85724-85733	gegenüber	_	_	
153-7	85734-85739	einem	_	_	
153-8	85740-85747	Mädchen	_	_	
153-9	85748-85749	,	_	_	
153-10	85750-85753	das	_	_	
153-11	85754-85757	wir	_	_	
153-12	85758-85767	betreuten	_	_	
153-13	85768-85769	,	_	_	
153-14	85770-85780	regelrecht	_	_	
153-15	85781-85793	bloßgestellt	_	_	
153-16	85794-85795	:	_	_	
153-17	85796-85797	'	_	_	
153-18	85798-85802	Wenn	_	_	
153-19	85803-85805	du	_	_	
153-20	85806-85813	glaubst	_	_	
153-21	85814-85815	,	_	_	
153-22	85816-85822	Ulrike	_	_	
153-23	85823-85830	kümmert	_	_	
153-24	85831-85835	sich	_	_	
153-25	85836-85841	nicht	_	_	
153-26	85842-85844	um	_	_	
153-27	85845-85849	dich	_	_	
153-28	85850-85851	,	_	_	
153-29	85852-85855	ruf	_	_	
153-30	85856-85860	mich	_	_	
153-31	85861-85863	an	_	_	
153-32	85864-85865	'	_	_	
153-33	85866-85867	,	_	_	
153-34	85868-85873	sagte	_	_	
153-35	85874-85877	sie	_	_	
153-36	85878-85880	zu	_	_	
153-37	85881-85884	ihr	_	_	
153-38	85885-85886	,	_	_	
153-39	85887-85890	als	_	_	
153-40	85891-85894	sie	_	_	
153-41	85895-85898	von	*->77-1	literal[77]	
153-42	85899-85903	Bord	*->77-2	*[77]	
153-43	85904-85908	ging	*->77-3	*[77]	
153-44	85909-85912	und	_	_	
153-45	85913-85916	wir	_	_	
153-46	85917-85921	noch	_	_	
153-47	85922-85928	einige	_	_	
153-48	85929-85935	Wochen	_	_	
153-49	85936-85943	alleine	_	_	
153-50	85944-85956	weiterfuhren	_	_	
153-51	85957-85958	.	_	_	

#Text=Ludwigshafen ( dpa / AP / taz ) - Bei BASF geht es angeblich wieder aufwärts , nachdem im letzten Jahr 11.000 der vormals 123.000 Beschäftigten von Bord gehen mußten .
155-1	86214-86226	Ludwigshafen	_	_	
155-2	86227-86228	(	_	_	
155-3	86229-86232	dpa	_	_	
155-4	86233-86234	/	_	_	
155-5	86235-86237	AP	_	_	
155-6	86238-86239	/	_	_	
155-7	86240-86243	taz	_	_	
155-8	86244-86245	)	_	_	
155-9	86246-86247	-	_	_	
155-10	86248-86251	Bei	_	_	
155-11	86252-86256	BASF	_	_	
155-12	86257-86261	geht	_	_	
155-13	86262-86264	es	_	_	
155-14	86265-86274	angeblich	_	_	
155-15	86275-86281	wieder	_	_	
155-16	86282-86290	aufwärts	_	_	
155-17	86291-86292	,	_	_	
155-18	86293-86300	nachdem	_	_	
155-19	86301-86303	im	_	_	
155-20	86304-86311	letzten	_	_	
155-21	86312-86316	Jahr	_	_	
155-22	86317-86323	11.000	_	_	
155-23	86324-86327	der	_	_	
155-24	86328-86335	vormals	_	_	
155-25	86336-86343	123.000	_	_	
155-26	86344-86357	Beschäftigten	_	_	
155-27	86358-86361	von	*->78-1	non-literal-mwe[78]	
155-28	86362-86366	Bord	*->78-2	*[78]	
155-29	86367-86372	gehen	*->78-3	*[78]	
155-30	86373-86379	mußten	_	_	
155-31	86380-86381	.	_	_	

#Text=Der Lotse geht von Bord .
157-1	87026-87029	Der	_	_	
157-2	87030-87035	Lotse	_	_	
157-3	87036-87040	geht	*->79-1	non-literal-mwe[79]	
157-4	87041-87044	von	*->79-2	*[79]	
157-5	87045-87049	Bord	*->79-3	*[79]	
157-6	87050-87051	.	_	_	

#Text=Er wird bald wieder steigen , und die Leute werden froh sein , nicht von Bord gegangen zu sein .
159-1	87208-87210	Er	_	_	
159-2	87211-87215	wird	_	_	
159-3	87216-87220	bald	_	_	
159-4	87221-87227	wieder	_	_	
159-5	87228-87235	steigen	_	_	
159-6	87236-87237	,	_	_	
159-7	87238-87241	und	_	_	
159-8	87242-87245	die	_	_	
159-9	87246-87251	Leute	_	_	
159-10	87252-87258	werden	_	_	
159-11	87259-87263	froh	_	_	
159-12	87264-87268	sein	_	_	
159-13	87269-87270	,	_	_	
159-14	87271-87276	nicht	_	_	
159-15	87277-87280	von	*->80-1	non-literal-mwe[80]	
159-16	87281-87285	Bord	*->80-2	*[80]	
159-17	87286-87294	gegangen	*->80-3	*[80]	
159-18	87295-87297	zu	_	_	
159-19	87298-87302	sein	_	_	
159-20	87303-87304	.	_	_	

#Text=Die Seeleute dürfen zudem meist nicht von Bord gehen oder Kontakt mit der Außenwelt aufnehmen .
161-1	88977-88980	Die	_	_	
161-2	88981-88989	Seeleute	_	_	
161-3	88990-88996	dürfen	_	_	
161-4	88997-89002	zudem	_	_	
161-5	89003-89008	meist	_	_	
161-6	89009-89014	nicht	_	_	
161-7	89015-89018	von	*->81-1	literal[81]	
161-8	89019-89023	Bord	*->81-2	*[81]	
161-9	89024-89029	gehen	*->81-3	*[81]	
161-10	89030-89034	oder	_	_	
161-11	89035-89042	Kontakt	_	_	
161-12	89043-89046	mit	_	_	
161-13	89047-89050	der	_	_	
161-14	89051-89060	Außenwelt	_	_	
161-15	89061-89070	aufnehmen	_	_	
161-16	89071-89072	.	_	_	

#Text=In Larnaca durfte nur eine schwangere Frau von Bord gehen .
163-1	89562-89564	In	_	_	
163-2	89565-89572	Larnaca	_	_	
163-3	89573-89579	durfte	_	_	
163-4	89580-89583	nur	_	_	
163-5	89584-89588	eine	_	_	
163-6	89589-89599	schwangere	_	_	
163-7	89600-89604	Frau	_	_	
163-8	89605-89608	von	*->82-1	literal[82]	
163-9	89609-89613	Bord	*->82-2	*[82]	
163-10	89614-89619	gehen	*->82-3	*[82]	
163-11	89620-89621	.	_	_	

#Text=In Europa gehen Rafa und seine Kollegen daher nur selten von Bord .
165-1	90248-90250	In	_	_	
165-2	90251-90257	Europa	_	_	
165-3	90258-90263	gehen	*->83-1	literal[83]	
165-4	90264-90268	Rafa	_	_	
165-5	90269-90272	und	_	_	
165-6	90273-90278	seine	_	_	
165-7	90279-90287	Kollegen	_	_	
165-8	90288-90293	daher	_	_	
165-9	90294-90297	nur	_	_	
165-10	90298-90304	selten	_	_	
165-11	90305-90308	von	*->83-2	*[83]	
165-12	90309-90313	Bord	*->83-3	*[83]	
165-13	90314-90315	.	_	_	

#Text=Aber von Bord gehen im Hafen von Altwarp nicht etwa Besucher aus dem benachbarten Nowe Warpno .
167-1	91093-91097	Aber	_	_	
167-2	91098-91101	von	*->84-1	literal[84]	
167-3	91102-91106	Bord	*->84-2	*[84]	
167-4	91107-91112	gehen	*->84-3	*[84]	
167-5	91113-91115	im	_	_	
167-6	91116-91121	Hafen	_	_	
167-7	91122-91125	von	_	_	
167-8	91126-91133	Altwarp	_	_	
167-9	91134-91139	nicht	_	_	
167-10	91140-91144	etwa	_	_	
167-11	91145-91153	Besucher	_	_	
167-12	91154-91157	aus	_	_	
167-13	91158-91161	dem	_	_	
167-14	91162-91174	benachbarten	_	_	
167-15	91175-91179	Nowe	_	_	
167-16	91180-91186	Warpno	_	_	
167-17	91187-91188	.	_	_	

#Text=Wir können es uns nicht leisten , daß unsere Filmtalente von Bord gehen .
169-1	91826-91829	Wir	_	_	
169-2	91830-91836	können	_	_	
169-3	91837-91839	es	_	_	
169-4	91840-91843	uns	_	_	
169-5	91844-91849	nicht	_	_	
169-6	91850-91857	leisten	_	_	
169-7	91858-91859	,	_	_	
169-8	91860-91863	daß	_	_	
169-9	91864-91870	unsere	_	_	
169-10	91871-91882	Filmtalente	_	_	
169-11	91883-91886	von	*->85-1	non-literal-mwe[85]	
169-12	91887-91891	Bord	*->85-2	*[85]	
169-13	91892-91897	gehen	*->85-3	*[85]	
169-14	91898-91899	.	_	_	

#Text=Schließlich ging der Programmgeschäftsführer von Bord , und mit ihm kehrten seine Frau Elisabeth Ruge und Veit Heinichen Frankfurt den Rücken , bei S. Fischer zuständig für russisch- und englischsprachige Literatur beziehungsweise Marketing und Werbung .
171-1	92673-92684	Schließlich	_	_	
171-2	92685-92689	ging	*->86-1	non-literal-mwe[86]	
171-3	92690-92693	der	_	_	
171-4	92694-92717	Programmgeschäftsführer	_	_	
171-5	92718-92721	von	*->86-2	*[86]	
171-6	92722-92726	Bord	*->86-3	*[86]	
171-7	92727-92728	,	_	_	
171-8	92729-92732	und	_	_	
171-9	92733-92736	mit	_	_	
171-10	92737-92740	ihm	_	_	
171-11	92741-92748	kehrten	_	_	
171-12	92749-92754	seine	_	_	
171-13	92755-92759	Frau	_	_	
171-14	92760-92769	Elisabeth	_	_	
171-15	92770-92774	Ruge	_	_	
171-16	92775-92778	und	_	_	
171-17	92779-92783	Veit	_	_	
171-18	92784-92793	Heinichen	_	_	
171-19	92794-92803	Frankfurt	_	_	
171-20	92804-92807	den	_	_	
171-21	92808-92814	Rücken	_	_	
171-22	92815-92816	,	_	_	
171-23	92817-92820	bei	_	_	
171-24	92821-92823	S.	_	_	
171-25	92824-92831	Fischer	_	_	
171-26	92832-92841	zuständig	_	_	
171-27	92842-92845	für	_	_	
171-28	92846-92855	russisch-	_	_	
171-29	92856-92859	und	_	_	
171-30	92860-92877	englischsprachige	_	_	
171-31	92878-92887	Literatur	_	_	
171-32	92888-92903	beziehungsweise	_	_	
171-33	92904-92913	Marketing	_	_	
171-34	92914-92917	und	_	_	
171-35	92918-92925	Werbung	_	_	
171-36	92926-92927	.	_	_	

#Text=Kunze hat schon einmal in einer ähnlich gelagerten Sache öffentlich seinen Austritt erklärt : Als die Westberliner Akademie der Künste die En-bloc-Übernahme von Mitgliedern der Ostberliner Akademie beschlossen hatte , gehörte er mit Günter Kunert zu den ersten , die von Bord gingen .
173-1	93466-93471	Kunze	_	_	
173-2	93472-93475	hat	_	_	
173-3	93476-93481	schon	_	_	
173-4	93482-93488	einmal	_	_	
173-5	93489-93491	in	_	_	
173-6	93492-93497	einer	_	_	
173-7	93498-93505	ähnlich	_	_	
173-8	93506-93516	gelagerten	_	_	
173-9	93517-93522	Sache	_	_	
173-10	93523-93533	öffentlich	_	_	
173-11	93534-93540	seinen	_	_	
173-12	93541-93549	Austritt	_	_	
173-13	93550-93557	erklärt	_	_	
173-14	93558-93559	:	_	_	
173-15	93560-93563	Als	_	_	
173-16	93564-93567	die	_	_	
173-17	93568-93580	Westberliner	_	_	
173-18	93581-93589	Akademie	_	_	
173-19	93590-93593	der	_	_	
173-20	93594-93600	Künste	_	_	
173-21	93601-93604	die	_	_	
173-22	93605-93622	En-bloc-Übernahme	_	_	
173-23	93623-93626	von	_	_	
173-24	93627-93638	Mitgliedern	_	_	
173-25	93639-93642	der	_	_	
173-26	93643-93654	Ostberliner	_	_	
173-27	93655-93663	Akademie	_	_	
173-28	93664-93675	beschlossen	_	_	
173-29	93676-93681	hatte	_	_	
173-30	93682-93683	,	_	_	
173-31	93684-93691	gehörte	_	_	
173-32	93692-93694	er	_	_	
173-33	93695-93698	mit	_	_	
173-34	93699-93705	Günter	_	_	
173-35	93706-93712	Kunert	_	_	
173-36	93713-93715	zu	_	_	
173-37	93716-93719	den	_	_	
173-38	93720-93726	ersten	_	_	
173-39	93727-93728	,	_	_	
173-40	93729-93732	die	_	_	
173-41	93733-93736	von	*->87-1	non-literal-mwe[87]	
173-42	93737-93741	Bord	*->87-2	*[87]	
173-43	93742-93748	gingen	*->87-3	*[87]	
173-44	93749-93750	.	_	_	

#Text=Daran hindert sie auch nicht der schiffsmüde Kapitän , der eines Tages von Bord geht und ausgerechnet ihr das Kommando überträgt .
175-1	94788-94793	Daran	_	_	
175-2	94794-94801	hindert	_	_	
175-3	94802-94805	sie	_	_	
175-4	94806-94810	auch	_	_	
175-5	94811-94816	nicht	_	_	
175-6	94817-94820	der	_	_	
175-7	94821-94832	schiffsmüde	_	_	
175-8	94833-94840	Kapitän	_	_	
175-9	94841-94842	,	_	_	
175-10	94843-94846	der	_	_	
175-11	94847-94852	eines	_	_	
175-12	94853-94858	Tages	_	_	
175-13	94859-94862	von	*->88-1	literal[88]	
175-14	94863-94867	Bord	*->88-2	*[88]	
175-15	94868-94872	geht	*->88-3	*[88]	
175-16	94873-94876	und	_	_	
175-17	94877-94889	ausgerechnet	_	_	
175-18	94890-94893	ihr	_	_	
175-19	94894-94897	das	_	_	
175-20	94898-94906	Kommando	_	_	
175-21	94907-94916	überträgt	_	_	
175-22	94917-94918	.	_	_	

#Text=Fährmann Lafontaine ist von Bord gegangen - was passiert mit den Steuergesetzen , die er maßgeblich beeinflußt hat ?
177-1	95775-95783	Fährmann	_	_	
177-2	95784-95794	Lafontaine	_	_	
177-3	95795-95798	ist	_	_	
177-4	95799-95802	von	*->89-1	non-literal-mwe[89]	
177-5	95803-95807	Bord	*->89-2	*[89]	
177-6	95808-95816	gegangen	*->89-3	*[89]	
177-7	95817-95818	-	_	_	
177-8	95819-95822	was	_	_	
177-9	95823-95831	passiert	_	_	
177-10	95832-95835	mit	_	_	
177-11	95836-95839	den	_	_	
177-12	95840-95854	Steuergesetzen	_	_	
177-13	95855-95856	,	_	_	
177-14	95857-95860	die	_	_	
177-15	95861-95863	er	_	_	
177-16	95864-95874	maßgeblich	_	_	
177-17	95875-95885	beeinflußt	_	_	
177-18	95886-95889	hat	_	_	
177-19	95890-95891	?	_	_	

#Text=Der niederländische Finanzminister Gerrit Zalm sieht die Felle der Nettozahler bei den Agendaverhandlungen davonschwimmen , da der deutsche Zahlmeister mitten in der Ratspräsidentschaft grußlos von Bord gegangen ist .
179-1	96260-96263	Der	_	_	
179-2	96264-96279	niederländische	_	_	
179-3	96280-96294	Finanzminister	_	_	
179-4	96295-96301	Gerrit	_	_	
179-5	96302-96306	Zalm	_	_	
179-6	96307-96312	sieht	_	_	
179-7	96313-96316	die	_	_	
179-8	96317-96322	Felle	_	_	
179-9	96323-96326	der	_	_	
179-10	96327-96338	Nettozahler	_	_	
179-11	96339-96342	bei	_	_	
179-12	96343-96346	den	_	_	
179-13	96347-96366	Agendaverhandlungen	_	_	
179-14	96367-96381	davonschwimmen	_	_	
179-15	96382-96383	,	_	_	
179-16	96384-96386	da	_	_	
179-17	96387-96390	der	_	_	
179-18	96391-96399	deutsche	_	_	
179-19	96400-96411	Zahlmeister	_	_	
179-20	96412-96418	mitten	_	_	
179-21	96419-96421	in	_	_	
179-22	96422-96425	der	_	_	
179-23	96426-96445	Ratspräsidentschaft	_	_	
179-24	96446-96453	grußlos	_	_	
179-25	96454-96457	von	*->90-1	non-literal-mwe[90]	
179-26	96458-96462	Bord	*->90-2	*[90]	
179-27	96463-96471	gegangen	*->90-3	*[90]	
179-28	96472-96475	ist	_	_	
179-29	96476-96477	.	_	_	

#Text=Die Kämpfer für das gute Essen wollen die Archeprodukte , ihre Hersteller und Vertriebswege bekanntmachen und ihren Absatz ankurbeln , damit irgendwann , so die Hoffnung von Kommissionsmitglied Wolfgang Schwöppe , Passagier für Passagier langsam wieder von Bord gehen kann .
181-1	97122-97125	Die	_	_	
181-2	97126-97133	Kämpfer	_	_	
181-3	97134-97137	für	_	_	
181-4	97138-97141	das	_	_	
181-5	97142-97146	gute	_	_	
181-6	97147-97152	Essen	_	_	
181-7	97153-97159	wollen	_	_	
181-8	97160-97163	die	_	_	
181-9	97164-97177	Archeprodukte	_	_	
181-10	97178-97179	,	_	_	
181-11	97180-97184	ihre	_	_	
181-12	97185-97195	Hersteller	_	_	
181-13	97196-97199	und	_	_	
181-14	97200-97213	Vertriebswege	_	_	
181-15	97214-97227	bekanntmachen	_	_	
181-16	97228-97231	und	_	_	
181-17	97232-97237	ihren	_	_	
181-18	97238-97244	Absatz	_	_	
181-19	97245-97254	ankurbeln	_	_	
181-20	97255-97256	,	_	_	
181-21	97257-97262	damit	_	_	
181-22	97263-97273	irgendwann	_	_	
181-23	97274-97275	,	_	_	
181-24	97276-97278	so	_	_	
181-25	97279-97282	die	_	_	
181-26	97283-97291	Hoffnung	_	_	
181-27	97292-97295	von	_	_	
181-28	97296-97315	Kommissionsmitglied	_	_	
181-29	97316-97324	Wolfgang	_	_	
181-30	97325-97333	Schwöppe	_	_	
181-31	97334-97335	,	_	_	
181-32	97336-97345	Passagier	_	_	
181-33	97346-97349	für	_	_	
181-34	97350-97359	Passagier	_	_	
181-35	97360-97367	langsam	_	_	
181-36	97368-97374	wieder	_	_	
181-37	97375-97378	von	*->91-1	non-literal-mwe[91]	
181-38	97379-97383	Bord	*->91-2	*[91]	
181-39	97384-97389	gehen	*->91-3	*[91]	
181-40	97390-97394	kann	_	_	
181-41	97395-97396	.	_	_	

#Text=Geht das Land nun von Bord , indem es das Verfahren " aussetzt " , ist jede Debatte schon jetzt Makulatur .
183-1	97834-97838	Geht	*->92-1	non-literal-mwe[92]	
183-2	97839-97842	das	_	_	
183-3	97843-97847	Land	_	_	
183-4	97848-97851	nun	_	_	
183-5	97852-97855	von	*->92-2	*[92]	
183-6	97856-97860	Bord	*->92-3	*[92]	
183-7	97861-97862	,	_	_	
183-8	97863-97868	indem	_	_	
183-9	97869-97871	es	_	_	
183-10	97872-97875	das	_	_	
183-11	97876-97885	Verfahren	_	_	
183-12	97886-97887	"	_	_	
183-13	97888-97896	aussetzt	_	_	
183-14	97897-97898	"	_	_	
183-15	97899-97900	,	_	_	
183-16	97901-97904	ist	_	_	
183-17	97905-97909	jede	_	_	
183-18	97910-97917	Debatte	_	_	
183-19	97918-97923	schon	_	_	
183-20	97924-97929	jetzt	_	_	
183-21	97930-97939	Makulatur	_	_	
183-22	97940-97941	.	_	_	

#Text=Im Mai 1939 ging die Berlinerin , aus Deutschland kommend , im Hafen von Buenos Aires von Bord .
185-1	98559-98561	Im	_	_	
185-2	98562-98565	Mai	_	_	
185-3	98566-98570	1939	_	_	
185-4	98571-98575	ging	*->93-1	literal[93]	
185-5	98576-98579	die	_	_	
185-6	98580-98590	Berlinerin	_	_	
185-7	98591-98592	,	_	_	
185-8	98593-98596	aus	_	_	
185-9	98597-98608	Deutschland	_	_	
185-10	98609-98616	kommend	_	_	
185-11	98617-98618	,	_	_	
185-12	98619-98621	im	_	_	
185-13	98622-98627	Hafen	_	_	
185-14	98628-98631	von	_	_	
185-15	98632-98638	Buenos	_	_	
185-16	98639-98644	Aires	_	_	
185-17	98645-98648	von	*->93-2	*[93]	
185-18	98649-98653	Bord	*->93-3	*[93]	
185-19	98654-98655	.	_	_	

