#Text=Sechs Wochen ist es her , daß die " Wilde Wutz " , so der Name der Besetzer , ihre Zelte auf dem Gelände am Spreebogen aufschlugen , um einen Abriß der halb verfallenen Häuser zu verhindern .
1-1	0-5	Sechs	_	_	
1-2	6-12	Wochen	_	_	
1-3	13-16	ist	_	_	
1-4	17-19	es	_	_	
1-5	20-23	her	_	_	
1-6	24-25	,	_	_	
1-7	26-29	daß	_	_	
1-8	30-33	die	_	_	
1-9	34-35	"	_	_	
1-10	36-41	Wilde	_	_	
1-11	42-46	Wutz	_	_	
1-12	47-48	"	_	_	
1-13	49-50	,	_	_	
1-14	51-53	so	_	_	
1-15	54-57	der	_	_	
1-16	58-62	Name	_	_	
1-17	63-66	der	_	_	
1-18	67-75	Besetzer	_	_	
1-19	76-77	,	_	_	
1-20	78-82	ihre	_	_	
1-21	83-88	Zelte	*->1-1	literal[1]	
1-22	89-92	auf	_	_	
1-23	93-96	dem	_	_	
1-24	97-104	Gelände	_	_	
1-25	105-107	am	_	_	
1-26	108-118	Spreebogen	_	_	
1-27	119-130	aufschlugen	*->1-2	*[1]	
1-28	131-132	,	_	_	
1-29	133-135	um	_	_	
1-30	136-141	einen	_	_	
1-31	142-147	Abriß	_	_	
1-32	148-151	der	_	_	
1-33	152-156	halb	_	_	
1-34	157-168	verfallenen	_	_	
1-35	169-175	Häuser	_	_	
1-36	176-178	zu	_	_	
1-37	179-189	verhindern	_	_	
1-38	190-191	.	_	_	

#Text=Zwischen dem Meer aus roten Fahnen , die symbolisch den Platz weiterbesetzen , haben die verbliebenen Studenten Zelte aufgeschlagen .
3-1	763-771	Zwischen	_	_	
3-2	772-775	dem	_	_	
3-3	776-780	Meer	_	_	
3-4	781-784	aus	_	_	
3-5	785-790	roten	_	_	
3-6	791-797	Fahnen	_	_	
3-7	798-799	,	_	_	
3-8	800-803	die	_	_	
3-9	804-814	symbolisch	_	_	
3-10	815-818	den	_	_	
3-11	819-824	Platz	_	_	
3-12	825-839	weiterbesetzen	_	_	
3-13	840-841	,	_	_	
3-14	842-847	haben	_	_	
3-15	848-851	die	_	_	
3-16	852-864	verbliebenen	_	_	
3-17	865-874	Studenten	_	_	
3-18	875-880	Zelte	*->2-1	literal[2]	
3-19	881-894	aufgeschlagen	*->2-2	*[2]	
3-20	895-896	.	_	_	

#Text=Auf dem Tiananmen wurden gestern zusätzliche Zelte aufgeschlagen und mit Lastwagen Vorräte herbeigeschafft .
5-1	2350-2353	Auf	_	_	
5-2	2354-2357	dem	_	_	
5-3	2358-2367	Tiananmen	_	_	
5-4	2368-2374	wurden	_	_	
5-5	2375-2382	gestern	_	_	
5-6	2383-2394	zusätzliche	_	_	
5-7	2395-2400	Zelte	*->3-1	literal[3]	
5-8	2401-2414	aufgeschlagen	*->3-2	*[3]	
5-9	2415-2418	und	_	_	
5-10	2419-2422	mit	_	_	
5-11	2423-2432	Lastwagen	_	_	
5-12	2433-2440	Vorräte	_	_	
5-13	2441-2456	herbeigeschafft	_	_	
5-14	2457-2458	.	_	_	

#Text=Die BesetzerInnen der Oranienstraße 192 , die - nachdem die Polizei sie am Samstag früh geräumt hatte - ihre Zelte auf dem Mariannenplatz aufgeschlagen haben , sind sich sicher : " Wir werden hier sowieso geräumt " , prophezeit einer der rund 35 BesetzerInnen düster und beklagt das Desinteresse des Bezirksamtes an ihrer Situation .
7-1	3153-3156	Die	_	_	
7-2	3157-3170	BesetzerInnen	_	_	
7-3	3171-3174	der	_	_	
7-4	3175-3188	Oranienstraße	_	_	
7-5	3189-3192	192	_	_	
7-6	3193-3194	,	_	_	
7-7	3195-3198	die	_	_	
7-8	3199-3200	-	_	_	
7-9	3201-3208	nachdem	_	_	
7-10	3209-3212	die	_	_	
7-11	3213-3220	Polizei	_	_	
7-12	3221-3224	sie	_	_	
7-13	3225-3227	am	_	_	
7-14	3228-3235	Samstag	_	_	
7-15	3236-3240	früh	_	_	
7-16	3241-3248	geräumt	_	_	
7-17	3249-3254	hatte	_	_	
7-18	3255-3256	-	_	_	
7-19	3257-3261	ihre	_	_	
7-20	3262-3267	Zelte	*->4-1	literal[4]	
7-21	3268-3271	auf	_	_	
7-22	3272-3275	dem	_	_	
7-23	3276-3290	Mariannenplatz	_	_	
7-24	3291-3304	aufgeschlagen	*->4-2	*[4]	
7-25	3305-3310	haben	_	_	
7-26	3311-3312	,	_	_	
7-27	3313-3317	sind	_	_	
7-28	3318-3322	sich	_	_	
7-29	3323-3329	sicher	_	_	
7-30	3330-3331	:	_	_	
7-31	3332-3333	"	_	_	
7-32	3334-3337	Wir	_	_	
7-33	3338-3344	werden	_	_	
7-34	3345-3349	hier	_	_	
7-35	3350-3357	sowieso	_	_	
7-36	3358-3365	geräumt	_	_	
7-37	3366-3367	"	_	_	
7-38	3368-3369	,	_	_	
7-39	3370-3380	prophezeit	_	_	
7-40	3381-3386	einer	_	_	
7-41	3387-3390	der	_	_	
7-42	3391-3395	rund	_	_	
7-43	3396-3398	35	_	_	
7-44	3399-3412	BesetzerInnen	_	_	
7-45	3413-3419	düster	_	_	
7-46	3420-3423	und	_	_	
7-47	3424-3431	beklagt	_	_	
7-48	3432-3435	das	_	_	
7-49	3436-3448	Desinteresse	_	_	
7-50	3449-3452	des	_	_	
7-51	3453-3465	Bezirksamtes	_	_	
7-52	3466-3468	an	_	_	
7-53	3469-3474	ihrer	_	_	
7-54	3475-3484	Situation	_	_	
7-55	3485-3486	.	_	_	

#Text=Elf Personen haben bereits vor drei Monaten dort wegen Obdachlosigkeit ihre Zelte aufgeschlagen .
9-1	4720-4723	Elf	_	_	
9-2	4724-4732	Personen	_	_	
9-3	4733-4738	haben	_	_	
9-4	4739-4746	bereits	_	_	
9-5	4747-4750	vor	_	_	
9-6	4751-4755	drei	_	_	
9-7	4756-4763	Monaten	_	_	
9-8	4764-4768	dort	_	_	
9-9	4769-4774	wegen	_	_	
9-10	4775-4790	Obdachlosigkeit	_	_	
9-11	4791-4795	ihre	_	_	
9-12	4796-4801	Zelte	*->5-1	literal[5]	
9-13	4802-4815	aufgeschlagen	*->5-2	*[5]	
9-14	4816-4817	.	_	_	

#Text=Nicht zuletzt ist da noch die Frage , wo denn der Zirkus Karajani 1991 seine Zelte aufschlagen soll , wenn der Scharounbau wegen Asbests geschlossen wird .
11-1	5558-5563	Nicht	_	_	
11-2	5564-5571	zuletzt	_	_	
11-3	5572-5575	ist	_	_	
11-4	5576-5578	da	_	_	
11-5	5579-5583	noch	_	_	
11-6	5584-5587	die	_	_	
11-7	5588-5593	Frage	_	_	
11-8	5594-5595	,	_	_	
11-9	5596-5598	wo	_	_	
11-10	5599-5603	denn	_	_	
11-11	5604-5607	der	_	_	
11-12	5608-5614	Zirkus	_	_	
11-13	5615-5623	Karajani	_	_	
11-14	5624-5628	1991	_	_	
11-15	5629-5634	seine	_	_	
11-16	5635-5640	Zelte	*->6-1	literal[6]	
11-17	5641-5652	aufschlagen	*->6-2	*[6]	
11-18	5653-5657	soll	_	_	
11-19	5658-5659	,	_	_	
11-20	5660-5664	wenn	_	_	
11-21	5665-5668	der	_	_	
11-22	5669-5680	Scharounbau	_	_	
11-23	5681-5686	wegen	_	_	
11-24	5687-5694	Asbests	_	_	
11-25	5695-5706	geschlossen	_	_	
11-26	5707-5711	wird	_	_	
11-27	5712-5713	.	_	_	

#Text=Direkt hinter dem Garten des örtlichen Heizungsunternehmens Jürgens haben Bundeswehr-Soldaten zwei Zelte in den morastigen Wiesen aufgeschlagen , einen Steinwurf entfernt kampieren britische Wachmannschaften .
13-1	6270-6276	Direkt	_	_	
13-2	6277-6283	hinter	_	_	
13-3	6284-6287	dem	_	_	
13-4	6288-6294	Garten	_	_	
13-5	6295-6298	des	_	_	
13-6	6299-6308	örtlichen	_	_	
13-7	6309-6329	Heizungsunternehmens	_	_	
13-8	6330-6337	Jürgens	_	_	
13-9	6338-6343	haben	_	_	
13-10	6344-6363	Bundeswehr-Soldaten	_	_	
13-11	6364-6368	zwei	_	_	
13-12	6369-6374	Zelte	*->7-1	literal[7]	
13-13	6375-6377	in	_	_	
13-14	6378-6381	den	_	_	
13-15	6382-6392	morastigen	_	_	
13-16	6393-6399	Wiesen	_	_	
13-17	6400-6413	aufgeschlagen	*->7-2	*[7]	
13-18	6414-6415	,	_	_	
13-19	6416-6421	einen	_	_	
13-20	6422-6431	Steinwurf	_	_	
13-21	6432-6440	entfernt	_	_	
13-22	6441-6450	kampieren	_	_	
13-23	6451-6460	britische	_	_	
13-24	6461-6477	Wachmannschaften	_	_	
13-25	6478-6479	.	_	_	

#Text=Am Ufer des Flusses , der entlang der Schotterpiste verläuft , sind einige Zelte aufgeschlagen .
15-1	7287-7289	Am	_	_	
15-2	7290-7294	Ufer	_	_	
15-3	7295-7298	des	_	_	
15-4	7299-7306	Flusses	_	_	
15-5	7307-7308	,	_	_	
15-6	7309-7312	der	_	_	
15-7	7313-7320	entlang	_	_	
15-8	7321-7324	der	_	_	
15-9	7325-7338	Schotterpiste	_	_	
15-10	7339-7347	verläuft	_	_	
15-11	7348-7349	,	_	_	
15-12	7350-7354	sind	_	_	
15-13	7355-7361	einige	_	_	
15-14	7362-7367	Zelte	*->8-1	literal[8]	
15-15	7368-7381	aufgeschlagen	*->8-2	*[8]	
15-16	7382-7383	.	_	_	

#Text=Mit John Steinbecks The Pearl eröffnete das " Footsbarn Travelling Theatre " am Freitag abend die " Mir Karawane " , das internationale Festival freier Theatergruppen , das bis zum 30 . Juli seine Zelte in West-Berlin zwischen Siegessäule und Brandenburger Tor aufgeschlagen hat .
17-1	8318-8321	Mit	_	_	
17-2	8322-8326	John	_	_	
17-3	8327-8337	Steinbecks	_	_	
17-4	8338-8341	The	_	_	
17-5	8342-8347	Pearl	_	_	
17-6	8348-8357	eröffnete	_	_	
17-7	8358-8361	das	_	_	
17-8	8362-8363	"	_	_	
17-9	8364-8373	Footsbarn	_	_	
17-10	8374-8384	Travelling	_	_	
17-11	8385-8392	Theatre	_	_	
17-12	8393-8394	"	_	_	
17-13	8395-8397	am	_	_	
17-14	8398-8405	Freitag	_	_	
17-15	8406-8411	abend	_	_	
17-16	8412-8415	die	_	_	
17-17	8416-8417	"	_	_	
17-18	8418-8421	Mir	_	_	
17-19	8422-8430	Karawane	_	_	
17-20	8431-8432	"	_	_	
17-21	8433-8434	,	_	_	
17-22	8435-8438	das	_	_	
17-23	8439-8453	internationale	_	_	
17-24	8454-8462	Festival	_	_	
17-25	8463-8469	freier	_	_	
17-26	8470-8484	Theatergruppen	_	_	
17-27	8485-8486	,	_	_	
17-28	8487-8490	das	_	_	
17-29	8491-8494	bis	_	_	
17-30	8495-8498	zum	_	_	
17-31	8499-8501	30	_	_	
17-32	8502-8503	.	_	_	
17-33	8504-8508	Juli	_	_	
17-34	8509-8514	seine	_	_	
17-35	8515-8520	Zelte	*->9-1	literal[9]	
17-36	8521-8523	in	_	_	
17-37	8524-8535	West-Berlin	_	_	
17-38	8536-8544	zwischen	_	_	
17-39	8545-8556	Siegessäule	_	_	
17-40	8557-8560	und	_	_	
17-41	8561-8574	Brandenburger	_	_	
17-42	8575-8578	Tor	_	_	
17-43	8579-8592	aufgeschlagen	*->9-2	*[9]	
17-44	8593-8596	hat	_	_	
17-45	8597-8598	.	_	_	

#Text=Hunderte von Bergleuten sind Anfang Juli während der bundesweiten Ferienwochen der Bergarbeiter hergekommen und haben ihre Zelte und Wohnmobile im " Camp Solidarity " aufgeschlagen .
19-1	9095-9103	Hunderte	_	_	
19-2	9104-9107	von	_	_	
19-3	9108-9118	Bergleuten	_	_	
19-4	9119-9123	sind	_	_	
19-5	9124-9130	Anfang	_	_	
19-6	9131-9135	Juli	_	_	
19-7	9136-9143	während	_	_	
19-8	9144-9147	der	_	_	
19-9	9148-9160	bundesweiten	_	_	
19-10	9161-9173	Ferienwochen	_	_	
19-11	9174-9177	der	_	_	
19-12	9178-9190	Bergarbeiter	_	_	
19-13	9191-9202	hergekommen	_	_	
19-14	9203-9206	und	_	_	
19-15	9207-9212	haben	_	_	
19-16	9213-9217	ihre	_	_	
19-17	9218-9223	Zelte	*->10-1	literal[10]	
19-18	9224-9227	und	_	_	
19-19	9228-9238	Wohnmobile	_	_	
19-20	9239-9241	im	_	_	
19-21	9242-9243	"	_	_	
19-22	9244-9248	Camp	_	_	
19-23	9249-9259	Solidarity	_	_	
19-24	9260-9261	"	_	_	
19-25	9262-9275	aufgeschlagen	*->10-2	*[10]	
19-26	9276-9277	.	_	_	

#Text=In ihrer Verzweifelung planen sie stattdessen jetzt , auf dem Marktplatz demonstrativ ihr Zelt aufzuschlagen , um auf ihre Notlage aufmerksam zu machen .
1	_	In	_	_	
2	_	ihrer	_	_	
3	_	Verzweifelung	_	_	
4	_	planen	_	_	
5	_	sie	_	_	
6	_	stattdessen	_	_	
7	_	jetzt	_	_	
8	_	,	_	_	
9	_	auf	_	_	
10	_	dem	_	_	
11	_	Marktplatz	_	_	
12	_	demonstrativ	_	_	
13	_	ihr	_	_	
14	_	Zelt	*->11-1	literal[11]	
15	_	aufzuschlagen	*->11-2	*[11]	
16	_	,	_	_	
17	_	um	_	_	
18	_	auf	_	_	
19	_	ihre	_	_	
20	_	Notlage	_	_	
21	_	aufmerksam	_	_	
22	_	zu	_	_	
23	_	machen	_	_	
24	_	.	_	_	

#Text=Entlang der Straße zum Flughafen waren Tausende von Zelten aufgeschlagen .
23-1	11099-11106	Entlang	_	_	
23-2	11107-11110	der	_	_	
23-3	11111-11117	Straße	_	_	
23-4	11118-11121	zum	_	_	
23-5	11122-11131	Flughafen	_	_	
23-6	11132-11137	waren	_	_	
23-7	11138-11146	Tausende	_	_	
23-8	11147-11150	von	_	_	
23-9	11151-11157	Zelten	*->12-1	literal[12]	
23-10	11158-11171	aufgeschlagen	*->12-2	*[12]	
23-11	11172-11173	.	_	_	

#Text=Ein Brückenschlag ist bestimmt schon geglückt : Einige Stücke kennt man noch von Parody Paradise , der Wanderbühne , die letztes Jahr am Blücherplatz ihr Zelt aufgeschlagen hatte .
25-1	12440-12443	Ein	_	_	
25-2	12444-12457	Brückenschlag	_	_	
25-3	12458-12461	ist	_	_	
25-4	12462-12470	bestimmt	_	_	
25-5	12471-12476	schon	_	_	
25-6	12477-12485	geglückt	_	_	
25-7	12486-12487	:	_	_	
25-8	12488-12494	Einige	_	_	
25-9	12495-12501	Stücke	_	_	
25-10	12502-12507	kennt	_	_	
25-11	12508-12511	man	_	_	
25-12	12512-12516	noch	_	_	
25-13	12517-12520	von	_	_	
25-14	12521-12527	Parody	_	_	
25-15	12528-12536	Paradise	_	_	
25-16	12537-12538	,	_	_	
25-17	12539-12542	der	_	_	
25-18	12543-12554	Wanderbühne	_	_	
25-19	12555-12556	,	_	_	
25-20	12557-12560	die	_	_	
25-21	12561-12568	letztes	_	_	
25-22	12569-12573	Jahr	_	_	
25-23	12574-12576	am	_	_	
25-24	12577-12589	Blücherplatz	_	_	
25-25	12590-12593	ihr	_	_	
25-26	12594-12598	Zelt	*->13-1	literal[13]	
25-27	12599-12612	aufgeschlagen	*->13-2	*[13]	
25-28	12613-12618	hatte	_	_	
25-29	12619-12620	.	_	_	

#Text=In den grünen Wiesen haben die ersten Rückkehrer vor Tagen bereits ihr Zelte aufgeschlagen : " Wir warten auf die Erlaubnis der Alliierten , zurückzukehren " , erklärt eine Gruppe von Flüchtlingen .
27-1	13658-13660	In	_	_	
27-2	13661-13664	den	_	_	
27-3	13665-13671	grünen	_	_	
27-4	13672-13678	Wiesen	_	_	
27-5	13679-13684	haben	_	_	
27-6	13685-13688	die	_	_	
27-7	13689-13695	ersten	_	_	
27-8	13696-13706	Rückkehrer	_	_	
27-9	13707-13710	vor	_	_	
27-10	13711-13716	Tagen	_	_	
27-11	13717-13724	bereits	_	_	
27-12	13725-13728	ihr	_	_	
27-13	13729-13734	Zelte	*->14-1	literal[14]	
27-14	13735-13748	aufgeschlagen	*->14-2	*[14]	
27-15	13749-13750	:	_	_	
27-16	13751-13752	"	_	_	
27-17	13753-13756	Wir	_	_	
27-18	13757-13763	warten	_	_	
27-19	13764-13767	auf	_	_	
27-20	13768-13771	die	_	_	
27-21	13772-13781	Erlaubnis	_	_	
27-22	13782-13785	der	_	_	
27-23	13786-13796	Alliierten	_	_	
27-24	13797-13798	,	_	_	
27-25	13799-13813	zurückzukehren	_	_	
27-26	13814-13815	"	_	_	
27-27	13816-13817	,	_	_	
27-28	13818-13825	erklärt	_	_	
27-29	13826-13830	eine	_	_	
27-30	13831-13837	Gruppe	_	_	
27-31	13838-13841	von	_	_	
27-32	13842-13854	Flüchtlingen	_	_	
27-33	13855-13856	.	_	_	

#Text=Die US-amerikanischen Militärbehörden aber , die auf den Philippinen mehrere Stützpunkte unterhalten , sie kannten die Gefahr - was sie offenbar nicht daran hinderte , nur etwa 16 Kilometer vom feuerspeienden Riesen entfernt ihre Zelte aufzuschlagen .
1	_	Die	_	_	
2	_	US-amerikanischen	_	_	
3	_	Militärbehörden	_	_	
4	_	aber	_	_	
5	_	,	_	_	
6	_	die	_	_	
7	_	auf	_	_	
8	_	den	_	_	
9	_	Philippinen	_	_	
10	_	mehrere	_	_	
11	_	Stützpunkte	_	_	
12	_	unterhalten	_	_	
13	_	,	_	_	
14	_	sie	_	_	
15	_	kannten	_	_	
16	_	die	_	_	
17	_	Gefahr	_	_	
18	_	-	_	_	
19	_	was	_	_	
20	_	sie	_	_	
21	_	offenbar	_	_	
22	_	nicht	_	_	
23	_	daran	_	_	
24	_	hinderte	_	_	
25	_	,	_	_	
26	_	nur	_	_	
27	_	etwa	_	_	
28	_	16	_	_	
29	_	Kilometer	_	_	
30	_	vom	_	_	
31	_	feuerspeienden	_	_	
32	_	Riesen	_	_	
33	_	entfernt	_	_	
34	_	ihre	_	_	
35	_	Zelte	*->15-1	literal[15]	
36	_	aufzuschlagen	*->15-2	*[15]	
37	_	.	_	_	

#Text=Für die nächtliche Wache am Lager hatten zahlreiche Besetzer Zelte aufgeschlagen .
31-1	16324-16327	Für	_	_	
31-2	16328-16331	die	_	_	
31-3	16332-16342	nächtliche	_	_	
31-4	16343-16348	Wache	_	_	
31-5	16349-16351	am	_	_	
31-6	16352-16357	Lager	_	_	
31-7	16358-16364	hatten	_	_	
31-8	16365-16375	zahlreiche	_	_	
31-9	16376-16384	Besetzer	_	_	
31-10	16385-16390	Zelte	*->16-1	literal[16]	
31-11	16391-16404	aufgeschlagen	*->16-2	*[16]	
31-12	16405-16406	.	_	_	

#Text=Das Tempodrom , das genau in der heißen Zone zwischen Kongreßhalle und Reichstag seine Zelte aufgeschlagen hat , wurde laut Mabel erst am Freitag von den geplanten Maßnahmen informiert .
33-1	17358-17361	Das	_	_	
33-2	17362-17371	Tempodrom	_	_	
33-3	17372-17373	,	_	_	
33-4	17374-17377	das	_	_	
33-5	17378-17383	genau	_	_	
33-6	17384-17386	in	_	_	
33-7	17387-17390	der	_	_	
33-8	17391-17397	heißen	_	_	
33-9	17398-17402	Zone	_	_	
33-10	17403-17411	zwischen	_	_	
33-11	17412-17424	Kongreßhalle	_	_	
33-12	17425-17428	und	_	_	
33-13	17429-17438	Reichstag	_	_	
33-14	17439-17444	seine	_	_	
33-15	17445-17450	Zelte	*->17-1	literal[17]	
33-16	17451-17464	aufgeschlagen	*->17-2	*[17]	
33-17	17465-17468	hat	_	_	
33-18	17469-17470	,	_	_	
33-19	17471-17476	wurde	_	_	
33-20	17477-17481	laut	_	_	
33-21	17482-17487	Mabel	_	_	
33-22	17488-17492	erst	_	_	
33-23	17493-17495	am	_	_	
33-24	17496-17503	Freitag	_	_	
33-25	17504-17507	von	_	_	
33-26	17508-17511	den	_	_	
33-27	17512-17521	geplanten	_	_	
33-28	17522-17531	Maßnahmen	_	_	
33-29	17532-17542	informiert	_	_	
33-30	17543-17544	.	_	_	

#Text=Kaum hatte er aber die Zelte aufgeschlagen , da steuerten auch schon alle Beteiligten auf einen Dauerclinch zu .
35-1	18480-18484	Kaum	_	_	
35-2	18485-18490	hatte	_	_	
35-3	18491-18493	er	_	_	
35-4	18494-18498	aber	_	_	
35-5	18499-18502	die	_	_	
35-6	18503-18508	Zelte	*->18-1	non-literal-mwe[18]	
35-7	18509-18522	aufgeschlagen	*->18-2	*[18]	
35-8	18523-18524	,	_	_	
35-9	18525-18527	da	_	_	
35-10	18528-18537	steuerten	_	_	
35-11	18538-18542	auch	_	_	
35-12	18543-18548	schon	_	_	
35-13	18549-18553	alle	_	_	
35-14	18554-18565	Beteiligten	_	_	
35-15	18566-18569	auf	_	_	
35-16	18570-18575	einen	_	_	
35-17	18576-18587	Dauerclinch	_	_	
35-18	18588-18590	zu	_	_	
35-19	18591-18592	.	_	_	

#Text=In einem Brief » an die Gruppe , die zur Zeit ihr Zelt am neuen Turm der Kaiser-Wilhem-Gedächtniskirche aufgeschlagen hat « , so die Adressierung von Pfarrer Soppa , der auch Vorsitzender des Gemeindekirchenrates ist , werden die durchgefrorenen Demonstranten aufgefordert , » unser Kirchengelände zu verlassen « .
37-1	19897-19899	In	_	_	
37-2	19900-19905	einem	_	_	
37-3	19906-19911	Brief	_	_	
37-4	19912-19913	»	_	_	
37-5	19914-19916	an	_	_	
37-6	19917-19920	die	_	_	
37-7	19921-19927	Gruppe	_	_	
37-8	19928-19929	,	_	_	
37-9	19930-19933	die	_	_	
37-10	19934-19937	zur	_	_	
37-11	19938-19942	Zeit	_	_	
37-12	19943-19946	ihr	_	_	
37-13	19947-19951	Zelt	*->19-1	literal[19]	
37-14	19952-19954	am	_	_	
37-15	19955-19960	neuen	_	_	
37-16	19961-19965	Turm	_	_	
37-17	19966-19969	der	_	_	
37-18	19970-20000	Kaiser-Wilhem-Gedächtniskirche	_	_	
37-19	20001-20014	aufgeschlagen	*->19-2	*[19]	
37-20	20015-20018	hat	_	_	
37-21	20019-20020	«	_	_	
37-22	20021-20022	,	_	_	
37-23	20023-20025	so	_	_	
37-24	20026-20029	die	_	_	
37-25	20030-20042	Adressierung	_	_	
37-26	20043-20046	von	_	_	
37-27	20047-20054	Pfarrer	_	_	
37-28	20055-20060	Soppa	_	_	
37-29	20061-20062	,	_	_	
37-30	20063-20066	der	_	_	
37-31	20067-20071	auch	_	_	
37-32	20072-20084	Vorsitzender	_	_	
37-33	20085-20088	des	_	_	
37-34	20089-20109	Gemeindekirchenrates	_	_	
37-35	20110-20113	ist	_	_	
37-36	20114-20115	,	_	_	
37-37	20116-20122	werden	_	_	
37-38	20123-20126	die	_	_	
37-39	20127-20142	durchgefrorenen	_	_	
37-40	20143-20156	Demonstranten	_	_	
37-41	20157-20169	aufgefordert	_	_	
37-42	20170-20171	,	_	_	
37-43	20172-20173	»	_	_	
37-44	20174-20179	unser	_	_	
37-45	20180-20194	Kirchengelände	_	_	
37-46	20195-20197	zu	_	_	
37-47	20198-20207	verlassen	_	_	
37-48	20208-20209	«	_	_	
37-49	20210-20211	.	_	_	

#Text=Direkt hinter der Kongresshalle haben rund 70 Künstler aller Couleur ihre Zelte aufgeschlagen .
39-1	20909-20915	Direkt	_	_	
39-2	20916-20922	hinter	_	_	
39-3	20923-20926	der	_	_	
39-4	20927-20940	Kongresshalle	_	_	
39-5	20941-20946	haben	_	_	
39-6	20947-20951	rund	_	_	
39-7	20952-20954	70	_	_	
39-8	20955-20963	Künstler	_	_	
39-9	20964-20969	aller	_	_	
39-10	20970-20977	Couleur	_	_	
39-11	20978-20982	ihre	_	_	
39-12	20983-20988	Zelte	*->20-1	literal[20]	
39-13	20989-21002	aufgeschlagen	*->20-2	*[20]	
39-14	21003-21004	.	_	_	

#Text=Genau daran scheitert ein kleiner Wanderzirkus , der seine Zelte in irgendeinem Dorf Vietnams aufgeschlagen hat .
41-1	21623-21628	Genau	_	_	
41-2	21629-21634	daran	_	_	
41-3	21635-21644	scheitert	_	_	
41-4	21645-21648	ein	_	_	
41-5	21649-21656	kleiner	_	_	
41-6	21657-21669	Wanderzirkus	_	_	
41-7	21670-21671	,	_	_	
41-8	21672-21675	der	_	_	
41-9	21676-21681	seine	_	_	
41-10	21682-21687	Zelte	*->21-1	literal[21]	
41-11	21688-21690	in	_	_	
41-12	21691-21702	irgendeinem	_	_	
41-13	21703-21707	Dorf	_	_	
41-14	21708-21716	Vietnams	_	_	
41-15	21717-21730	aufgeschlagen	*->21-2	*[21]	
41-16	21731-21734	hat	_	_	
41-17	21735-21736	.	_	_	

#Text=Ganze zwei ( in Zahlen : 2 ) Zelte wurden unter den unbestechlichen Augen von drei TV-Teams schließlich aufgeschlagen .
43-1	22406-22411	Ganze	_	_	
43-2	22412-22416	zwei	_	_	
43-3	22417-22418	(	_	_	
43-4	22419-22421	in	_	_	
43-5	22422-22428	Zahlen	_	_	
43-6	22429-22430	:	_	_	
43-7	22431-22432	2	_	_	
43-8	22433-22434	)	_	_	
43-9	22435-22440	Zelte	*->22-1	literal[22]	
43-10	22441-22447	wurden	_	_	
43-11	22448-22453	unter	_	_	
43-12	22454-22457	den	_	_	
43-13	22458-22473	unbestechlichen	_	_	
43-14	22474-22479	Augen	_	_	
43-15	22480-22483	von	_	_	
43-16	22484-22488	drei	_	_	
43-17	22489-22497	TV-Teams	_	_	
43-18	22498-22509	schließlich	_	_	
43-19	22510-22523	aufgeschlagen	*->22-2	*[22]	
43-20	22524-22525	.	_	_	

#Text=In Bremen waren die Roma dagegen sogar vom Marktplatz vertrieben worden , als sie versuchten , dort Zelte für die Nacht aufzuschlagen .
1	_	In	_	_	
2	_	Bremen	_	_	
3	_	waren	_	_	
4	_	die	_	_	
5	_	Roma	_	_	
6	_	dagegen	_	_	
7	_	sogar	_	_	
8	_	vom	_	_	
9	_	Marktplatz	_	_	
10	_	vertrieben	_	_	
11	_	worden	_	_	
12	_	,	_	_	
13	_	als	_	_	
14	_	sie	_	_	
15	_	versuchten	_	_	
16	_	,	_	_	
17	_	dort	_	_	
18	_	Zelte	*->23-1	literal[23]	
19	_	für	_	_	
20	_	die	_	_	
21	_	Nacht	_	_	
22	_	aufzuschlagen	*->23-2	*[23]	
23	_	.	_	_	

#Text=Mit einem Zirkuseingang aus angemalten Pappwänden , mit eifrig angekarrten Palmen und frisch aufgeschlagenen Zelten ( für die Fernsehteams ) .
47-1	24152-24155	Mit	_	_	
47-2	24156-24161	einem	_	_	
47-3	24162-24175	Zirkuseingang	_	_	
47-4	24176-24179	aus	_	_	
47-5	24180-24190	angemalten	_	_	
47-6	24191-24201	Pappwänden	_	_	
47-7	24202-24203	,	_	_	
47-8	24204-24207	mit	_	_	
47-9	24208-24214	eifrig	_	_	
47-10	24215-24226	angekarrten	_	_	
47-11	24227-24233	Palmen	_	_	
47-12	24234-24237	und	_	_	
47-13	24238-24244	frisch	_	_	
47-14	24245-24260	aufgeschlagenen	*->24-1	literal[24]	
47-15	24261-24267	Zelten	*->24-2	*[24]	
47-16	24268-24269	(	_	_	
47-17	24270-24273	für	_	_	
47-18	24274-24277	die	_	_	
47-19	24278-24290	Fernsehteams	_	_	
47-20	24291-24292	)	_	_	
47-21	24293-24294	.	_	_	

#Text=Dort hatten bereits vor Tagen junge Leute ihre Zelte aufgeschlagen und halten seither eine Mahnwache ab .
49-1	24761-24765	Dort	_	_	
49-2	24766-24772	hatten	_	_	
49-3	24773-24780	bereits	_	_	
49-4	24781-24784	vor	_	_	
49-5	24785-24790	Tagen	_	_	
49-6	24791-24796	junge	_	_	
49-7	24797-24802	Leute	_	_	
49-8	24803-24807	ihre	_	_	
49-9	24808-24813	Zelte	*->25-1	literal[25]	
49-10	24814-24827	aufgeschlagen	*->25-2	*[25]	
49-11	24828-24831	und	_	_	
49-12	24832-24838	halten	_	_	
49-13	24839-24846	seither	_	_	
49-14	24847-24851	eine	_	_	
49-15	24852-24861	Mahnwache	_	_	
49-16	24862-24864	ab	_	_	
49-17	24865-24866	.	_	_	

#Text=Rostock ( dpa ) - 98 Zöllner aus dem Bundesgebiet haben vorübergehend ihre Zelte jenseits der ehemaligen innerdeutschen Grenze aufgeschlagen , um ihre DDR-Kollegen bis zum 10 . August in berufsinternen Fragen zu beraten .
51-1	25428-25435	Rostock	_	_	
51-2	25436-25437	(	_	_	
51-3	25438-25441	dpa	_	_	
51-4	25442-25443	)	_	_	
51-5	25444-25445	-	_	_	
51-6	25446-25448	98	_	_	
51-7	25449-25456	Zöllner	_	_	
51-8	25457-25460	aus	_	_	
51-9	25461-25464	dem	_	_	
51-10	25465-25477	Bundesgebiet	_	_	
51-11	25478-25483	haben	_	_	
51-12	25484-25497	vorübergehend	_	_	
51-13	25498-25502	ihre	_	_	
51-14	25503-25508	Zelte	*->26-1	literal[26]	
51-15	25509-25517	jenseits	_	_	
51-16	25518-25521	der	_	_	
51-17	25522-25532	ehemaligen	_	_	
51-18	25533-25547	innerdeutschen	_	_	
51-19	25548-25554	Grenze	_	_	
51-20	25555-25568	aufgeschlagen	*->26-2	*[26]	
51-21	25569-25570	,	_	_	
51-22	25571-25573	um	_	_	
51-23	25574-25578	ihre	_	_	
51-24	25579-25591	DDR-Kollegen	_	_	
51-25	25592-25595	bis	_	_	
51-26	25596-25599	zum	_	_	
51-27	25600-25602	10	_	_	
51-28	25603-25604	.	_	_	
51-29	25605-25611	August	_	_	
51-30	25612-25614	in	_	_	
51-31	25615-25629	berufsinternen	_	_	
51-32	25630-25636	Fragen	_	_	
51-33	25637-25639	zu	_	_	
51-34	25640-25647	beraten	_	_	
51-35	25648-25649	.	_	_	

#Text=Vor zwei Wochen verhinderte die " Bürgergemeinschaft Ahmsen " , daß die Stadt in Ahmsen , ein anderer Ortsteil von Salzufflen , Zelte für die Roma aufschlug , um " die Lage in Schötmar zu entzerren " .
53-1	26655-26658	Vor	_	_	
53-2	26659-26663	zwei	_	_	
53-3	26664-26670	Wochen	_	_	
53-4	26671-26682	verhinderte	_	_	
53-5	26683-26686	die	_	_	
53-6	26687-26688	"	_	_	
53-7	26689-26707	Bürgergemeinschaft	_	_	
53-8	26708-26714	Ahmsen	_	_	
53-9	26715-26716	"	_	_	
53-10	26717-26718	,	_	_	
53-11	26719-26722	daß	_	_	
53-12	26723-26726	die	_	_	
53-13	26727-26732	Stadt	_	_	
53-14	26733-26735	in	_	_	
53-15	26736-26742	Ahmsen	_	_	
53-16	26743-26744	,	_	_	
53-17	26745-26748	ein	_	_	
53-18	26749-26756	anderer	_	_	
53-19	26757-26765	Ortsteil	_	_	
53-20	26766-26769	von	_	_	
53-21	26770-26780	Salzufflen	_	_	
53-22	26781-26782	,	_	_	
53-23	26783-26788	Zelte	*->27-1	literal[27]	
53-24	26789-26792	für	_	_	
53-25	26793-26796	die	_	_	
53-26	26797-26801	Roma	_	_	
53-27	26802-26811	aufschlug	*->27-2	*[27]	
53-28	26812-26813	,	_	_	
53-29	26814-26816	um	_	_	
53-30	26817-26818	"	_	_	
53-31	26819-26822	die	_	_	
53-32	26823-26827	Lage	_	_	
53-33	26828-26830	in	_	_	
53-34	26831-26839	Schötmar	_	_	
53-35	26840-26842	zu	_	_	
53-36	26843-26852	entzerren	_	_	
53-37	26853-26854	"	_	_	
53-38	26855-26856	.	_	_	

#Text=Am 8. August entschied der Salzuffler Hauptausschuß : Der " Dringlichkeitsbeschluß " , in Ahmsen Zelte für die Roma aufzuschlagen , wird bekräftigt .
1	_	Am	_	_	
2	_	8.	_	_	
3	_	August	_	_	
4	_	entschied	_	_	
5	_	der	_	_	
6	_	Salzuffler	_	_	
7	_	Hauptausschuß	_	_	
8	_	:	_	_	
9	_	Der	_	_	
10	_	"	_	_	
11	_	Dringlichkeitsbeschluß	_	_	
12	_	"	_	_	
13	_	,	_	_	
14	_	in	_	_	
15	_	Ahmsen	_	_	
16	_	Zelte	*->28-1	literal[28]	
17	_	für	_	_	
18	_	die	_	_	
19	_	Roma	_	_	
20	_	aufzuschlagen	*->28-2	*[28]	
21	_	,	_	_	
22	_	wird	_	_	
23	_	bekräftigt	_	_	
24	_	.	_	_	

#Text=" Wenn wir abgeschoben werden , dann sollen es alle sehen " Foto : Wolfram Steinberg Rund 30 der 150 in Bremerhaven von Abschiebung bedrohten Roma haben gestern ihre Zelte in Bremen aufgeschlagen - und zwar direkt im Vorgarten des Innensenators an der Contrescarpe .
57-1	28661-28662	"	_	_	
57-2	28663-28667	Wenn	_	_	
57-3	28668-28671	wir	_	_	
57-4	28672-28683	abgeschoben	_	_	
57-5	28684-28690	werden	_	_	
57-6	28691-28692	,	_	_	
57-7	28693-28697	dann	_	_	
57-8	28698-28704	sollen	_	_	
57-9	28705-28707	es	_	_	
57-10	28708-28712	alle	_	_	
57-11	28713-28718	sehen	_	_	
57-12	28719-28720	"	_	_	
57-13	28721-28725	Foto	_	_	
57-14	28726-28727	:	_	_	
57-15	28728-28735	Wolfram	_	_	
57-16	28736-28745	Steinberg	_	_	
57-17	28746-28750	Rund	_	_	
57-18	28751-28753	30	_	_	
57-19	28754-28757	der	_	_	
57-20	28758-28761	150	_	_	
57-21	28762-28764	in	_	_	
57-22	28765-28776	Bremerhaven	_	_	
57-23	28777-28780	von	_	_	
57-24	28781-28792	Abschiebung	_	_	
57-25	28793-28802	bedrohten	_	_	
57-26	28803-28807	Roma	_	_	
57-27	28808-28813	haben	_	_	
57-28	28814-28821	gestern	_	_	
57-29	28822-28826	ihre	_	_	
57-30	28827-28832	Zelte	*->29-1	literal[29]	
57-31	28833-28835	in	_	_	
57-32	28836-28842	Bremen	_	_	
57-33	28843-28856	aufgeschlagen	*->29-2	*[29]	
57-34	28857-28858	-	_	_	
57-35	28859-28862	und	_	_	
57-36	28863-28867	zwar	_	_	
57-37	28868-28874	direkt	_	_	
57-38	28875-28877	im	_	_	
57-39	28878-28887	Vorgarten	_	_	
57-40	28888-28891	des	_	_	
57-41	28892-28905	Innensenators	_	_	
57-42	28906-28908	an	_	_	
57-43	28909-28912	der	_	_	
57-44	28913-28925	Contrescarpe	_	_	
57-45	28926-28927	.	_	_	

#Text=Hanns Joachim Friedrichs lädt Politprominenz ins Restaurant Spreeblick , Günter Jauch veranstaltet eine Party im Berliner Ballsaal , Sat1 hat seine Zelte im Palasthotel aufgeschlagen , und RTL plus berichtet aus dem Theater im Palast der Republik .
59-1	29629-29634	Hanns	_	_	
59-2	29635-29642	Joachim	_	_	
59-3	29643-29653	Friedrichs	_	_	
59-4	29654-29658	lädt	_	_	
59-5	29659-29673	Politprominenz	_	_	
59-6	29674-29677	ins	_	_	
59-7	29678-29688	Restaurant	_	_	
59-8	29689-29699	Spreeblick	_	_	
59-9	29700-29701	,	_	_	
59-10	29702-29708	Günter	_	_	
59-11	29709-29714	Jauch	_	_	
59-12	29715-29727	veranstaltet	_	_	
59-13	29728-29732	eine	_	_	
59-14	29733-29738	Party	_	_	
59-15	29739-29741	im	_	_	
59-16	29742-29750	Berliner	_	_	
59-17	29751-29759	Ballsaal	_	_	
59-18	29760-29761	,	_	_	
59-19	29762-29766	Sat1	_	_	
59-20	29767-29770	hat	_	_	
59-21	29771-29776	seine	_	_	
59-22	29777-29782	Zelte	*->30-1	non-literal-mwe[30]	
59-23	29783-29785	im	_	_	
59-24	29786-29797	Palasthotel	_	_	
59-25	29798-29811	aufgeschlagen	*->30-2	*[30]	
59-26	29812-29813	,	_	_	
59-27	29814-29817	und	_	_	
59-28	29818-29821	RTL	_	_	
59-29	29822-29826	plus	_	_	
59-30	29827-29836	berichtet	_	_	
59-31	29837-29840	aus	_	_	
59-32	29841-29844	dem	_	_	
59-33	29845-29852	Theater	_	_	
59-34	29853-29855	im	_	_	
59-35	29856-29862	Palast	_	_	
59-36	29863-29866	der	_	_	
59-37	29867-29875	Republik	_	_	
59-38	29876-29877	.	_	_	

#Text=Ins Schußfeuer der Kritik ist vor allem der kleine " Cirkus Huberti " geraten , der an der Moorweide seine Zelte aufgeschlagen hat .
61-1	30814-30817	Ins	_	_	
61-2	30818-30828	Schußfeuer	_	_	
61-3	30829-30832	der	_	_	
61-4	30833-30839	Kritik	_	_	
61-5	30840-30843	ist	_	_	
61-6	30844-30847	vor	_	_	
61-7	30848-30853	allem	_	_	
61-8	30854-30857	der	_	_	
61-9	30858-30864	kleine	_	_	
61-10	30865-30866	"	_	_	
61-11	30867-30873	Cirkus	_	_	
61-12	30874-30881	Huberti	_	_	
61-13	30882-30883	"	_	_	
61-14	30884-30891	geraten	_	_	
61-15	30892-30893	,	_	_	
61-16	30894-30897	der	_	_	
61-17	30898-30900	an	_	_	
61-18	30901-30904	der	_	_	
61-19	30905-30914	Moorweide	_	_	
61-20	30915-30920	seine	_	_	
61-21	30921-30926	Zelte	*->31-1	literal[31]	
61-22	30927-30940	aufgeschlagen	*->31-2	*[31]	
61-23	30941-30944	hat	_	_	
61-24	30945-30946	.	_	_	

#Text=Israelische Polizisten und Soldaten haben am Sonntag Israelis von jordanischem Gebiet zurückgeholt , die dort nach Angaben der israelischen Armee mehrere Meter von der Grenze zu Israel entfernt zwei Zelte aufgeschlagen hatten .
63-1	31250-31261	Israelische	_	_	
63-2	31262-31272	Polizisten	_	_	
63-3	31273-31276	und	_	_	
63-4	31277-31285	Soldaten	_	_	
63-5	31286-31291	haben	_	_	
63-6	31292-31294	am	_	_	
63-7	31295-31302	Sonntag	_	_	
63-8	31303-31311	Israelis	_	_	
63-9	31312-31315	von	_	_	
63-10	31316-31328	jordanischem	_	_	
63-11	31329-31335	Gebiet	_	_	
63-12	31336-31348	zurückgeholt	_	_	
63-13	31349-31350	,	_	_	
63-14	31351-31354	die	_	_	
63-15	31355-31359	dort	_	_	
63-16	31360-31364	nach	_	_	
63-17	31365-31372	Angaben	_	_	
63-18	31373-31376	der	_	_	
63-19	31377-31389	israelischen	_	_	
63-20	31390-31395	Armee	_	_	
63-21	31396-31403	mehrere	_	_	
63-22	31404-31409	Meter	_	_	
63-23	31410-31413	von	_	_	
63-24	31414-31417	der	_	_	
63-25	31418-31424	Grenze	_	_	
63-26	31425-31427	zu	_	_	
63-27	31428-31434	Israel	_	_	
63-28	31435-31443	entfernt	_	_	
63-29	31444-31448	zwei	_	_	
63-30	31449-31454	Zelte	*->32-1	literal[32]	
63-31	31455-31468	aufgeschlagen	*->32-2	*[32]	
63-32	31469-31475	hatten	_	_	
63-33	31476-31477	.	_	_	

#Text=Im Oktober sodann wird in Bremen ein großes Zelt aufgeschlagen , darinnen geht eine Buffalo Bill Show , wiewohl kritisch , mit Piff und Paff über die Manege .
65-1	32463-32465	Im	_	_	
65-2	32466-32473	Oktober	_	_	
65-3	32474-32480	sodann	_	_	
65-4	32481-32485	wird	_	_	
65-5	32486-32488	in	_	_	
65-6	32489-32495	Bremen	_	_	
65-7	32496-32499	ein	_	_	
65-8	32500-32506	großes	_	_	
65-9	32507-32511	Zelt	*->33-1	literal[33]	
65-10	32512-32525	aufgeschlagen	*->33-2	*[33]	
65-11	32526-32527	,	_	_	
65-12	32528-32536	darinnen	_	_	
65-13	32537-32541	geht	_	_	
65-14	32542-32546	eine	_	_	
65-15	32547-32554	Buffalo	_	_	
65-16	32555-32559	Bill	_	_	
65-17	32560-32564	Show	_	_	
65-18	32565-32566	,	_	_	
65-19	32567-32574	wiewohl	_	_	
65-20	32575-32583	kritisch	_	_	
65-21	32584-32585	,	_	_	
65-22	32586-32589	mit	_	_	
65-23	32590-32594	Piff	_	_	
65-24	32595-32598	und	_	_	
65-25	32599-32603	Paff	_	_	
65-26	32604-32608	über	_	_	
65-27	32609-32612	die	_	_	
65-28	32613-32619	Manege	_	_	
65-29	32620-32621	.	_	_	

#Text=Die Compagnia Buffo hat ihr Zelt in Bremen aufgeschlagen , und die " Parade " über den Bremer Markt erinnert daran , was " Markt " auch mal war : Gesang , Musik und Lustbarkeit , Gegaukel und derber Spaß .
67-1	33424-33427	Die	_	_	
67-2	33428-33437	Compagnia	_	_	
67-3	33438-33443	Buffo	_	_	
67-4	33444-33447	hat	_	_	
67-5	33448-33451	ihr	_	_	
67-6	33452-33456	Zelt	*->34-1	literal[34]	
67-7	33457-33459	in	_	_	
67-8	33460-33466	Bremen	_	_	
67-9	33467-33480	aufgeschlagen	*->34-2	*[34]	
67-10	33481-33482	,	_	_	
67-11	33483-33486	und	_	_	
67-12	33487-33490	die	_	_	
67-13	33491-33492	"	_	_	
67-14	33493-33499	Parade	_	_	
67-15	33500-33501	"	_	_	
67-16	33502-33506	über	_	_	
67-17	33507-33510	den	_	_	
67-18	33511-33517	Bremer	_	_	
67-19	33518-33523	Markt	_	_	
67-20	33524-33532	erinnert	_	_	
67-21	33533-33538	daran	_	_	
67-22	33539-33540	,	_	_	
67-23	33541-33544	was	_	_	
67-24	33545-33546	"	_	_	
67-25	33547-33552	Markt	_	_	
67-26	33553-33554	"	_	_	
67-27	33555-33559	auch	_	_	
67-28	33560-33563	mal	_	_	
67-29	33564-33567	war	_	_	
67-30	33568-33569	:	_	_	
67-31	33570-33576	Gesang	_	_	
67-32	33577-33578	,	_	_	
67-33	33579-33584	Musik	_	_	
67-34	33585-33588	und	_	_	
67-35	33589-33600	Lustbarkeit	_	_	
67-36	33601-33602	,	_	_	
67-37	33603-33611	Gegaukel	_	_	
67-38	33612-33615	und	_	_	
67-39	33616-33622	derber	_	_	
67-40	33623-33627	Spaß	_	_	
67-41	33628-33629	.	_	_	

#Text=" Die Gelegenheit dazu findet er , als er 1979 für ein Jahr nach Deutschland eingeladen wird und seine Zelte im Ruhrgebiet aufschlägt .
69-1	34097-34098	"	_	_	
69-2	34099-34102	Die	_	_	
69-3	34103-34114	Gelegenheit	_	_	
69-4	34115-34119	dazu	_	_	
69-5	34120-34126	findet	_	_	
69-6	34127-34129	er	_	_	
69-7	34130-34131	,	_	_	
69-8	34132-34135	als	_	_	
69-9	34136-34138	er	_	_	
69-10	34139-34143	1979	_	_	
69-11	34144-34147	für	_	_	
69-12	34148-34151	ein	_	_	
69-13	34152-34156	Jahr	_	_	
69-14	34157-34161	nach	_	_	
69-15	34162-34173	Deutschland	_	_	
69-16	34174-34184	eingeladen	_	_	
69-17	34185-34189	wird	_	_	
69-18	34190-34193	und	_	_	
69-19	34194-34199	seine	_	_	
69-20	34200-34205	Zelte	*->35-1	non-literal-mwe[35]	
69-21	34206-34208	im	_	_	
69-22	34209-34219	Ruhrgebiet	_	_	
69-23	34220-34230	aufschlägt	*->35-2	*[35]	
69-24	34231-34232	.	_	_	

#Text=Die Grabenkämpfe bei den Torys werden aus dem Oberhaus gesteuert , wo Majors Vorgängerin , Baronin Margaret Thatcher , inzwischen ihre Zelte aufgeschlagen hat .
71-1	35225-35228	Die	_	_	
71-2	35229-35241	Grabenkämpfe	_	_	
71-3	35242-35245	bei	_	_	
71-4	35246-35249	den	_	_	
71-5	35250-35255	Torys	_	_	
71-6	35256-35262	werden	_	_	
71-7	35263-35266	aus	_	_	
71-8	35267-35270	dem	_	_	
71-9	35271-35279	Oberhaus	_	_	
71-10	35280-35289	gesteuert	_	_	
71-11	35290-35291	,	_	_	
71-12	35292-35294	wo	_	_	
71-13	35295-35301	Majors	_	_	
71-14	35302-35313	Vorgängerin	_	_	
71-15	35314-35315	,	_	_	
71-16	35316-35323	Baronin	_	_	
71-17	35324-35332	Margaret	_	_	
71-18	35333-35341	Thatcher	_	_	
71-19	35342-35343	,	_	_	
71-20	35344-35354	inzwischen	_	_	
71-21	35355-35359	ihre	_	_	
71-22	35360-35365	Zelte	*->36-1	non-literal-mwe[36]	
71-23	35366-35379	aufgeschlagen	*->36-2	*[36]	
71-24	35380-35383	hat	_	_	
71-25	35384-35385	.	_	_	

#Text=Als im letzten Sommer die weltweit erfolgreichste US-Male-Strip- Truppe " Chippendales " am Stadtrand ihr Zelt aufschlug , sorgten noch die vielen hier stationierten Amerikanerinnen für stundenlanges ohrenbetäubendes Soprankreischen .
73-1	36319-36322	Als	_	_	
73-2	36323-36325	im	_	_	
73-3	36326-36333	letzten	_	_	
73-4	36334-36340	Sommer	_	_	
73-5	36341-36344	die	_	_	
73-6	36345-36353	weltweit	_	_	
73-7	36354-36368	erfolgreichste	_	_	
73-8	36369-36383	US-Male-Strip-	_	_	
73-9	36384-36390	Truppe	_	_	
73-10	36391-36392	"	_	_	
73-11	36393-36405	Chippendales	_	_	
73-12	36406-36407	"	_	_	
73-13	36408-36410	am	_	_	
73-14	36411-36420	Stadtrand	_	_	
73-15	36421-36424	ihr	_	_	
73-16	36425-36429	Zelt	*->37-1	literal[37]	
73-17	36430-36439	aufschlug	*->37-2	*[37]	
73-18	36440-36441	,	_	_	
73-19	36442-36449	sorgten	_	_	
73-20	36450-36454	noch	_	_	
73-21	36455-36458	die	_	_	
73-22	36459-36465	vielen	_	_	
73-23	36466-36470	hier	_	_	
73-24	36471-36484	stationierten	_	_	
73-25	36485-36500	Amerikanerinnen	_	_	
73-26	36501-36504	für	_	_	
73-27	36505-36518	stundenlanges	_	_	
73-28	36519-36535	ohrenbetäubendes	_	_	
73-29	36536-36551	Soprankreischen	_	_	
73-30	36552-36553	.	_	_	

#Text=Da weder ein Zirkus seine Zelte aufgeschlagen hat noch die Bevölkerung auf den unausweichlich scheinenden Entscheidungskampf gegen die linken Guerilleros eingestimmt werden soll , kann es sich nur um Wahlen handeln .
75-1	37472-37474	Da	_	_	
75-2	37475-37480	weder	_	_	
75-3	37481-37484	ein	_	_	
75-4	37485-37491	Zirkus	_	_	
75-5	37492-37497	seine	_	_	
75-6	37498-37503	Zelte	*->38-1	literal[38]	
75-7	37504-37517	aufgeschlagen	*->38-2	*[38]	
75-8	37518-37521	hat	_	_	
75-9	37522-37526	noch	_	_	
75-10	37527-37530	die	_	_	
75-11	37531-37542	Bevölkerung	_	_	
75-12	37543-37546	auf	_	_	
75-13	37547-37550	den	_	_	
75-14	37551-37565	unausweichlich	_	_	
75-15	37566-37577	scheinenden	_	_	
75-16	37578-37596	Entscheidungskampf	_	_	
75-17	37597-37602	gegen	_	_	
75-18	37603-37606	die	_	_	
75-19	37607-37613	linken	_	_	
75-20	37614-37625	Guerilleros	_	_	
75-21	37626-37637	eingestimmt	_	_	
75-22	37638-37644	werden	_	_	
75-23	37645-37649	soll	_	_	
75-24	37650-37651	,	_	_	
75-25	37652-37656	kann	_	_	
75-26	37657-37659	es	_	_	
75-27	37660-37664	sich	_	_	
75-28	37665-37668	nur	_	_	
75-29	37669-37671	um	_	_	
75-30	37672-37678	Wahlen	_	_	
75-31	37679-37686	handeln	_	_	
75-32	37687-37688	.	_	_	

#Text=Werner Alfke , Pressesprecher des Sozialsenators , tags darauf : " Wir machen es trotzdem " , weil sonst vielleicht bald Zelte auf der Bürgerweide aufgeschlagen werden müßten .
77-1	38431-38437	Werner	_	_	
77-2	38438-38443	Alfke	_	_	
77-3	38444-38445	,	_	_	
77-4	38446-38460	Pressesprecher	_	_	
77-5	38461-38464	des	_	_	
77-6	38465-38479	Sozialsenators	_	_	
77-7	38480-38481	,	_	_	
77-8	38482-38486	tags	_	_	
77-9	38487-38493	darauf	_	_	
77-10	38494-38495	:	_	_	
77-11	38496-38497	"	_	_	
77-12	38498-38501	Wir	_	_	
77-13	38502-38508	machen	_	_	
77-14	38509-38511	es	_	_	
77-15	38512-38520	trotzdem	_	_	
77-16	38521-38522	"	_	_	
77-17	38523-38524	,	_	_	
77-18	38525-38529	weil	_	_	
77-19	38530-38535	sonst	_	_	
77-20	38536-38546	vielleicht	_	_	
77-21	38547-38551	bald	_	_	
77-22	38552-38557	Zelte	*->39-1	literal[39]	
77-23	38558-38561	auf	_	_	
77-24	38562-38565	der	_	_	
77-25	38566-38577	Bürgerweide	_	_	
77-26	38578-38591	aufgeschlagen	*->39-2	*[39]	
77-27	38592-38598	werden	_	_	
77-28	38599-38605	müßten	_	_	
77-29	38606-38607	.	_	_	

#Text=" Eine Frau und vier Männer aus der Türkei haben am Montag nachmittag zwischen der Bürgerschaft und dem Rathaus ein kleines Zelt aufgeschlagen und nehmen keine Nahrung mehr zu sich .
79-1	39162-39163	"	_	_	
79-2	39164-39168	Eine	_	_	
79-3	39169-39173	Frau	_	_	
79-4	39174-39177	und	_	_	
79-5	39178-39182	vier	_	_	
79-6	39183-39189	Männer	_	_	
79-7	39190-39193	aus	_	_	
79-8	39194-39197	der	_	_	
79-9	39198-39204	Türkei	_	_	
79-10	39205-39210	haben	_	_	
79-11	39211-39213	am	_	_	
79-12	39214-39220	Montag	_	_	
79-13	39221-39231	nachmittag	_	_	
79-14	39232-39240	zwischen	_	_	
79-15	39241-39244	der	_	_	
79-16	39245-39257	Bürgerschaft	_	_	
79-17	39258-39261	und	_	_	
79-18	39262-39265	dem	_	_	
79-19	39266-39273	Rathaus	_	_	
79-20	39274-39277	ein	_	_	
79-21	39278-39285	kleines	_	_	
79-22	39286-39290	Zelt	*->40-1	literal[40]	
79-23	39291-39304	aufgeschlagen	*->40-2	*[40]	
79-24	39305-39308	und	_	_	
79-25	39309-39315	nehmen	_	_	
79-26	39316-39321	keine	_	_	
79-27	39322-39329	Nahrung	_	_	
79-28	39330-39334	mehr	_	_	
79-29	39335-39337	zu	_	_	
79-30	39338-39342	sich	_	_	
79-31	39343-39344	.	_	_	

#Text=Die ehemaligen Bewohner der besetzten Häuser planen jetzt , auf der Wiese neben dem Obdachlosenheim Zelte aufzuschlagen .
1	_	Die	_	_	
2	_	ehemaligen	_	_	
3	_	Bewohner	_	_	
4	_	der	_	_	
5	_	besetzten	_	_	
6	_	Häuser	_	_	
7	_	planen	_	_	
8	_	jetzt	_	_	
9	_	,	_	_	
10	_	auf	_	_	
11	_	der	_	_	
12	_	Wiese	_	_	
13	_	neben	_	_	
14	_	dem	_	_	
15	_	Obdachlosenheim	_	_	
16	_	Zelte	*->41-1	literal[41]	
17	_	aufzuschlagen	*->41-2	*[41]	
18	_	.	_	_	

#Text=Seit gut einer Woche hat das jüdische Ehepaar Gina und Michael Düllmann ein Zelt auf den Fundamenten der ehemaligen Synagoge aufgeschlagen , um die Bauarbeiten zu behindern .
83-1	40800-40804	Seit	_	_	
83-2	40805-40808	gut	_	_	
83-3	40809-40814	einer	_	_	
83-4	40815-40820	Woche	_	_	
83-5	40821-40824	hat	_	_	
83-6	40825-40828	das	_	_	
83-7	40829-40837	jüdische	_	_	
83-8	40838-40845	Ehepaar	_	_	
83-9	40846-40850	Gina	_	_	
83-10	40851-40854	und	_	_	
83-11	40855-40862	Michael	_	_	
83-12	40863-40871	Düllmann	_	_	
83-13	40872-40875	ein	_	_	
83-14	40876-40880	Zelt	*->42-1	literal[42]	
83-15	40881-40884	auf	_	_	
83-16	40885-40888	den	_	_	
83-17	40889-40900	Fundamenten	_	_	
83-18	40901-40904	der	_	_	
83-19	40905-40915	ehemaligen	_	_	
83-20	40916-40924	Synagoge	_	_	
83-21	40925-40938	aufgeschlagen	*->42-2	*[42]	
83-22	40939-40940	,	_	_	
83-23	40941-40943	um	_	_	
83-24	40944-40947	die	_	_	
83-25	40948-40959	Bauarbeiten	_	_	
83-26	40960-40962	zu	_	_	
83-27	40963-40972	behindern	_	_	
83-28	40973-40974	.	_	_	

#Text=Hunderte von kleinen Garküchen und Ausschankstellen für das Volksgetränk Makkoli haben am Rand des Platzes ihre Zelte aufgeschlagen .
85-1	42670-42678	Hunderte	_	_	
85-2	42679-42682	von	_	_	
85-3	42683-42690	kleinen	_	_	
85-4	42691-42700	Garküchen	_	_	
85-5	42701-42704	und	_	_	
85-6	42705-42721	Ausschankstellen	_	_	
85-7	42722-42725	für	_	_	
85-8	42726-42729	das	_	_	
85-9	42730-42742	Volksgetränk	_	_	
85-10	42743-42750	Makkoli	_	_	
85-11	42751-42756	haben	_	_	
85-12	42757-42759	am	_	_	
85-13	42760-42764	Rand	_	_	
85-14	42765-42768	des	_	_	
85-15	42769-42776	Platzes	_	_	
85-16	42777-42781	ihre	_	_	
85-17	42782-42787	Zelte	*->43-1	literal[43]	
85-18	42788-42801	aufgeschlagen	*->43-2	*[43]	
85-19	42802-42803	.	_	_	

#Text=In dreißig Meter Höhe montierten die Besetzer eine Plattform , auf der sie ein Zelt aufschlugen und sich häuslich niederließen .
87-1	51713-51715	In	_	_	
87-2	51716-51723	dreißig	_	_	
87-3	51724-51729	Meter	_	_	
87-4	51730-51734	Höhe	_	_	
87-5	51735-51745	montierten	_	_	
87-6	51746-51749	die	_	_	
87-7	51750-51758	Besetzer	_	_	
87-8	51759-51763	eine	_	_	
87-9	51764-51773	Plattform	_	_	
87-10	51774-51775	,	_	_	
87-11	51776-51779	auf	_	_	
87-12	51780-51783	der	_	_	
87-13	51784-51787	sie	_	_	
87-14	51788-51791	ein	_	_	
87-15	51792-51796	Zelt	*->44-1	literal[44]	
87-16	51797-51808	aufschlugen	*->44-2	*[44]	
87-17	51809-51812	und	_	_	
87-18	51813-51817	sich	_	_	
87-19	51818-51826	häuslich	_	_	
87-20	51827-51839	niederließen	_	_	
87-21	51840-51841	.	_	_	

#Text=In den Dörfern wird ein großes Zelt aufgeschlagen , die Kader des DERG erscheinen , die Verfassung wird verlesen , ein paar Fragen oberflächlich beantwortet .
89-1	53058-53060	In	_	_	
89-2	53061-53064	den	_	_	
89-3	53065-53072	Dörfern	_	_	
89-4	53073-53077	wird	_	_	
89-5	53078-53081	ein	_	_	
89-6	53082-53088	großes	_	_	
89-7	53089-53093	Zelt	*->45-1	literal[45]	
89-8	53094-53107	aufgeschlagen	*->45-2	*[45]	
89-9	53108-53109	,	_	_	
89-10	53110-53113	die	_	_	
89-11	53114-53119	Kader	_	_	
89-12	53120-53123	des	_	_	
89-13	53124-53128	DERG	_	_	
89-14	53129-53139	erscheinen	_	_	
89-15	53140-53141	,	_	_	
89-16	53142-53145	die	_	_	
89-17	53146-53156	Verfassung	_	_	
89-18	53157-53161	wird	_	_	
89-19	53162-53170	verlesen	_	_	
89-20	53171-53172	,	_	_	
89-21	53173-53176	ein	_	_	
89-22	53177-53181	paar	_	_	
89-23	53182-53188	Fragen	_	_	
89-24	53189-53202	oberflächlich	_	_	
89-25	53203-53214	beantwortet	_	_	
89-26	53215-53216	.	_	_	

#Text=Daß bei Übernachtungen im Freien das Zelt auf einer zugbrückensicheren Pfahlkonstruktion aufgeschlagen werden sollte , versteht sich ja wohl von selbst .
91-1	56235-56238	Daß	_	_	
91-2	56239-56242	bei	_	_	
91-3	56243-56257	Übernachtungen	_	_	
91-4	56258-56260	im	_	_	
91-5	56261-56267	Freien	_	_	
91-6	56268-56271	das	_	_	
91-7	56272-56276	Zelt	*->46-1	literal[46]	
91-8	56277-56280	auf	_	_	
91-9	56281-56286	einer	_	_	
91-10	56287-56305	zugbrückensicheren	_	_	
91-11	56306-56323	Pfahlkonstruktion	_	_	
91-12	56324-56337	aufgeschlagen	*->46-2	*[46]	
91-13	56338-56344	werden	_	_	
91-14	56345-56351	sollte	_	_	
91-15	56352-56353	,	_	_	
91-16	56354-56362	versteht	_	_	
91-17	56363-56367	sich	_	_	
91-18	56368-56370	ja	_	_	
91-19	56371-56375	wohl	_	_	
91-20	56376-56379	von	_	_	
91-21	56380-56386	selbst	_	_	
91-22	56387-56388	.	_	_	

#Text=Ach , Hollywood und Seattle ( wo sie auch mal ihre Zelte aufschlug ) und San Francisco : all diese Namen .
93-1	56640-56643	Ach	_	_	
93-2	56644-56645	,	_	_	
93-3	56646-56655	Hollywood	_	_	
93-4	56656-56659	und	_	_	
93-5	56660-56667	Seattle	_	_	
93-6	56668-56669	(	_	_	
93-7	56670-56672	wo	_	_	
93-8	56673-56676	sie	_	_	
93-9	56677-56681	auch	_	_	
93-10	56682-56685	mal	_	_	
93-11	56686-56690	ihre	_	_	
93-12	56691-56696	Zelte	*->47-1	non-literal-mwe[47]	
93-13	56697-56706	aufschlug	*->47-2	*[47]	
93-14	56707-56708	)	_	_	
93-15	56709-56712	und	_	_	
93-16	56713-56716	San	_	_	
93-17	56717-56726	Francisco	_	_	
93-18	56727-56728	:	_	_	
93-19	56729-56732	all	_	_	
93-20	56733-56738	diese	_	_	
93-21	56739-56744	Namen	_	_	
93-22	56745-56746	.	_	_	

#Text=In den Tälern kann das Zelt aufgeschlagen oder ein Gasthof aufgesucht werden .
95-1	57338-57340	In	_	_	
95-2	57341-57344	den	_	_	
95-3	57345-57351	Tälern	_	_	
95-4	57352-57356	kann	_	_	
95-5	57357-57360	das	_	_	
95-6	57361-57365	Zelt	*->48-1	literal[48]	
95-7	57366-57379	aufgeschlagen	*->48-2	*[48]	
95-8	57380-57384	oder	_	_	
95-9	57385-57388	ein	_	_	
95-10	57389-57396	Gasthof	_	_	
95-11	57397-57407	aufgesucht	_	_	
95-12	57408-57414	werden	_	_	
95-13	57415-57416	.	_	_	

#Text=167 taiwanesische Aussteller haben in Köln ihre Zelte aufgeschlagen .
97-1	58269-58272	167	_	_	
97-2	58273-58286	taiwanesische	_	_	
97-3	58287-58297	Aussteller	_	_	
97-4	58298-58303	haben	_	_	
97-5	58304-58306	in	_	_	
97-6	58307-58311	Köln	_	_	
97-7	58312-58316	ihre	_	_	
97-8	58317-58322	Zelte	*->49-1	literal[49]	
97-9	58323-58336	aufgeschlagen	*->49-2	*[49]	
97-10	58337-58338	.	_	_	

#Text=Weil es sich ja doch irgendwie nicht so rasend gut debattieren läßt , wenn einem die Kugeln um die Ohren pfeifen , hat der PEN-Kongress seine Zelte nun doch nicht in Dubrovnik aufgeschlagen , sondern auf der kroatischen Insel Hvar .
99-1	58553-58557	Weil	_	_	
99-2	58558-58560	es	_	_	
99-3	58561-58565	sich	_	_	
99-4	58566-58568	ja	_	_	
99-5	58569-58573	doch	_	_	
99-6	58574-58583	irgendwie	_	_	
99-7	58584-58589	nicht	_	_	
99-8	58590-58592	so	_	_	
99-9	58593-58599	rasend	_	_	
99-10	58600-58603	gut	_	_	
99-11	58604-58615	debattieren	_	_	
99-12	58616-58620	läßt	_	_	
99-13	58621-58622	,	_	_	
99-14	58623-58627	wenn	_	_	
99-15	58628-58633	einem	_	_	
99-16	58634-58637	die	_	_	
99-17	58638-58644	Kugeln	_	_	
99-18	58645-58647	um	_	_	
99-19	58648-58651	die	_	_	
99-20	58652-58657	Ohren	_	_	
99-21	58658-58665	pfeifen	_	_	
99-22	58666-58667	,	_	_	
99-23	58668-58671	hat	_	_	
99-24	58672-58675	der	_	_	
99-25	58676-58688	PEN-Kongress	_	_	
99-26	58689-58694	seine	_	_	
99-27	58695-58700	Zelte	*->50-1	non-literal-mwe[50]	
99-28	58701-58704	nun	_	_	
99-29	58705-58709	doch	_	_	
99-30	58710-58715	nicht	_	_	
99-31	58716-58718	in	_	_	
99-32	58719-58728	Dubrovnik	_	_	
99-33	58729-58742	aufgeschlagen	*->50-2	*[50]	
99-34	58743-58744	,	_	_	
99-35	58745-58752	sondern	_	_	
99-36	58753-58756	auf	_	_	
99-37	58757-58760	der	_	_	
99-38	58761-58772	kroatischen	_	_	
99-39	58773-58778	Insel	_	_	
99-40	58779-58783	Hvar	_	_	
99-41	58784-58785	.	_	_	

#Text=Noch gibt das Kehler Sozialamt täglich Essensgutscheine aus , bringen Bürger Spenden zum ehemaligen Truppenübungsgelände , auf dem die Flüchtlinge ihre Zelte aufgeschlagen haben .
101-1	59561-59565	Noch	_	_	
101-2	59566-59570	gibt	_	_	
101-3	59571-59574	das	_	_	
101-4	59575-59581	Kehler	_	_	
101-5	59582-59591	Sozialamt	_	_	
101-6	59592-59599	täglich	_	_	
101-7	59600-59616	Essensgutscheine	_	_	
101-8	59617-59620	aus	_	_	
101-9	59621-59622	,	_	_	
101-10	59623-59630	bringen	_	_	
101-11	59631-59637	Bürger	_	_	
101-12	59638-59645	Spenden	_	_	
101-13	59646-59649	zum	_	_	
101-14	59650-59660	ehemaligen	_	_	
101-15	59661-59681	Truppenübungsgelände	_	_	
101-16	59682-59683	,	_	_	
101-17	59684-59687	auf	_	_	
101-18	59688-59691	dem	_	_	
101-19	59692-59695	die	_	_	
101-20	59696-59707	Flüchtlinge	_	_	
101-21	59708-59712	ihre	_	_	
101-22	59713-59718	Zelte	*->51-1	literal[51]	
101-23	59719-59732	aufgeschlagen	*->51-2	*[51]	
101-24	59733-59738	haben	_	_	
101-25	59739-59740	.	_	_	

#Text=Im Schutz der Baumreihe werden die Zelte aufgeschlagen .
103-1	60212-60214	Im	_	_	
103-2	60215-60221	Schutz	_	_	
103-3	60222-60225	der	_	_	
103-4	60226-60235	Baumreihe	_	_	
103-5	60236-60242	werden	_	_	
103-6	60243-60246	die	_	_	
103-7	60247-60252	Zelte	*->52-1	literal[52]	
103-8	60253-60266	aufgeschlagen	*->52-2	*[52]	
103-9	60267-60268	.	_	_	

#Text=Das Hochbauamt des Bezirksamts Mitte hatte zuvor untersagt , ein solches Zelt aufzuschlagen .
1	_	Das	_	_	
2	_	Hochbauamt	_	_	
3	_	des	_	_	
4	_	Bezirksamts	_	_	
5	_	Mitte	_	_	
6	_	hatte	_	_	
7	_	zuvor	_	_	
8	_	untersagt	_	_	
9	_	,	_	_	
10	_	ein	_	_	
11	_	solches	_	_	
12	_	Zelt	*->53-1	literal[53]	
13	_	aufzuschlagen	*->53-2	*[53]	

#Text=Jedenfalls hat also dieser Spielberg seine Zelte vor den Toren des ehemaligen Konzentrationslagers Auschwitz aufgeschlagen , wo er mit den Dreharbeiten zu seinem Film Die Schindler-Liste begonnen hat .
107-1	61192-61202	Jedenfalls	_	_	
107-2	61203-61206	hat	_	_	
107-3	61207-61211	also	_	_	
107-4	61212-61218	dieser	_	_	
107-5	61219-61228	Spielberg	_	_	
107-6	61229-61234	seine	_	_	
107-7	61235-61240	Zelte	*->54-1	non-literal-mwe[54]	
107-8	61241-61244	vor	_	_	
107-9	61245-61248	den	_	_	
107-10	61249-61254	Toren	_	_	
107-11	61255-61258	des	_	_	
107-12	61259-61269	ehemaligen	_	_	
107-13	61270-61290	Konzentrationslagers	_	_	
107-14	61291-61300	Auschwitz	_	_	
107-15	61301-61314	aufgeschlagen	*->54-2	*[54]	
107-16	61315-61316	,	_	_	
107-17	61317-61319	wo	_	_	
107-18	61320-61322	er	_	_	
107-19	61323-61326	mit	_	_	
107-20	61327-61330	den	_	_	
107-21	61331-61343	Dreharbeiten	_	_	
107-22	61344-61346	zu	_	_	
107-23	61347-61353	seinem	_	_	
107-24	61354-61358	Film	_	_	
107-25	61359-61362	Die	_	_	
107-26	61363-61378	Schindler-Liste	_	_	
107-27	61379-61387	begonnen	_	_	
107-28	61388-61391	hat	_	_	
107-29	61392-61393	.	_	_	

#Text=Die ersten fünf Zelte sind inzwischen aufgeschlagen .
109-1	62387-62390	Die	_	_	
109-2	62391-62397	ersten	_	_	
109-3	62398-62402	fünf	_	_	
109-4	62403-62408	Zelte	*->55-1	literal[55]	
109-5	62409-62413	sind	_	_	
109-6	62414-62424	inzwischen	_	_	
109-7	62425-62438	aufgeschlagen	*->55-2	*[55]	
109-8	62439-62440	.	_	_	

#Text=Nicht nur Born und Buch , die beide in der Dickhardtstraße 48 wohnten , hatten in Friedenau ihre Zelte aufgeschlagen , sondern auch Hans Magnus Enzensberger , Günter Herburger , Christoph Meckel oder Günter Bruno Fuchs .
111-1	62923-62928	Nicht	_	_	
111-2	62929-62932	nur	_	_	
111-3	62933-62937	Born	_	_	
111-4	62938-62941	und	_	_	
111-5	62942-62946	Buch	_	_	
111-6	62947-62948	,	_	_	
111-7	62949-62952	die	_	_	
111-8	62953-62958	beide	_	_	
111-9	62959-62961	in	_	_	
111-10	62962-62965	der	_	_	
111-11	62966-62981	Dickhardtstraße	_	_	
111-12	62982-62984	48	_	_	
111-13	62985-62992	wohnten	_	_	
111-14	62993-62994	,	_	_	
111-15	62995-63001	hatten	_	_	
111-16	63002-63004	in	_	_	
111-17	63005-63014	Friedenau	_	_	
111-18	63015-63019	ihre	_	_	
111-19	63020-63025	Zelte	*->56-1	non-literal-mwe[56]	
111-20	63026-63039	aufgeschlagen	*->56-2	*[56]	
111-21	63040-63041	,	_	_	
111-22	63042-63049	sondern	_	_	
111-23	63050-63054	auch	_	_	
111-24	63055-63059	Hans	_	_	
111-25	63060-63066	Magnus	_	_	
111-26	63067-63079	Enzensberger	_	_	
111-27	63080-63081	,	_	_	
111-28	63082-63088	Günter	_	_	
111-29	63089-63098	Herburger	_	_	
111-30	63099-63100	,	_	_	
111-31	63101-63110	Christoph	_	_	
111-32	63111-63117	Meckel	_	_	
111-33	63118-63122	oder	_	_	
111-34	63123-63129	Günter	_	_	
111-35	63130-63135	Bruno	_	_	
111-36	63136-63141	Fuchs	_	_	
111-37	63142-63143	.	_	_	

#Text=Allen gemeinsam ist , daß sie ihre Zelte in einem Hausprojekt aufgeschlagen haben , für das sie selber verantwortlich sind .
113-1	63889-63894	Allen	_	_	
113-2	63895-63904	gemeinsam	_	_	
113-3	63905-63908	ist	_	_	
113-4	63909-63910	,	_	_	
113-5	63911-63914	daß	_	_	
113-6	63915-63918	sie	_	_	
113-7	63919-63923	ihre	_	_	
113-8	63924-63929	Zelte	*->57-1	non-literal-mwe[57]	
113-9	63930-63932	in	_	_	
113-10	63933-63938	einem	_	_	
113-11	63939-63950	Hausprojekt	_	_	
113-12	63951-63964	aufgeschlagen	*->57-2	*[57]	
113-13	63965-63970	haben	_	_	
113-14	63971-63972	,	_	_	
113-15	63973-63976	für	_	_	
113-16	63977-63980	das	_	_	
113-17	63981-63984	sie	_	_	
113-18	63985-63991	selber	_	_	
113-19	63992-64006	verantwortlich	_	_	
113-20	64007-64011	sind	_	_	
113-21	64012-64013	.	_	_	

#Text=367 Dauercamper haben dieses Jahr hier ihre Zelte aufgeschlagen , das sind etwa doppelt so viele wie noch vor vier Jahren .
115-1	64729-64732	367	_	_	
115-2	64733-64744	Dauercamper	_	_	
115-3	64745-64750	haben	_	_	
115-4	64751-64757	dieses	_	_	
115-5	64758-64762	Jahr	_	_	
115-6	64763-64767	hier	_	_	
115-7	64768-64772	ihre	_	_	
115-8	64773-64778	Zelte	*->58-1	literal[58]	
115-9	64779-64792	aufgeschlagen	*->58-2	*[58]	
115-10	64793-64794	,	_	_	
115-11	64795-64798	das	_	_	
115-12	64799-64803	sind	_	_	
115-13	64804-64808	etwa	_	_	
115-14	64809-64816	doppelt	_	_	
115-15	64817-64819	so	_	_	
115-16	64820-64825	viele	_	_	
115-17	64826-64829	wie	_	_	
115-18	64830-64834	noch	_	_	
115-19	64835-64838	vor	_	_	
115-20	64839-64843	vier	_	_	
115-21	64844-64850	Jahren	_	_	
115-22	64851-64852	.	_	_	

#Text=Allein in Aguas Blancas - im Juni 1995 Schauplatz des Bauern-Massakers - haben rund 500 Soldaten ihre Zelte aufgeschlagen .
117-1	65539-65545	Allein	_	_	
117-2	65546-65548	in	_	_	
117-3	65549-65554	Aguas	_	_	
117-4	65555-65562	Blancas	_	_	
117-5	65563-65564	-	_	_	
117-6	65565-65567	im	_	_	
117-7	65568-65572	Juni	_	_	
117-8	65573-65577	1995	_	_	
117-9	65578-65588	Schauplatz	_	_	
117-10	65589-65592	des	_	_	
117-11	65593-65609	Bauern-Massakers	_	_	
117-12	65610-65611	-	_	_	
117-13	65612-65617	haben	_	_	
117-14	65618-65622	rund	_	_	
117-15	65623-65626	500	_	_	
117-16	65627-65635	Soldaten	_	_	
117-17	65636-65640	ihre	_	_	
117-18	65641-65646	Zelte	*->59-1	literal[59]	
117-19	65647-65660	aufgeschlagen	*->59-2	*[59]	
117-20	65661-65662	.	_	_	

#Text=Eines Nachmittags , als man die ganze Sache wieder einmal gründlich durchging und Espinosas Witwe auch im Laden war , sagte sie mit geheimnisvoller Miene , daß ihrer Meinung nach etwas viel Schrecklicheres passiert sei ; der junge Mann hatte , wie wir alle ja wüßten , sein Zelt in der Nähe ihres Hauses aufgeschlagen , und obwohl sie , genau wie wir , ihn lange nicht mehr gesehen hätte , wäre sein Zelt immer noch da , und es käme ihr doch sehr seltsam - sie wiederholte die Worte : sehr seltsam - vor , daß sie das Zelt nicht mitgenommen hätten .
119-1	66224-66229	Eines	_	_	
119-2	66230-66241	Nachmittags	_	_	
119-3	66242-66243	,	_	_	
119-4	66244-66247	als	_	_	
119-5	66248-66251	man	_	_	
119-6	66252-66255	die	_	_	
119-7	66256-66261	ganze	_	_	
119-8	66262-66267	Sache	_	_	
119-9	66268-66274	wieder	_	_	
119-10	66275-66281	einmal	_	_	
119-11	66282-66291	gründlich	_	_	
119-12	66292-66301	durchging	_	_	
119-13	66302-66305	und	_	_	
119-14	66306-66315	Espinosas	_	_	
119-15	66316-66321	Witwe	_	_	
119-16	66322-66326	auch	_	_	
119-17	66327-66329	im	_	_	
119-18	66330-66335	Laden	_	_	
119-19	66336-66339	war	_	_	
119-20	66340-66341	,	_	_	
119-21	66342-66347	sagte	_	_	
119-22	66348-66351	sie	_	_	
119-23	66352-66355	mit	_	_	
119-24	66356-66371	geheimnisvoller	_	_	
119-25	66372-66377	Miene	_	_	
119-26	66378-66379	,	_	_	
119-27	66380-66383	daß	_	_	
119-28	66384-66389	ihrer	_	_	
119-29	66390-66397	Meinung	_	_	
119-30	66398-66402	nach	_	_	
119-31	66403-66408	etwas	_	_	
119-32	66409-66413	viel	_	_	
119-33	66414-66429	Schrecklicheres	_	_	
119-34	66430-66438	passiert	_	_	
119-35	66439-66442	sei	_	_	
119-36	66443-66444	;	_	_	
119-37	66445-66448	der	_	_	
119-38	66449-66454	junge	_	_	
119-39	66455-66459	Mann	_	_	
119-40	66460-66465	hatte	_	_	
119-41	66466-66467	,	_	_	
119-42	66468-66471	wie	_	_	
119-43	66472-66475	wir	_	_	
119-44	66476-66480	alle	_	_	
119-45	66481-66483	ja	_	_	
119-46	66484-66490	wüßten	_	_	
119-47	66491-66492	,	_	_	
119-48	66493-66497	sein	_	_	
119-49	66498-66502	Zelt	*->60-1	literal[60]	
119-50	66503-66505	in	_	_	
119-51	66506-66509	der	_	_	
119-52	66510-66514	Nähe	_	_	
119-53	66515-66520	ihres	_	_	
119-54	66521-66527	Hauses	_	_	
119-55	66528-66541	aufgeschlagen	*->60-2	*[60]	
119-56	66542-66543	,	_	_	
119-57	66544-66547	und	_	_	
119-58	66548-66554	obwohl	_	_	
119-59	66555-66558	sie	_	_	
119-60	66559-66560	,	_	_	
119-61	66561-66566	genau	_	_	
119-62	66567-66570	wie	_	_	
119-63	66571-66574	wir	_	_	
119-64	66575-66576	,	_	_	
119-65	66577-66580	ihn	_	_	
119-66	66581-66586	lange	_	_	
119-67	66587-66592	nicht	_	_	
119-68	66593-66597	mehr	_	_	
119-69	66598-66605	gesehen	_	_	
119-70	66606-66611	hätte	_	_	
119-71	66612-66613	,	_	_	
119-72	66614-66618	wäre	_	_	
119-73	66619-66623	sein	_	_	
119-74	66624-66628	Zelt	_	_	
119-75	66629-66634	immer	_	_	
119-76	66635-66639	noch	_	_	
119-77	66640-66642	da	_	_	
119-78	66643-66644	,	_	_	
119-79	66645-66648	und	_	_	
119-80	66649-66651	es	_	_	
119-81	66652-66656	käme	_	_	
119-82	66657-66660	ihr	_	_	
119-83	66661-66665	doch	_	_	
119-84	66666-66670	sehr	_	_	
119-85	66671-66678	seltsam	_	_	
119-86	66679-66680	-	_	_	
119-87	66681-66684	sie	_	_	
119-88	66685-66696	wiederholte	_	_	
119-89	66697-66700	die	_	_	
119-90	66701-66706	Worte	_	_	
119-91	66707-66708	:	_	_	
119-92	66709-66713	sehr	_	_	
119-93	66714-66721	seltsam	_	_	
119-94	66722-66723	-	_	_	
119-95	66724-66727	vor	_	_	
119-96	66728-66729	,	_	_	
119-97	66730-66733	daß	_	_	
119-98	66734-66737	sie	_	_	
119-99	66738-66741	das	_	_	
119-100	66742-66746	Zelt	_	_	
119-101	66747-66752	nicht	_	_	
119-102	66753-66764	mitgenommen	_	_	
119-103	66765-66771	hätten	_	_	
119-104	66772-66773	.	_	_	

#Text=Das " Atelier Blauschimmel " hat seine Zelte in der Oldenburger Kulturetage aufgeschlagen und bietet allen Normalen und Verrückten Kurse und Workshops in den Bereichen Musik , Theater , Tanz , Masken etc an .
121-1	68050-68053	Das	_	_	
121-2	68054-68055	"	_	_	
121-3	68056-68063	Atelier	_	_	
121-4	68064-68076	Blauschimmel	_	_	
121-5	68077-68078	"	_	_	
121-6	68079-68082	hat	_	_	
121-7	68083-68088	seine	_	_	
121-8	68089-68094	Zelte	*->61-1	non-literal-mwe[61]	
121-9	68095-68097	in	_	_	
121-10	68098-68101	der	_	_	
121-11	68102-68113	Oldenburger	_	_	
121-12	68114-68125	Kulturetage	_	_	
121-13	68126-68139	aufgeschlagen	*->61-2	*[61]	
121-14	68140-68143	und	_	_	
121-15	68144-68150	bietet	_	_	
121-16	68151-68156	allen	_	_	
121-17	68157-68165	Normalen	_	_	
121-18	68166-68169	und	_	_	
121-19	68170-68180	Verrückten	_	_	
121-20	68181-68186	Kurse	_	_	
121-21	68187-68190	und	_	_	
121-22	68191-68200	Workshops	_	_	
121-23	68201-68203	in	_	_	
121-24	68204-68207	den	_	_	
121-25	68208-68217	Bereichen	_	_	
121-26	68218-68223	Musik	_	_	
121-27	68224-68225	,	_	_	
121-28	68226-68233	Theater	_	_	
121-29	68234-68235	,	_	_	
121-30	68236-68240	Tanz	_	_	
121-31	68241-68242	,	_	_	
121-32	68243-68249	Masken	_	_	
121-33	68250-68253	etc	_	_	
121-34	68254-68256	an	_	_	
121-35	68257-68258	.	_	_	

#Text=Zwischen den buntbemalten Häuserfassaden hat das Rote Kreuz ein riesiges Zelt aufgeschlagen , weiter unten spielen Jugendliche Basketball .
123-1	68761-68769	Zwischen	_	_	
123-2	68770-68773	den	_	_	
123-3	68774-68786	buntbemalten	_	_	
123-4	68787-68801	Häuserfassaden	_	_	
123-5	68802-68805	hat	_	_	
123-6	68806-68809	das	_	_	
123-7	68810-68814	Rote	_	_	
123-8	68815-68820	Kreuz	_	_	
123-9	68821-68824	ein	_	_	
123-10	68825-68833	riesiges	_	_	
123-11	68834-68838	Zelt	*->62-1	literal[62]	
123-12	68839-68852	aufgeschlagen	*->62-2	*[62]	
123-13	68853-68854	,	_	_	
123-14	68855-68861	weiter	_	_	
123-15	68862-68867	unten	_	_	
123-16	68868-68875	spielen	_	_	
123-17	68876-68887	Jugendliche	_	_	
123-18	68888-68898	Basketball	_	_	
123-19	68899-68900	.	_	_	

#Text=Außerdem liege ein Angebot der Berliner Bäder-Betriebe ( BBB ) vor , die Zelte dauerhaft vor einem der Bäder aufzuschlagen .
1	_	Außerdem	_	_	
2	_	liege	_	_	
3	_	ein	_	_	
4	_	Angebot	_	_	
5	_	der	_	_	
6	_	Berliner	_	_	
7	_	Bäder-Betriebe	_	_	
8	_	(	_	_	
9	_	BBB	_	_	
10	_	)	_	_	
11	_	vor	_	_	
12	_	,	_	_	
13	_	die	_	_	
14	_	Zelte	*->63-1	literal[63]	
15	_	dauerhaft	_	_	
16	_	vor	_	_	
17	_	einem	_	_	
18	_	der	_	_	
19	_	Bäder	_	_	
20	_	aufzuschlagen	*->63-2	*[63]	
21	_	.	_	_	

#Text=Wenn die Band nicht gerade auf irgendeiner Bühne steht , werden die Zelte in San Francisco aufgeschlagen .
127-1	70315-70319	Wenn	_	_	
127-2	70320-70323	die	_	_	
127-3	70324-70328	Band	_	_	
127-4	70329-70334	nicht	_	_	
127-5	70335-70341	gerade	_	_	
127-6	70342-70345	auf	_	_	
127-7	70346-70357	irgendeiner	_	_	
127-8	70358-70363	Bühne	_	_	
127-9	70364-70369	steht	_	_	
127-10	70370-70371	,	_	_	
127-11	70372-70378	werden	_	_	
127-12	70379-70382	die	_	_	
127-13	70383-70388	Zelte	*->64-1	non-literal-mwe[64]	
127-14	70389-70391	in	_	_	
127-15	70392-70395	San	_	_	
127-16	70396-70405	Francisco	_	_	
127-17	70406-70419	aufgeschlagen	*->64-2	*[64]	
127-18	70420-70421	.	_	_	

#Text=Wer sich aus traditionell milde verengter fränkischer Perspektive ( auch mir ist Nau nur allzu vertraut , und damals war der Besenbeck ein Haushaltswarengeschäft und die Wurst kaufte man beim Henninger ) schwer tut mit der Gewöhnung an die Sprachökonomisierung , der war noch nicht in Tü , also im sprichwörtlich sparsamen Schwaben , woselbst man mit dem Tübus von Hegel zu Bloch kutschiert wird , freilich verkehrsmäßig in Schwierigkeiten geraten kann , sofern man in Kadingen ( Kusterdingen ) oder gar dem zungenbrechenden Kafurt ( Kirchentellinsfurt ) seine Zelte aufgeschlagen hat !
129-1	70980-70983	Wer	_	_	
129-2	70984-70988	sich	_	_	
129-3	70989-70992	aus	_	_	
129-4	70993-71005	traditionell	_	_	
129-5	71006-71011	milde	_	_	
129-6	71012-71021	verengter	_	_	
129-7	71022-71033	fränkischer	_	_	
129-8	71034-71045	Perspektive	_	_	
129-9	71046-71047	(	_	_	
129-10	71048-71052	auch	_	_	
129-11	71053-71056	mir	_	_	
129-12	71057-71060	ist	_	_	
129-13	71061-71064	Nau	_	_	
129-14	71065-71068	nur	_	_	
129-15	71069-71074	allzu	_	_	
129-16	71075-71083	vertraut	_	_	
129-17	71084-71085	,	_	_	
129-18	71086-71089	und	_	_	
129-19	71090-71096	damals	_	_	
129-20	71097-71100	war	_	_	
129-21	71101-71104	der	_	_	
129-22	71105-71114	Besenbeck	_	_	
129-23	71115-71118	ein	_	_	
129-24	71119-71141	Haushaltswarengeschäft	_	_	
129-25	71142-71145	und	_	_	
129-26	71146-71149	die	_	_	
129-27	71150-71155	Wurst	_	_	
129-28	71156-71162	kaufte	_	_	
129-29	71163-71166	man	_	_	
129-30	71167-71171	beim	_	_	
129-31	71172-71181	Henninger	_	_	
129-32	71182-71183	)	_	_	
129-33	71184-71190	schwer	_	_	
129-34	71191-71194	tut	_	_	
129-35	71195-71198	mit	_	_	
129-36	71199-71202	der	_	_	
129-37	71203-71212	Gewöhnung	_	_	
129-38	71213-71215	an	_	_	
129-39	71216-71219	die	_	_	
129-40	71220-71240	Sprachökonomisierung	_	_	
129-41	71241-71242	,	_	_	
129-42	71243-71246	der	_	_	
129-43	71247-71250	war	_	_	
129-44	71251-71255	noch	_	_	
129-45	71256-71261	nicht	_	_	
129-46	71262-71264	in	_	_	
129-47	71265-71267	Tü	_	_	
129-48	71268-71269	,	_	_	
129-49	71270-71274	also	_	_	
129-50	71275-71277	im	_	_	
129-51	71278-71292	sprichwörtlich	_	_	
129-52	71293-71302	sparsamen	_	_	
129-53	71303-71311	Schwaben	_	_	
129-54	71312-71313	,	_	_	
129-55	71314-71322	woselbst	_	_	
129-56	71323-71326	man	_	_	
129-57	71327-71330	mit	_	_	
129-58	71331-71334	dem	_	_	
129-59	71335-71340	Tübus	_	_	
129-60	71341-71344	von	_	_	
129-61	71345-71350	Hegel	_	_	
129-62	71351-71353	zu	_	_	
129-63	71354-71359	Bloch	_	_	
129-64	71360-71370	kutschiert	_	_	
129-65	71371-71375	wird	_	_	
129-66	71376-71377	,	_	_	
129-67	71378-71386	freilich	_	_	
129-68	71387-71400	verkehrsmäßig	_	_	
129-69	71401-71403	in	_	_	
129-70	71404-71419	Schwierigkeiten	_	_	
129-71	71420-71427	geraten	_	_	
129-72	71428-71432	kann	_	_	
129-73	71433-71434	,	_	_	
129-74	71435-71441	sofern	_	_	
129-75	71442-71445	man	_	_	
129-76	71446-71448	in	_	_	
129-77	71449-71457	Kadingen	_	_	
129-78	71458-71459	(	_	_	
129-79	71460-71472	Kusterdingen	_	_	
129-80	71473-71474	)	_	_	
129-81	71475-71479	oder	_	_	
129-82	71480-71483	gar	_	_	
129-83	71484-71487	dem	_	_	
129-84	71488-71504	zungenbrechenden	_	_	
129-85	71505-71511	Kafurt	_	_	
129-86	71512-71513	(	_	_	
129-87	71514-71532	Kirchentellinsfurt	_	_	
129-88	71533-71534	)	_	_	
129-89	71535-71540	seine	_	_	
129-90	71541-71546	Zelte	*->65-1	non-literal-mwe[65]	
129-91	71547-71560	aufgeschlagen	*->65-2	*[65]	
129-92	71561-71564	hat	_	_	
129-93	71565-71566	!	_	_	

#Text=Ist ja schließlich öffentlich-rechtliches , pädagogisch wertvolles Terrain , auf dem der Zirkus sein Zelt aufgeschlagen hat .
131-1	72154-72157	Ist	_	_	
131-2	72158-72160	ja	_	_	
131-3	72161-72172	schließlich	_	_	
131-4	72173-72195	öffentlich-rechtliches	_	_	
131-5	72196-72197	,	_	_	
131-6	72198-72209	pädagogisch	_	_	
131-7	72210-72220	wertvolles	_	_	
131-8	72221-72228	Terrain	_	_	
131-9	72229-72230	,	_	_	
131-10	72231-72234	auf	_	_	
131-11	72235-72238	dem	_	_	
131-12	72239-72242	der	_	_	
131-13	72243-72249	Zirkus	_	_	
131-14	72250-72254	sein	_	_	
131-15	72255-72259	Zelt	*->66-1	literal[66]	
131-16	72260-72273	aufgeschlagen	*->66-2	*[66]	
131-17	72274-72277	hat	_	_	
131-18	72278-72279	.	_	_	

#Text=Auf den Feldern nebenan , die mit drei Reihen Stacheldraht und einem Graben von der Garvaghy Road getrennt sind , haben die Oranier ihre Zelte aufgeschlagen .
133-1	72801-72804	Auf	_	_	
133-2	72805-72808	den	_	_	
133-3	72809-72816	Feldern	_	_	
133-4	72817-72824	nebenan	_	_	
133-5	72825-72826	,	_	_	
133-6	72827-72830	die	_	_	
133-7	72831-72834	mit	_	_	
133-8	72835-72839	drei	_	_	
133-9	72840-72846	Reihen	_	_	
133-10	72847-72859	Stacheldraht	_	_	
133-11	72860-72863	und	_	_	
133-12	72864-72869	einem	_	_	
133-13	72870-72876	Graben	_	_	
133-14	72877-72880	von	_	_	
133-15	72881-72884	der	_	_	
133-16	72885-72893	Garvaghy	_	_	
133-17	72894-72898	Road	_	_	
133-18	72899-72907	getrennt	_	_	
133-19	72908-72912	sind	_	_	
133-20	72913-72914	,	_	_	
133-21	72915-72920	haben	_	_	
133-22	72921-72924	die	_	_	
133-23	72925-72932	Oranier	_	_	
133-24	72933-72937	ihre	_	_	
133-25	72938-72943	Zelte	*->67-1	literal[67]	
133-26	72944-72957	aufgeschlagen	*->67-2	*[67]	
133-27	72958-72959	.	_	_	

#Text=" Die Kirche von Drumcree und die Felder , auf denen die Oranier ihre Zelte aufgeschlagen haben , gehören der Church of Ireland .
135-1	73770-73771	"	_	_	
135-2	73772-73775	Die	_	_	
135-3	73776-73782	Kirche	_	_	
135-4	73783-73786	von	_	_	
135-5	73787-73795	Drumcree	_	_	
135-6	73796-73799	und	_	_	
135-7	73800-73803	die	_	_	
135-8	73804-73810	Felder	_	_	
135-9	73811-73812	,	_	_	
135-10	73813-73816	auf	_	_	
135-11	73817-73822	denen	_	_	
135-12	73823-73826	die	_	_	
135-13	73827-73834	Oranier	_	_	
135-14	73835-73839	ihre	_	_	
135-15	73840-73845	Zelte	*->68-1	literal[68]	
135-16	73846-73859	aufgeschlagen	*->68-2	*[68]	
135-17	73860-73865	haben	_	_	
135-18	73866-73867	,	_	_	
135-19	73868-73875	gehören	_	_	
135-20	73876-73879	der	_	_	
135-21	73880-73886	Church	_	_	
135-22	73887-73889	of	_	_	
135-23	73890-73897	Ireland	_	_	
135-24	73898-73899	.	_	_	

#Text=Hatte sie ursprünglich ihre Zelte an der Moldau nur deshalb aufgeschlagen , um bald , vor Ort , über einen anstehenden slowakisch-tschechischen Bürgerkrieg zu berichten ?
137-1	74764-74769	Hatte	_	_	
137-2	74770-74773	sie	_	_	
137-3	74774-74786	ursprünglich	_	_	
137-4	74787-74791	ihre	_	_	
137-5	74792-74797	Zelte	*->69-1	non-literal-mwe[69]	
137-6	74798-74800	an	_	_	
137-7	74801-74804	der	_	_	
137-8	74805-74811	Moldau	_	_	
137-9	74812-74815	nur	_	_	
137-10	74816-74823	deshalb	_	_	
137-11	74824-74837	aufgeschlagen	*->69-2	*[69]	
137-12	74838-74839	,	_	_	
137-13	74840-74842	um	_	_	
137-14	74843-74847	bald	_	_	
137-15	74848-74849	,	_	_	
137-16	74850-74853	vor	_	_	
137-17	74854-74857	Ort	_	_	
137-18	74858-74859	,	_	_	
137-19	74860-74864	über	_	_	
137-20	74865-74870	einen	_	_	
137-21	74871-74882	anstehenden	_	_	
137-22	74883-74907	slowakisch-tschechischen	_	_	
137-23	74908-74919	Bürgerkrieg	_	_	
137-24	74920-74922	zu	_	_	
137-25	74923-74932	berichten	_	_	
137-26	74933-74934	?	_	_	

#Text=Masahiko T. und sein Kollege Hiroshi K. haben mit rund 1.500 anderen Obdachlosen unter Bäumen ihr Zelt aufgeschlagen .
139-1	75348-75356	Masahiko	_	_	
139-2	75357-75359	T.	_	_	
139-3	75360-75363	und	_	_	
139-4	75364-75368	sein	_	_	
139-5	75369-75376	Kollege	_	_	
139-6	75377-75384	Hiroshi	_	_	
139-7	75385-75387	K.	_	_	
139-8	75388-75393	haben	_	_	
139-9	75394-75397	mit	_	_	
139-10	75398-75402	rund	_	_	
139-11	75403-75408	1.500	_	_	
139-12	75409-75416	anderen	_	_	
139-13	75417-75428	Obdachlosen	_	_	
139-14	75429-75434	unter	_	_	
139-15	75435-75441	Bäumen	_	_	
139-16	75442-75445	ihr	_	_	
139-17	75446-75450	Zelt	*->70-1	literal[70]	
139-18	75451-75464	aufgeschlagen	*->70-2	*[70]	
139-19	75465-75466	.	_	_	

#Text=Warum er nun ausgerechnet in Berlin seine Zelte aufschlagen mußte , ist ein Rätsel , das bei der " Popstar"-Record- Release-Party vielleicht seine Auflösung erfährt .
141-1	76186-76191	Warum	_	_	
141-2	76192-76194	er	_	_	
141-3	76195-76198	nun	_	_	
141-4	76199-76211	ausgerechnet	_	_	
141-5	76212-76214	in	_	_	
141-6	76215-76221	Berlin	_	_	
141-7	76222-76227	seine	_	_	
141-8	76228-76233	Zelte	*->71-1	non-literal-mwe[71]	
141-9	76234-76245	aufschlagen	*->71-2	*[71]	
141-10	76246-76251	mußte	_	_	
141-11	76252-76253	,	_	_	
141-12	76254-76257	ist	_	_	
141-13	76258-76261	ein	_	_	
141-14	76262-76268	Rätsel	_	_	
141-15	76269-76270	,	_	_	
141-16	76271-76274	das	_	_	
141-17	76275-76278	bei	_	_	
141-18	76279-76282	der	_	_	
141-19	76283-76284	"	_	_	
141-20	76285-76301	Popstar"-Record-	_	_	
141-21	76302-76315	Release-Party	_	_	
141-22	76316-76326	vielleicht	_	_	
141-23	76327-76332	seine	_	_	
141-24	76333-76342	Auflösung	_	_	
141-25	76343-76350	erfährt	_	_	
141-26	76351-76352	.	_	_	

#Text=Dieser Umstand ändere jedoch nichts an der erklärten Absicht , das Zelt bis zum 31. Juli 1999 auf dem Schloßplatz aufzuschlagen .
1	_	Dieser	_	_	
2	_	Umstand	_	_	
3	_	ändere	_	_	
4	_	jedoch	_	_	
5	_	nichts	_	_	
6	_	an	_	_	
7	_	der	_	_	
8	_	erklärten	_	_	
9	_	Absicht	_	_	
10	_	,	_	_	
11	_	das	_	_	
12	_	Zelt	*->72-1	literal[72]	
13	_	bis	_	_	
14	_	zum	_	_	
15	_	31.	_	_	
16	_	Juli	_	_	
17	_	1999	_	_	
18	_	auf	_	_	
19	_	dem	_	_	
20	_	Schloßplatz	_	_	
21	_	aufzuschlagen	*->72-2	*[72]	
22	_	.	_	_	

#Text=Nach vertraulichen Informationen hat der Krasnojarsker Gouverneur und Ex-General Alexander Lebed im Vorzimmer Wiktor Stepanowitschs schon " ein Zelt aufgeschlagen " .
145-1	77340-77344	Nach	_	_	
145-2	77345-77358	vertraulichen	_	_	
145-3	77359-77372	Informationen	_	_	
145-4	77373-77376	hat	_	_	
145-5	77377-77380	der	_	_	
145-6	77381-77394	Krasnojarsker	_	_	
145-7	77395-77405	Gouverneur	_	_	
145-8	77406-77409	und	_	_	
145-9	77410-77420	Ex-General	_	_	
145-10	77421-77430	Alexander	_	_	
145-11	77431-77436	Lebed	_	_	
145-12	77437-77439	im	_	_	
145-13	77440-77449	Vorzimmer	_	_	
145-14	77450-77456	Wiktor	_	_	
145-15	77457-77471	Stepanowitschs	_	_	
145-16	77472-77477	schon	_	_	
145-17	77478-77479	"	_	_	
145-18	77480-77483	ein	_	_	
145-19	77484-77488	Zelt	*->73-1	non-literal-mwe[73]	
145-20	77489-77502	aufgeschlagen	*->73-2	*[73]	
145-21	77503-77504	"	_	_	
145-22	77505-77506	.	_	_	

#Text=Sie arbeitet in einem der Zelte , die neben der Turiner Kongreßhalle aufgeschlagen wurden .
147-1	78013-78016	Sie	_	_	
147-2	78017-78025	arbeitet	_	_	
147-3	78026-78028	in	_	_	
147-4	78029-78034	einem	_	_	
147-5	78035-78038	der	_	_	
147-6	78039-78044	Zelte	*->74-1	literal[74]	
147-7	78045-78046	,	_	_	
147-8	78047-78050	die	_	_	
147-9	78051-78056	neben	_	_	
147-10	78057-78060	der	_	_	
147-11	78061-78068	Turiner	_	_	
147-12	78069-78081	Kongreßhalle	_	_	
147-13	78082-78095	aufgeschlagen	*->74-2	*[74]	
147-14	78096-78102	wurden	_	_	
147-15	78103-78104	.	_	_	

#Text=Denn im Oval der Stadthalle hatte offenbar ein Baumarkthändler seine Zelte aufgeschlagen .
149-1	78969-78973	Denn	_	_	
149-2	78974-78976	im	_	_	
149-3	78977-78981	Oval	_	_	
149-4	78982-78985	der	_	_	
149-5	78986-78996	Stadthalle	_	_	
149-6	78997-79002	hatte	_	_	
149-7	79003-79011	offenbar	_	_	
149-8	79012-79015	ein	_	_	
149-9	79016-79031	Baumarkthändler	_	_	
149-10	79032-79037	seine	_	_	
149-11	79038-79043	Zelte	*->75-1	non-literal-mwe[75]	
149-12	79044-79057	aufgeschlagen	*->75-2	*[75]	
149-13	79058-79059	.	_	_	

#Text=Jeden Abend haben wir unsere Zelte in einem gewissen Abstand zu den Salzmännern aufgeschlagen , um sie und die Tiere nicht zu stören .
151-1	80013-80018	Jeden	_	_	
151-2	80019-80024	Abend	_	_	
151-3	80025-80030	haben	_	_	
151-4	80031-80034	wir	_	_	
151-5	80035-80041	unsere	_	_	
151-6	80042-80047	Zelte	*->76-1	literal[76]	
151-7	80048-80050	in	_	_	
151-8	80051-80056	einem	_	_	
151-9	80057-80065	gewissen	_	_	
151-10	80066-80073	Abstand	_	_	
151-11	80074-80076	zu	_	_	
151-12	80077-80080	den	_	_	
151-13	80081-80092	Salzmännern	_	_	
151-14	80093-80106	aufgeschlagen	*->76-2	*[76]	
151-15	80107-80108	,	_	_	
151-16	80109-80111	um	_	_	
151-17	80112-80115	sie	_	_	
151-18	80116-80119	und	_	_	
151-19	80120-80123	die	_	_	
151-20	80124-80129	Tiere	_	_	
151-21	80130-80135	nicht	_	_	
151-22	80136-80138	zu	_	_	
151-23	80139-80145	stören	_	_	
151-24	80146-80147	.	_	_	

#Text=Dort haben hungerstreikende rumänische Revolutionäre Anfang Oktober ihre Zelte aufgeschlagen .
153-1	80488-80492	Dort	_	_	
153-2	80493-80498	haben	_	_	
153-3	80499-80515	hungerstreikende	_	_	
153-4	80516-80526	rumänische	_	_	
153-5	80527-80540	Revolutionäre	_	_	
153-6	80541-80547	Anfang	_	_	
153-7	80548-80555	Oktober	_	_	
153-8	80556-80560	ihre	_	_	
153-9	80561-80566	Zelte	*->77-1	literal[77]	
153-10	80567-80580	aufgeschlagen	*->77-2	*[77]	
153-11	80581-80582	.	_	_	

#Text=Mittlerweile ist das " Meerkabarett " , das bereits zum vierten Mal sein Zelt auf der Insel aufschlägt und von den " Fliegenden Bauten Produktionen " aus Hamburg organisiert wird , zu einer feststehenden Einrichtung geworden .
155-1	81403-81415	Mittlerweile	_	_	
155-2	81416-81419	ist	_	_	
155-3	81420-81423	das	_	_	
155-4	81424-81425	"	_	_	
155-5	81426-81438	Meerkabarett	_	_	
155-6	81439-81440	"	_	_	
155-7	81441-81442	,	_	_	
155-8	81443-81446	das	_	_	
155-9	81447-81454	bereits	_	_	
155-10	81455-81458	zum	_	_	
155-11	81459-81466	vierten	_	_	
155-12	81467-81470	Mal	_	_	
155-13	81471-81475	sein	_	_	
155-14	81476-81480	Zelt	*->78-1	non-literal-mwe[78]	
155-15	81481-81484	auf	_	_	
155-16	81485-81488	der	_	_	
155-17	81489-81494	Insel	_	_	
155-18	81495-81505	aufschlägt	*->78-2	*[78]	
155-19	81506-81509	und	_	_	
155-20	81510-81513	von	_	_	
155-21	81514-81517	den	_	_	
155-22	81518-81519	"	_	_	
155-23	81520-81530	Fliegenden	_	_	
155-24	81531-81537	Bauten	_	_	
155-25	81538-81550	Produktionen	_	_	
155-26	81551-81552	"	_	_	
155-27	81553-81556	aus	_	_	
155-28	81557-81564	Hamburg	_	_	
155-29	81565-81576	organisiert	_	_	
155-30	81577-81581	wird	_	_	
155-31	81582-81583	,	_	_	
155-32	81584-81586	zu	_	_	
155-33	81587-81592	einer	_	_	
155-34	81593-81606	feststehenden	_	_	
155-35	81607-81618	Einrichtung	_	_	
155-36	81619-81627	geworden	_	_	
155-37	81628-81629	.	_	_	

#Text=Unten am Strand haben sie Zelte aufgeschlagen , vor denen sie , manche haben sogar ihre Kinder dabei , Marihuana rauchen und den ganzen Tag reglos in der Sonne liegen .
157-1	82325-82330	Unten	_	_	
157-2	82331-82333	am	_	_	
157-3	82334-82340	Strand	_	_	
157-4	82341-82346	haben	_	_	
157-5	82347-82350	sie	_	_	
157-6	82351-82356	Zelte	*->79-1	literal[79]	
157-7	82357-82370	aufgeschlagen	*->79-2	*[79]	
157-8	82371-82372	,	_	_	
157-9	82373-82376	vor	_	_	
157-10	82377-82382	denen	_	_	
157-11	82383-82386	sie	_	_	
157-12	82387-82388	,	_	_	
157-13	82389-82395	manche	_	_	
157-14	82396-82401	haben	_	_	
157-15	82402-82407	sogar	_	_	
157-16	82408-82412	ihre	_	_	
157-17	82413-82419	Kinder	_	_	
157-18	82420-82425	dabei	_	_	
157-19	82426-82427	,	_	_	
157-20	82428-82437	Marihuana	_	_	
157-21	82438-82445	rauchen	_	_	
157-22	82446-82449	und	_	_	
157-23	82450-82453	den	_	_	
157-24	82454-82460	ganzen	_	_	
157-25	82461-82464	Tag	_	_	
157-26	82465-82471	reglos	_	_	
157-27	82472-82474	in	_	_	
157-28	82475-82478	der	_	_	
157-29	82479-82484	Sonne	_	_	
157-30	82485-82491	liegen	_	_	
157-31	82492-82493	.	_	_	

#Text=Seit der sogenannte Kanzler mit einem einfachen Spatenstich das größte Freizeitvergnügen , den Sonntagsmittagskick vor dem Reichstag , einfach unterbunden hat und das Tempodrom seine neuen Zelte auf dem Platz vor dem Anhalter Bahnhof aufzuschlagen plant , ist man auf der Suche nach einer neuen adäquaten Freizeitbeschäftigung und hat sie nun also am Rande des Volksparks Friedrichshain , auf der Werneuchener Wiese , gefunden .
1	_	Seit	_	_	
2	_	der	_	_	
3	_	sogenannte	_	_	
4	_	Kanzler	_	_	
5	_	mit	_	_	
6	_	einem	_	_	
7	_	einfachen	_	_	
8	_	Spatenstich	_	_	
9	_	das	_	_	
10	_	größte	_	_	
11	_	Freizeitvergnügen	_	_	
12	_	,	_	_	
13	_	den	_	_	
14	_	Sonntagsmittagskick	_	_	
15	_	vor	_	_	
16	_	dem	_	_	
17	_	Reichstag	_	_	
18	_	,	_	_	
19	_	einfach	_	_	
20	_	unterbunden	_	_	
21	_	hat	_	_	
22	_	und	_	_	
23	_	das	_	_	
24	_	Tempodrom	_	_	
25	_	seine	_	_	
26	_	neuen	_	_	
27	_	Zelte	*->80-1	non-literal-mwe[80]	
28	_	auf	_	_	
29	_	dem	_	_	
30	_	Platz	_	_	
31	_	vor	_	_	
32	_	dem	_	_	
33	_	Anhalter	_	_	
34	_	Bahnhof	_	_	
35	_	aufzuschlagen	*->80-2	*[80]	
36	_	plant	_	_	
37	_	,	_	_	
38	_	ist	_	_	
39	_	man	_	_	
40	_	auf	_	_	
41	_	der	_	_	
42	_	Suche	_	_	
43	_	nach	_	_	
44	_	einer	_	_	
45	_	neuen	_	_	
46	_	adäquaten	_	_	
47	_	Freizeitbeschäftigung	_	_	
48	_	und	_	_	
49	_	hat	_	_	
50	_	sie	_	_	
51	_	nun	_	_	
52	_	also	_	_	
53	_	am	_	_	
54	_	Rande	_	_	
55	_	des	_	_	
56	_	Volksparks	_	_	
57	_	Friedrichshain	_	_	
58	_	,	_	_	
59	_	auf	_	_	
60	_	der	_	_	
61	_	Werneuchener	_	_	
62	_	Wiese	_	_	
63	_	,	_	_	
64	_	gefunden	_	_	
65	_	.	_	_	

#Text=Dieser West Port , für den das Zelt wieder am Deichtorplatz aufgeschlagen wird , könnte jedoch trotz eines nicht immer spannenden Programms künstlerisch wie kommerziell ein Erfolg werden .
161-1	83821-83827	Dieser	_	_	
161-2	83828-83832	West	_	_	
161-3	83833-83837	Port	_	_	
161-4	83838-83839	,	_	_	
161-5	83840-83843	für	_	_	
161-6	83844-83847	den	_	_	
161-7	83848-83851	das	_	_	
161-8	83852-83856	Zelt	*->81-1	literal[81]	
161-9	83857-83863	wieder	_	_	
161-10	83864-83866	am	_	_	
161-11	83867-83880	Deichtorplatz	_	_	
161-12	83881-83894	aufgeschlagen	*->81-2	*[81]	
161-13	83895-83899	wird	_	_	
161-14	83900-83901	,	_	_	
161-15	83902-83908	könnte	_	_	
161-16	83909-83915	jedoch	_	_	
161-17	83916-83921	trotz	_	_	
161-18	83922-83927	eines	_	_	
161-19	83928-83933	nicht	_	_	
161-20	83934-83939	immer	_	_	
161-21	83940-83950	spannenden	_	_	
161-22	83951-83960	Programms	_	_	
161-23	83961-83973	künstlerisch	_	_	
161-24	83974-83977	wie	_	_	
161-25	83978-83989	kommerziell	_	_	
161-26	83990-83993	ein	_	_	
161-27	83994-84000	Erfolg	_	_	
161-28	84001-84007	werden	_	_	
161-29	84008-84009	.	_	_	

#Text=Und alle anderen , die ihre Zelte in der Hansestadt aufschlagen wollen , bräuchten sich doch nur an das großzügige Einwanderungsgesetz zu halten .
163-1	84764-84767	Und	_	_	
163-2	84768-84772	alle	_	_	
163-3	84773-84780	anderen	_	_	
163-4	84781-84782	,	_	_	
163-5	84783-84786	die	_	_	
163-6	84787-84791	ihre	_	_	
163-7	84792-84797	Zelte	*->82-1	non-literal-mwe[82]	
163-8	84798-84800	in	_	_	
163-9	84801-84804	der	_	_	
163-10	84805-84815	Hansestadt	_	_	
163-11	84816-84827	aufschlagen	*->82-2	*[82]	
163-12	84828-84834	wollen	_	_	
163-13	84835-84836	,	_	_	
163-14	84837-84846	bräuchten	_	_	
163-15	84847-84851	sich	_	_	
163-16	84852-84856	doch	_	_	
163-17	84857-84860	nur	_	_	
163-18	84861-84863	an	_	_	
163-19	84864-84867	das	_	_	
163-20	84868-84878	großzügige	_	_	
163-21	84879-84898	Einwanderungsgesetz	_	_	
163-22	84899-84901	zu	_	_	
163-23	84902-84908	halten	_	_	
163-24	84909-84910	.	_	_	

#Text=Ihre siebenköpfige Familie hat hier seit 40 Jahren ihr Zelt aufgeschlagen .
165-1	85297-85301	Ihre	_	_	
165-2	85302-85315	siebenköpfige	_	_	
165-3	85316-85323	Familie	_	_	
165-4	85324-85327	hat	_	_	
165-5	85328-85332	hier	_	_	
165-6	85333-85337	seit	_	_	
165-7	85338-85340	40	_	_	
165-8	85341-85347	Jahren	_	_	
165-9	85348-85351	ihr	_	_	
165-10	85352-85356	Zelt	*->83-1	non-literal-mwe[83]	
165-11	85357-85370	aufgeschlagen	*->83-2	*[83]	
165-12	85371-85372	.	_	_	

#Text=Eine Woche lang ist das schräge Stück ab heute auf den Osterdeichwiesen zu erleben , wo die Narrenkarawane ihre Zelte aufgeschlagen hat .
167-1	85771-85775	Eine	_	_	
167-2	85776-85781	Woche	_	_	
167-3	85782-85786	lang	_	_	
167-4	85787-85790	ist	_	_	
167-5	85791-85794	das	_	_	
167-6	85795-85802	schräge	_	_	
167-7	85803-85808	Stück	_	_	
167-8	85809-85811	ab	_	_	
167-9	85812-85817	heute	_	_	
167-10	85818-85821	auf	_	_	
167-11	85822-85825	den	_	_	
167-12	85826-85842	Osterdeichwiesen	_	_	
167-13	85843-85845	zu	_	_	
167-14	85846-85853	erleben	_	_	
167-15	85854-85855	,	_	_	
167-16	85856-85858	wo	_	_	
167-17	85859-85862	die	_	_	
167-18	85863-85877	Narrenkarawane	_	_	
167-19	85878-85882	ihre	_	_	
167-20	85883-85888	Zelte	*->84-1	literal[84]	
167-21	85889-85902	aufgeschlagen	*->84-2	*[84]	
167-22	85903-85906	hat	_	_	
167-23	85907-85908	.	_	_	

#Text=Berufsnarren , Pantomimen , Tänzer , Akrobaten und Clowns haben ab morgen bis 20 . Januar ihre Zelte im Tagungszentrum Berlin-Mitte aufgeschlagen .
169-1	86675-86687	Berufsnarren	_	_	
169-2	86688-86689	,	_	_	
169-3	86690-86700	Pantomimen	_	_	
169-4	86701-86702	,	_	_	
169-5	86703-86709	Tänzer	_	_	
169-6	86710-86711	,	_	_	
169-7	86712-86721	Akrobaten	_	_	
169-8	86722-86725	und	_	_	
169-9	86726-86732	Clowns	_	_	
169-10	86733-86738	haben	_	_	
169-11	86739-86741	ab	_	_	
169-12	86742-86748	morgen	_	_	
169-13	86749-86752	bis	_	_	
169-14	86753-86755	20	_	_	
169-15	86756-86757	.	_	_	
169-16	86758-86764	Januar	_	_	
169-17	86765-86769	ihre	_	_	
169-18	86770-86775	Zelte	*->85-1	literal[85]	
169-19	86776-86778	im	_	_	
169-20	86779-86793	Tagungszentrum	_	_	
169-21	86794-86806	Berlin-Mitte	_	_	
169-22	86807-86820	aufgeschlagen	*->85-2	*[85]	
169-23	86821-86822	.	_	_	

#Text=Zuvor hatte man sich in Trebel getroffen , wo jetzt die Bewohner des geräumten Hüttendorfes ihre Zelte aufgeschlagen haben : " das Castornix im Exil " .
171-1	87483-87488	Zuvor	_	_	
171-2	87489-87494	hatte	_	_	
171-3	87495-87498	man	_	_	
171-4	87499-87503	sich	_	_	
171-5	87504-87506	in	_	_	
171-6	87507-87513	Trebel	_	_	
171-7	87514-87523	getroffen	_	_	
171-8	87524-87525	,	_	_	
171-9	87526-87528	wo	_	_	
171-10	87529-87534	jetzt	_	_	
171-11	87535-87538	die	_	_	
171-12	87539-87547	Bewohner	_	_	
171-13	87548-87551	des	_	_	
171-14	87552-87561	geräumten	_	_	
171-15	87562-87574	Hüttendorfes	_	_	
171-16	87575-87579	ihre	_	_	
171-17	87580-87585	Zelte	*->86-1	literal[86]	
171-18	87586-87599	aufgeschlagen	*->86-2	*[86]	
171-19	87600-87605	haben	_	_	
171-20	87606-87607	:	_	_	
171-21	87608-87609	"	_	_	
171-22	87610-87613	das	_	_	
171-23	87614-87623	Castornix	_	_	
171-24	87624-87626	im	_	_	
171-25	87627-87631	Exil	_	_	
171-26	87632-87633	"	_	_	
171-27	87634-87635	.	_	_	

#Text=Der Mann aus Faenza , bester Juniorenspieler , hat seine Zelte trotz Heimweh artig in Wien und Monte Carlo aufgeschlagen und darf sich jetzt immerhin darüber freuen , daß seine Landsleute , für die ein anständiger Ball immer mit dem Fuß und nicht mit dem Schläger befördert wird , von seiner ersten Finalteilnahme in Kenntnis gesetzt wurden : Das Sportblatt schlechthin , Gazzetta dello sport , hat den verlorenen Sohn Andrea Gaudenzi via Telefon zum Interview gebeten .
173-1	88008-88011	Der	_	_	
173-2	88012-88016	Mann	_	_	
173-3	88017-88020	aus	_	_	
173-4	88021-88027	Faenza	_	_	
173-5	88028-88029	,	_	_	
173-6	88030-88036	bester	_	_	
173-7	88037-88052	Juniorenspieler	_	_	
173-8	88053-88054	,	_	_	
173-9	88055-88058	hat	_	_	
173-10	88059-88064	seine	_	_	
173-11	88065-88070	Zelte	*->87-1	non-literal-mwe[87]	
173-12	88071-88076	trotz	_	_	
173-13	88077-88084	Heimweh	_	_	
173-14	88085-88090	artig	_	_	
173-15	88091-88093	in	_	_	
173-16	88094-88098	Wien	_	_	
173-17	88099-88102	und	_	_	
173-18	88103-88108	Monte	_	_	
173-19	88109-88114	Carlo	_	_	
173-20	88115-88128	aufgeschlagen	*->87-2	*[87]	
173-21	88129-88132	und	_	_	
173-22	88133-88137	darf	_	_	
173-23	88138-88142	sich	_	_	
173-24	88143-88148	jetzt	_	_	
173-25	88149-88157	immerhin	_	_	
173-26	88158-88165	darüber	_	_	
173-27	88166-88172	freuen	_	_	
173-28	88173-88174	,	_	_	
173-29	88175-88178	daß	_	_	
173-30	88179-88184	seine	_	_	
173-31	88185-88195	Landsleute	_	_	
173-32	88196-88197	,	_	_	
173-33	88198-88201	für	_	_	
173-34	88202-88205	die	_	_	
173-35	88206-88209	ein	_	_	
173-36	88210-88221	anständiger	_	_	
173-37	88222-88226	Ball	_	_	
173-38	88227-88232	immer	_	_	
173-39	88233-88236	mit	_	_	
173-40	88237-88240	dem	_	_	
173-41	88241-88244	Fuß	_	_	
173-42	88245-88248	und	_	_	
173-43	88249-88254	nicht	_	_	
173-44	88255-88258	mit	_	_	
173-45	88259-88262	dem	_	_	
173-46	88263-88271	Schläger	_	_	
173-47	88272-88281	befördert	_	_	
173-48	88282-88286	wird	_	_	
173-49	88287-88288	,	_	_	
173-50	88289-88292	von	_	_	
173-51	88293-88299	seiner	_	_	
173-52	88300-88306	ersten	_	_	
173-53	88307-88321	Finalteilnahme	_	_	
173-54	88322-88324	in	_	_	
173-55	88325-88333	Kenntnis	_	_	
173-56	88334-88341	gesetzt	_	_	
173-57	88342-88348	wurden	_	_	
173-58	88349-88350	:	_	_	
173-59	88351-88354	Das	_	_	
173-60	88355-88365	Sportblatt	_	_	
173-61	88366-88377	schlechthin	_	_	
173-62	88378-88379	,	_	_	
173-63	88380-88388	Gazzetta	_	_	
173-64	88389-88394	dello	_	_	
173-65	88395-88400	sport	_	_	
173-66	88401-88402	,	_	_	
173-67	88403-88406	hat	_	_	
173-68	88407-88410	den	_	_	
173-69	88411-88421	verlorenen	_	_	
173-70	88422-88426	Sohn	_	_	
173-71	88427-88433	Andrea	_	_	
173-72	88434-88442	Gaudenzi	_	_	
173-73	88443-88446	via	_	_	
173-74	88447-88454	Telefon	_	_	
173-75	88455-88458	zum	_	_	
173-76	88459-88468	Interview	_	_	
173-77	88469-88476	gebeten	_	_	
173-78	88477-88478	.	_	_	

#Text=" Leicht mulmig in der Magengegend " wird es Berninger dennoch , wenn er daran denkt , nach dem ersten Staatsexamen im Herbst tatsächlich seine Zelte in Bonn aufschlagen zu müssen .
175-1	89275-89276	"	_	_	
175-2	89277-89283	Leicht	_	_	
175-3	89284-89290	mulmig	_	_	
175-4	89291-89293	in	_	_	
175-5	89294-89297	der	_	_	
175-6	89298-89309	Magengegend	_	_	
175-7	89310-89311	"	_	_	
175-8	89312-89316	wird	_	_	
175-9	89317-89319	es	_	_	
175-10	89320-89329	Berninger	_	_	
175-11	89330-89337	dennoch	_	_	
175-12	89338-89339	,	_	_	
175-13	89340-89344	wenn	_	_	
175-14	89345-89347	er	_	_	
175-15	89348-89353	daran	_	_	
175-16	89354-89359	denkt	_	_	
175-17	89360-89361	,	_	_	
175-18	89362-89366	nach	_	_	
175-19	89367-89370	dem	_	_	
175-20	89371-89377	ersten	_	_	
175-21	89378-89390	Staatsexamen	_	_	
175-22	89391-89393	im	_	_	
175-23	89394-89400	Herbst	_	_	
175-24	89401-89412	tatsächlich	_	_	
175-25	89413-89418	seine	_	_	
175-26	89419-89424	Zelte	*->88-1	non-literal-mwe[88]	
175-27	89425-89427	in	_	_	
175-28	89428-89432	Bonn	_	_	
175-29	89433-89444	aufschlagen	*->88-2	*[88]	
175-30	89445-89447	zu	_	_	
175-31	89448-89454	müssen	_	_	
175-32	89455-89456	.	_	_	

#Text=Dafür müssen sie allerdings bereit sein , künftig an einem anderen der sechs VW-Standorte in Deutschland ihre Zelte aufzuschlagen .
1	_	Dafür	_	_	
2	_	müssen	_	_	
3	_	sie	_	_	
4	_	allerdings	_	_	
5	_	bereit	_	_	
6	_	sein	_	_	
7	_	,	_	_	
8	_	künftig	_	_	
9	_	an	_	_	
10	_	einem	_	_	
11	_	anderen	_	_	
12	_	der	_	_	
13	_	sechs	_	_	
14	_	VW-Standorte	_	_	
15	_	in	_	_	
16	_	Deutschland	_	_	
17	_	ihre	_	_	
18	_	Zelte	*->89-1	non-literal-mwe[89]	
19	_	aufzuschlagen	*->89-2	*[89]	
20	_	.	_	_	

#Text=Damals waren die Stämme aus allen Teilen des Landes in Omdurman zusammengekommen , um dort ihre Zelte aufzuschlagen , und das von den Briten besetzte Khartum am jenseitigen Ufer zu belagern und am Ende zu erobern .
1	_	Damals	_	_	
2	_	waren	_	_	
3	_	die	_	_	
4	_	Stämme	_	_	
5	_	aus	_	_	
6	_	allen	_	_	
7	_	Teilen	_	_	
8	_	des	_	_	
9	_	Landes	_	_	
10	_	in	_	_	
11	_	Omdurman	_	_	
12	_	zusammengekommen	_	_	
13	_	,	_	_	
14	_	um	_	_	
15	_	dort	_	_	
16	_	ihre	_	_	
17	_	Zelte	*->90-1	both[90]	
18	_	aufzuschlagen	*->90-2	*[90]	
19	_	,	_	_	
20	_	und	_	_	
21	_	das	_	_	
22	_	von	_	_	
23	_	den	_	_	
24	_	Briten	_	_	
25	_	besetzte	_	_	
26	_	Khartum	_	_	
27	_	am	_	_	
28	_	jenseitigen	_	_	
29	_	Ufer	_	_	
30	_	zu	_	_	
31	_	belagern	_	_	
32	_	und	_	_	
33	_	am	_	_	
34	_	Ende	_	_	
35	_	zu	_	_	
36	_	erobern	_	_	
37	_	.	_	_	

#Text=Die Magnetschnellbahn Planungsgesellschaft GmbH hat im Oktober vergangenen Jahres bereits ihre Zelte in Schwerin und dann in Hamburg aufgeschlagen , heute soll ein Büro in Reinickendorf an der Nonnendammallee eröffnet werden .
181-1	92137-92140	Die	_	_	
181-2	92141-92158	Magnetschnellbahn	_	_	
181-3	92159-92179	Planungsgesellschaft	_	_	
181-4	92180-92184	GmbH	_	_	
181-5	92185-92188	hat	_	_	
181-6	92189-92191	im	_	_	
181-7	92192-92199	Oktober	_	_	
181-8	92200-92211	vergangenen	_	_	
181-9	92212-92218	Jahres	_	_	
181-10	92219-92226	bereits	_	_	
181-11	92227-92231	ihre	_	_	
181-12	92232-92237	Zelte	*->91-1	non-literal-mwe[91]	
181-13	92238-92240	in	_	_	
181-14	92241-92249	Schwerin	_	_	
181-15	92250-92253	und	_	_	
181-16	92254-92258	dann	_	_	
181-17	92259-92261	in	_	_	
181-18	92262-92269	Hamburg	_	_	
181-19	92270-92283	aufgeschlagen	*->91-2	*[91]	
181-20	92284-92285	,	_	_	
181-21	92286-92291	heute	_	_	
181-22	92292-92296	soll	_	_	
181-23	92297-92300	ein	_	_	
181-24	92301-92305	Büro	_	_	
181-25	92306-92308	in	_	_	
181-26	92309-92322	Reinickendorf	_	_	
181-27	92323-92325	an	_	_	
181-28	92326-92329	der	_	_	
181-29	92330-92345	Nonnendammallee	_	_	
181-30	92346-92354	eröffnet	_	_	
181-31	92355-92361	werden	_	_	
181-32	92362-92363	.	_	_	

#Text=Tomislavgrad ( taz ) - In einem Talkessel in der Nähe von Tomislavgrad in der Westherzegowina haben die französischen Truppen ihre Zelte aufgeschlagen .
183-1	94576-94588	Tomislavgrad	_	_	
183-2	94589-94590	(	_	_	
183-3	94591-94594	taz	_	_	
183-4	94595-94596	)	_	_	
183-5	94597-94598	-	_	_	
183-6	94599-94601	In	_	_	
183-7	94602-94607	einem	_	_	
183-8	94608-94617	Talkessel	_	_	
183-9	94618-94620	in	_	_	
183-10	94621-94624	der	_	_	
183-11	94625-94629	Nähe	_	_	
183-12	94630-94633	von	_	_	
183-13	94634-94646	Tomislavgrad	_	_	
183-14	94647-94649	in	_	_	
183-15	94650-94653	der	_	_	
183-16	94654-94669	Westherzegowina	_	_	
183-17	94670-94675	haben	_	_	
183-18	94676-94679	die	_	_	
183-19	94680-94693	französischen	_	_	
183-20	94694-94701	Truppen	_	_	
183-21	94702-94706	ihre	_	_	
183-22	94707-94712	Zelte	*->92-1	literal[92]	
183-23	94713-94726	aufgeschlagen	*->92-2	*[92]	
183-24	94727-94728	.	_	_	

#Text=Heruntergetraut haben sie sich erst wieder , als Anfang März die ersten unabhängigen " Friedensbeobachter " ihre Zelte im Dorf aufschlugen .
185-1	95138-95153	Heruntergetraut	_	_	
185-2	95154-95159	haben	_	_	
185-3	95160-95163	sie	_	_	
185-4	95164-95168	sich	_	_	
185-5	95169-95173	erst	_	_	
185-6	95174-95180	wieder	_	_	
185-7	95181-95182	,	_	_	
185-8	95183-95186	als	_	_	
185-9	95187-95193	Anfang	_	_	
185-10	95194-95198	März	_	_	
185-11	95199-95202	die	_	_	
185-12	95203-95209	ersten	_	_	
185-13	95210-95222	unabhängigen	_	_	
185-14	95223-95224	"	_	_	
185-15	95225-95243	Friedensbeobachter	_	_	
185-16	95244-95245	"	_	_	
185-17	95246-95250	ihre	_	_	
185-18	95251-95256	Zelte	*->93-1	literal[93]	
185-19	95257-95259	im	_	_	
185-20	95260-95264	Dorf	_	_	
185-21	95265-95276	aufschlugen	*->93-2	*[93]	
185-22	95277-95278	.	_	_	

#Text=Sie gastierten bereits in Amsterdam und München und haben jetzt für zwei Wochen auf dem Potsdamer Platz ihr strahlendweißes Zelt aufgeschlagen .
187-1	95781-95784	Sie	_	_	
187-2	95785-95795	gastierten	_	_	
187-3	95796-95803	bereits	_	_	
187-4	95804-95806	in	_	_	
187-5	95807-95816	Amsterdam	_	_	
187-6	95817-95820	und	_	_	
187-7	95821-95828	München	_	_	
187-8	95829-95832	und	_	_	
187-9	95833-95838	haben	_	_	
187-10	95839-95844	jetzt	_	_	
187-11	95845-95848	für	_	_	
187-12	95849-95853	zwei	_	_	
187-13	95854-95860	Wochen	_	_	
187-14	95861-95864	auf	_	_	
187-15	95865-95868	dem	_	_	
187-16	95869-95878	Potsdamer	_	_	
187-17	95879-95884	Platz	_	_	
187-18	95885-95888	ihr	_	_	
187-19	95889-95904	strahlendweißes	_	_	
187-20	95905-95909	Zelt	*->94-1	literal[94]	
187-21	95910-95923	aufgeschlagen	*->94-2	*[94]	
187-22	95924-95925	.	_	_	

#Text=Und nun bietet man Ihnen an , daß Sie in Ihrem eigenen Hinterhof ein Zelt aufschlagen dürfen .
189-1	97226-97229	Und	_	_	
189-2	97230-97233	nun	_	_	
189-3	97234-97240	bietet	_	_	
189-4	97241-97244	man	_	_	
189-5	97245-97250	Ihnen	_	_	
189-6	97251-97253	an	_	_	
189-7	97254-97255	,	_	_	
189-8	97256-97259	daß	_	_	
189-9	97260-97263	Sie	_	_	
189-10	97264-97266	in	_	_	
189-11	97267-97272	Ihrem	_	_	
189-12	97273-97280	eigenen	_	_	
189-13	97281-97290	Hinterhof	_	_	
189-14	97291-97294	ein	_	_	
189-15	97295-97299	Zelt	*->95-1	literal[95]	
189-16	97300-97311	aufschlagen	*->95-2	*[95]	
189-17	97312-97318	dürfen	_	_	
189-18	97319-97320	.	_	_	

#Text=Auch die Fernsehsender haben an jeder Ecke ihre Zelte aufgeschlagen : " Und hier ist er : Max Schautzer !
191-1	98674-98678	Auch	_	_	
191-2	98679-98682	die	_	_	
191-3	98683-98696	Fernsehsender	_	_	
191-4	98697-98702	haben	_	_	
191-5	98703-98705	an	_	_	
191-6	98706-98711	jeder	_	_	
191-7	98712-98716	Ecke	_	_	
191-8	98717-98721	ihre	_	_	
191-9	98722-98727	Zelte	*->96-1	non-literal-mwe[96]	
191-10	98728-98741	aufgeschlagen	*->96-2	*[96]	
191-11	98742-98743	:	_	_	
191-12	98744-98745	"	_	_	
191-13	98746-98749	Und	_	_	
191-14	98750-98754	hier	_	_	
191-15	98755-98758	ist	_	_	
191-16	98759-98761	er	_	_	
191-17	98762-98763	:	_	_	
191-18	98764-98767	Max	_	_	
191-19	98768-98777	Schautzer	_	_	
191-20	98778-98779	!	_	_	

#Text=Am Ende sind es etwa dreitausend Menschen , die ihre Zelte und Tipis auf der Wiese und in den angrenzenden Waldstreifen aufgeschlagen haben .
193-1	99620-99622	Am	_	_	
193-2	99623-99627	Ende	_	_	
193-3	99628-99632	sind	_	_	
193-4	99633-99635	es	_	_	
193-5	99636-99640	etwa	_	_	
193-6	99641-99652	dreitausend	_	_	
193-7	99653-99661	Menschen	_	_	
193-8	99662-99663	,	_	_	
193-9	99664-99667	die	_	_	
193-10	99668-99672	ihre	_	_	
193-11	99673-99678	Zelte	*->97-1	literal[97]	
193-12	99679-99682	und	_	_	
193-13	99683-99688	Tipis	_	_	
193-14	99689-99692	auf	_	_	
193-15	99693-99696	der	_	_	
193-16	99697-99702	Wiese	_	_	
193-17	99703-99706	und	_	_	
193-18	99707-99709	in	_	_	
193-19	99710-99713	den	_	_	
193-20	99714-99726	angrenzenden	_	_	
193-21	99727-99739	Waldstreifen	_	_	
193-22	99740-99753	aufgeschlagen	*->97-2	*[97]	
193-23	99754-99759	haben	_	_	
193-24	99760-99761	.	_	_	

#Text=Um die großen Kulturdörfer - Bremer Theater , Philharmonusche Gesellschaft , Kunstverein - haben sich Kulturbeduinen niedergelassen und ihre Zelte aufgeschlagen .
195-1	100387-100389	Um	_	_	
195-2	100390-100393	die	_	_	
195-3	100394-100400	großen	_	_	
195-4	100401-100413	Kulturdörfer	_	_	
195-5	100414-100415	-	_	_	
195-6	100416-100422	Bremer	_	_	
195-7	100423-100430	Theater	_	_	
195-8	100431-100432	,	_	_	
195-9	100433-100448	Philharmonusche	_	_	
195-10	100449-100461	Gesellschaft	_	_	
195-11	100462-100463	,	_	_	
195-12	100464-100475	Kunstverein	_	_	
195-13	100476-100477	-	_	_	
195-14	100478-100483	haben	_	_	
195-15	100484-100488	sich	_	_	
195-16	100489-100503	Kulturbeduinen	_	_	
195-17	100504-100518	niedergelassen	_	_	
195-18	100519-100522	und	_	_	
195-19	100523-100527	ihre	_	_	
195-20	100528-100533	Zelte	*->98-1	non-literal-mwe[98]	
195-21	100534-100547	aufgeschlagen	*->98-2	*[98]	
195-22	100548-100549	.	_	_	

#Text=Das Versprechen wurde nun mit Hilfe aller Medien in die deutsche Welt hinaustrompetet : Er komme ohne Lisa Presley , seine Frau werde in einem Kölner Hotel eine ganze Suite belegen , zudem würden seine Fans mit Getränken versorgt , wenn sie ihre Zelte vor der Herberge aufgeschlagen haben .
197-1	101123-101126	Das	_	_	
197-2	101127-101138	Versprechen	_	_	
197-3	101139-101144	wurde	_	_	
197-4	101145-101148	nun	_	_	
197-5	101149-101152	mit	_	_	
197-6	101153-101158	Hilfe	_	_	
197-7	101159-101164	aller	_	_	
197-8	101165-101171	Medien	_	_	
197-9	101172-101174	in	_	_	
197-10	101175-101178	die	_	_	
197-11	101179-101187	deutsche	_	_	
197-12	101188-101192	Welt	_	_	
197-13	101193-101208	hinaustrompetet	_	_	
197-14	101209-101210	:	_	_	
197-15	101211-101213	Er	_	_	
197-16	101214-101219	komme	_	_	
197-17	101220-101224	ohne	_	_	
197-18	101225-101229	Lisa	_	_	
197-19	101230-101237	Presley	_	_	
197-20	101238-101239	,	_	_	
197-21	101240-101245	seine	_	_	
197-22	101246-101250	Frau	_	_	
197-23	101251-101256	werde	_	_	
197-24	101257-101259	in	_	_	
197-25	101260-101265	einem	_	_	
197-26	101266-101272	Kölner	_	_	
197-27	101273-101278	Hotel	_	_	
197-28	101279-101283	eine	_	_	
197-29	101284-101289	ganze	_	_	
197-30	101290-101295	Suite	_	_	
197-31	101296-101303	belegen	_	_	
197-32	101304-101305	,	_	_	
197-33	101306-101311	zudem	_	_	
197-34	101312-101318	würden	_	_	
197-35	101319-101324	seine	_	_	
197-36	101325-101329	Fans	_	_	
197-37	101330-101333	mit	_	_	
197-38	101334-101343	Getränken	_	_	
197-39	101344-101352	versorgt	_	_	
197-40	101353-101354	,	_	_	
197-41	101355-101359	wenn	_	_	
197-42	101360-101363	sie	_	_	
197-43	101364-101368	ihre	_	_	
197-44	101369-101374	Zelte	*->99-1	literal[99]	
197-45	101375-101378	vor	_	_	
197-46	101379-101382	der	_	_	
197-47	101383-101391	Herberge	_	_	
197-48	101392-101405	aufgeschlagen	*->99-2	*[99]	
197-49	101406-101411	haben	_	_	
197-50	101412-101413	.	_	_	

#Text=Wo das Temprodrom in der Zwischenzeit seine Zelte aufschlagen kann , ist nach wie vor unklar .
199-1	102030-102032	Wo	_	_	
199-2	102033-102036	das	_	_	
199-3	102037-102047	Temprodrom	_	_	
199-4	102048-102050	in	_	_	
199-5	102051-102054	der	_	_	
199-6	102055-102067	Zwischenzeit	_	_	
199-7	102068-102073	seine	_	_	
199-8	102074-102079	Zelte	*->100-1	literal[100]	
199-9	102080-102091	aufschlagen	*->100-2	*[100]	
199-10	102092-102096	kann	_	_	
199-11	102097-102098	,	_	_	
199-12	102099-102102	ist	_	_	
199-13	102103-102107	nach	_	_	
199-14	102108-102111	wie	_	_	
199-15	102112-102115	vor	_	_	
199-16	102116-102122	unklar	_	_	
199-17	102123-102124	.	_	_	

